alt_01D0_x_interp,alt_01D0_trend,altMPI_01D0_x_interp,altMPI_01D0_trend,asc_01D0_x_interp,asc_01D0_trend,ato_01D0_x_interp,ato_01D0_trend,azr_01D0_x_interp,azr_01D0_trend,bal_01D0_x_interp,bal_01D0_trend,bikMPI_01D0_x_interp,bikMPI_01D0_trend,brw_01D0_x_interp,brw_01D0_trend,brwIMAU_01D0_x_interp,brwIMAU_01D0_trend,bsc_01D0_x_interp,bsc_01D0_trend,cba_01D0_x_interp,cba_01D0_trend,cgo_01D0_x_interp,cgo_01D0_trend,cgoIMAU_01D0_x_interp,cgoIMAU_01D0_trend,cvoMPI_01D0_x_interp,cvoMPI_01D0_trend,eom_01D0_x_interp,eom_01D0_trend,gvnMPI_01D0_x_interp,gvnMPI_01D0_trend,gvnIMAU_01D0_x_interp,gvnIMAU_01D0_trend,jfjMPI_01D0_x_interp,jfjMPI_01D0_trend,kjnMPI_01D0_x_interp,kjnMPI_01D0_trend,kum_01D0_x_interp,kum_01D0_trend,lef_01D0_x_interp,lef_01D0_trend,mhd_01D0_x_interp,mhd_01D0_trend,mlo_01D0_x_interp,mlo_01D0_trend,mloIMAU_01D0_x_interp,mloIMAU_01D0_trend,namMPI_01D0_x_interp,namMPI_01D0_trend,nyaNIPR_01D0_x_interp,nyaNIPR_01D0_trend,oxkMPI_01D0_x_interp,oxkMPI_01D0_trend,sisMPI_01D0_x_interp,sisMPI_01D0_trend,smo_01D0_x_interp,smo_01D0_trend,smoIMAU_01D0_x_interp,smoIMAU_01D0_trend,spo_01D0_x_interp,spo_01D0_trend,syoNIPR_01D0_x_interp,syoNIPR_01D0_trend,vrsMPI_01D0_x_interp,vrsMPI_01D0_trend,zep_01D0_x_interp,zep_01D0_trend,zepIMAU_01D0_x_interp,zepIMAU_01D0_trend,zotMPI_01D0_x_interp,zotMPI_01D0_trend
2005.300462329,-83.08023582346354,2011.050994,-84.61103093214614,2005.316086377,-69.40498300178723,2021.690282,-100.45241957664264,2005.111472603,-81.09270510391396,2004.822518215,-92.36366740051247,2012.5397,-88.25259136634676,2005.249221842,-87.21672194881961,2022.208219,-94.74824591585765,2005.198021309,-87.48544210746516,2005.342104262,-83.21764406326673,2005.27408105,-68.39968182678514,2023.084932,-79.86550065451716,2011.075634,-81.8390088326226,2006.938552,-74.50720236071626,2018.001598,-72.69917781436277,1988.56011,-80.55685957701182,2012.646761,-74.85157834924905,2014.762207,-86.3027051112819,2005.333774734,-78.23564540125508,2005.281495434,-88.35498295211929,2005.201141553,-83.9059702393075,2005.262595129,-77.04809946411338,2022.756164,-85.53255108559274,2013.212185,-69.15671250140129,2005.66106,-83.1956650821709,2012.716975,-89.1994188632475,2010.94781,-85.80734403752193,2005.257460046,-68.83331269702158,2022.10411,-76.89731877021168,2005.112749239,-65.64924389603883,1995.17156,-78.88054459763903,2020.066736,-87.61461976344918,2008.312259032,-86.05635682177194,2012.71311,-85.66501938558127,2010.136152,-89.63157634491516
2005.319431126,-83.08647309481282,2011.173969,-84.79579421083824,2005.354452055,-69.42612895421644,2021.709447,-100.57507678115623,2005.245719178,-81.0234696845659,2005.474077245,-86.45357006403869,2012.580768,-88.2298894354274,2005.26293379,-87.18722695317433,2022.208219,-94.74824591585765,2005.217380137,-87.7357411341513,2005.349969559,-83.23368568922078,2005.397264079,-68.45511366700602,2023.09863,-79.82289984838111,2011.08516,-81.84482561275132,2006.938636,-74.50761153618939,2018.036734,-72.66144886616222,1992.11749,-79.5826673112028,2012.68355,-75.00439057128365,2014.781372,-86.32696032272375,2005.429539574,-78.12047556036318,2005.338928843,-88.1636895954117,2005.220766743,-83.88164297549862,2005.339288432,-76.8354253036481,2022.756164,-85.53255108559274,2013.214009,-69.16111076000927,2005.6834,-83.2088890335901,2012.736254,-89.17058094692811,2010.961614,-85.80869517247523,2005.301160578,-68.82807647993094,2022.10411,-76.89731877021168,2005.125827626,-65.66245370907602,1995.27555,-78.75553923242894,2020.173512,-87.91104847931966,2008.331367638,-85.80552686310747,2012.73224,-85.66053409195719,2010.144365,-89.61164045407936
2005.377049087,-83.10454032730621,2011.215265,-84.88062586292256,2005.379394977,-69.43959080792283,2021.728612,-100.69773398567128,2005.264726027,-81.02038485591511,2005.501263318,-86.34379618944986,2012.595655,-88.22166006838742,2005.306078767,-87.09492521356519,2022.219178,-94.68756168818999,2005.236558219,-87.98370321420832,2005.361101598,-83.25638998198183,2005.413751903,-68.45944463798777,2023.09863,-79.82289984838111,2011.093373,-81.84984064688905,2006.938716,-74.50800122711624,2018.098507,-72.5989231348523,1992.61202,-78.61379195739043,2013.339266,-79.01282964372594,2014.816736,-86.37262659682195,2005.467897641,-78.07416685905903,2005.358150685,-88.10197948734331,2005.379252283,-83.7010119335699,2005.358439878,-76.7812179731574,2023.309589,-85.60031395327638,2013.214694,-69.16276251831324,2005.72408,-83.23034511938616,2013.353754,-88.23915619810153,2010.980779,-85.81021601542416,2005.320576484,-68.8252939569237,2022.556164,-78.62857657034127,2005.131337519,-65.66801897154949,1995.35775,-78.65537142621868,2020.192677,-87.9646975205436,2008.388807301,-85.06570493074017,2012.74044,-85.65803244255576,2010.152693,-89.59142541707986
2005.396636225,-83.11015683166048,2011.248005,-84.95672280751533,2005.392893836,-69.44676993844182,2021.747777,-100.82039119018486,2005.28390411,-81.01727223583245,2005.512214612,-86.3021834613478,2013.080768,-89.0644947997518,2005.325268265,-87.05566568813484,2022.219178,-94.68756168818999,2005.25553653,-88.22381995733731,2005.426982496,-83.38893663873772,2005.565036149,-68.48560417537199,2023.136986,-79.70318807413447,2011.112424,-81.8610437325751,2006.938796,-74.50839091804197,2018.131703,-72.56729618043244,1992.84426,-77.98329819733382,2013.452715,-79.78203729024548,2014.837213,-86.39969397527422,2005.492631279,-78.04408431089944,2005.377355403,-88.04247495744991,2005.414973364,-83.66402418519877,2005.377635084,-76.72621497822314,2023.309589,-85.60031395327638,2013.215151,-69.16386449429149,2005.74099,-83.2381367016585,2013.372805,-88.22467477156206,2011.023387,-85.81156315568813,2005.375302511,-68.81711621657307,2022.556164,-78.62857657034127,2005.150401446,-65.68727447388513,1995.4509,-78.53410049332571,2020.211842,-88.01840821592535,2008.407881755,-84.82702999109165,2012.75137,-85.65469337451722,2010.178645,-89.52837578720205
2005.418173516,-83.11597960726003,2011.284452,-85.04865973309468,2005.398401826,-69.44963794528165,2021.768139,-100.95065399773003,2005.59086758,-81.12871022695501,2005.53293379,-86.23246334309037,2013.109344,-89.16685309739847,2005.382802511,-86.94053582781365,2022.542466,-93.16089981904335,2005.274733638,-88.459708383633,2005.475974125,-83.48444091477816,2005.73716895,-68.5006231883514,2023.20274,-79.49557827026325,2011.126113,-81.8688691240396,2006.938876,-74.5087806089688,2018.158853,-72.54225417529753,1993.4411,-76.59444661039586,2013.491045,-80.0334425346083,2014.856492,-86.42613351532779,2005.50917618,-78.02373829533893,2005.415664003,-87.92709744822045,2005.727283105,-83.33396221252346,2005.377657915,-76.7261494213946,2023.331507,-85.57300241998185,2013.259469,-69.2742002880322,2005.77937,-83.25341120232538,2013.467204,-88.18169447780643,2011.039471,-85.81132167266757,2005.391590563,-68.81460996204638,2022.589041,-78.73375425143065,2005.161898782,-65.69907216018372,1995.5961,-78.33558703919786,2020.231007,-88.07217405745901,2008.446142608,-84.35898945224291,2012.75956,-85.65161165224744,2010.518025,-88.77541504529653
2005.434453957,-83.12010560969999,2011.323011,-85.15432633176215,2005.455802892,-69.47848723428851,2021.787304,-101.07303849797628,2005.610045662,-81.14328170229354,2005.534141933,-86.22841670046787,2013.181726,-89.44438400125847,2005.383390411,-86.93938449126341,2022.542466,-93.16089981904335,2005.293997336,-88.6964150482955,2005.484415906,-83.50035837575246,2005.819075342,-68.51536641881948,2023.20274,-79.49557827026325,2011.265402,-81.92462036468068,2006.938956,-74.50917029989566,2018.189711,-72.51459207140374,1993.57808,-76.40508791690873,2013.530573,-80.28579531119985,2014.876228,-86.45329479514686,2005.525684932,-78.00343378741346,2005.451223364,-87.82440666787133,2005.760711568,-83.29241338327606,2005.396835997,-76.67097966426896,2023.331507,-85.57300241998185,2013.259698,-69.27479883252468,2005.79856,-83.25967850497466,2013.48614,-88.17842933779698,2011.061374,-85.81018874722645,2005.43239726,-68.80841725545113,2022.608219,-78.7941750528306,2005.161908295,-65.69908193166974,1995.78252,-78.06194272790748,2020.306127,-88.283028158303,2008.465372647,-84.13158996912217,2012.77049,-85.64748973446082,2010.523501,-88.76537593061566
2005.472792998,-83.12833926601996,2011.36231,-85.27037369889322,2005.475028539,-69.48752792614877,2021.806469,-101.19542299822398,2005.667579909,-81.18836856047177,2005.549391172,-86.18257074307725,2013.195415,-89.49918677838357,2005.402214612,-86.90251939407098,2022.542466,-93.16089981904335,2005.313099315,-88.92007635711468,2005.497888128,-83.52576102099044,2005.841219559,-68.52212757687073,2023.20274,-79.49557827026325,2011.270991,-81.9259147013907,2006.939034,-74.50955024854935,2018.214694,-72.49274343203933,1993.65205,-76.32009669315748,2013.569017,-80.52268208230798,2014.894936,-86.47996773488185,2005.547408676,-77.97622437379343,2005.473251522,-87.763266129569,2005.773820396,-83.27522161876679,2005.454349315,-76.50278551722948,2023.389041,-85.49365883147627,2013.297343,-69.37806688865545,2005.81783,-83.2650111764937,2013.506503,-88.17770554031107,2011.077687,-85.8088044304161,2005.531035008,-68.79703190700833,2022.608219,-78.7941750528306,2005.17005898,-65.70745408593136,1995.85101,-77.95821680770598,2020.325292,-88.33669206987149,2008.485048573,-83.89891777317473,2012.77869,-85.64381674342214,2010.534224,-88.74596154263025
2005.511130137,-83.13443632033355,2011.47884,-85.65480476324775,2005.507876712,-69.50215917777066,2021.825634,-101.31780749847022,2005.686748478,-81.20380739647399,2005.55761796,-86.15866090713877,2013.236483,-89.66415958080759,2005.459509132,-86.79407306981996,2022.542466,-93.16089981904335,2005.33238204,-89.14405269468371,2005.514197108,-83.55601634505892,2005.860197869,-68.52792210794208,2023.20274,-79.49557827026325,2011.281829,-81.92772743979756,2006.93911,-74.50992045492991,2018.239449,-72.47150349848565,1994.2274,-76.01759730689221,2013.605579,-80.74087518222913,2014.914215,-86.50751140405055,2005.563839422,-77.95564454353948,2005.527968037,-87.6162249811281,2005.801027397,-83.23954059875516,2005.492695967,-76.3890410496021,2023.389041,-85.49365883147627,2013.31685,-69.43556062877443,2005.83947,-83.26975119243896,2013.525554,-88.17921873497878,2011.09554,-85.80659548405055,2005.545038052,-68.7961281230534,2022.610959,-78.80262907803764,2005.189307458,-65.72722558085712,1995.94142,-77.81881000551992,2020.345312,-88.39265417444109,2008.599233455,-82.63765608794512,2012.79781,-85.63464861723449,2010.544833,-88.72724106808575
2005.588078387,-83.13816265154539,2011.520877,-85.8039670990342,2005.565391933,-69.52478030069116,2021.843259,-101.43027553659313,2005.725095129,-81.23427900286345,2005.568517884,-86.12970028403778,2013.250172,-89.72016640562802,2005.459952435,-86.7932548068929,2022.561644,-93.08869048700332,2005.351560122,-89.36293739179023,2005.717161339,-83.87535011669759,2005.9343379,-68.55875887004684,2023.20274,-79.49557827026325,2011.290042,-81.92898858156627,2006.939186,-74.51029066131046,2018.262093,-72.45237146851645,1994.51507,-75.93686441347901,2013.644023,-80.96243457085868,2014.954199,-86.56656226247712,2005.698200152,-77.77827447960141,2005.569151446,-87.51098765136545,2005.908694825,-83.07912044919892,2005.511879756,-76.3316139147545,2023.408219,-85.46489232442276,2013.337213,-69.49741105429749,2005.85591,-83.27249286439952,2013.563884,-88.1877385553398,2011.111739,-85.80406272537506,2005.545078006,-68.7961255443438,2022.610959,-78.80262907803764,2005.200372907,-65.73869092568609,1996.09185,-77.58853853869641,2020.34554,-88.39328974818466,2008.618463494,-82.4355525751602,2012.80874,-85.62894727077004,2010.552818,-88.71316708605671
2005.626259513,-83.13506418054733,2011.556355,-85.93204933955231,2005.571033105,-69.52672004500869,2021.862424,-101.55234665635255,2005.782648402,-81.27836287428184,2005.598671994,-86.06009329310167,2013.2897,-89.8818971167118,2005.487579909,-86.74225912733134,2022.561644,-93.08869048700332,2005.370633562,-89.57126558619272,2005.725190259,-83.88534208768355,2005.948445586,-68.56700821915516,2023.224658,-79.42578424549363,2011.301108,-81.93039186959373,2006.939268,-74.51069009451045,2018.286619,-72.43189972092362,1996.11749,-74.7166390612892,2013.680813,-81.16612690523465,2014.969827,-86.59040382826072,2005.736480213,-77.72505066851745,2005.588293379,-87.4637592726527,2005.913508371,-83.07158842772347,2005.550192161,-76.21648858715687,2023.408219,-85.46489232442276,2013.356606,-69.55901690679563,2005.87505,-83.27464897839697,2013.583505,-88.19586611218993,2011.136494,-85.799195443971,2005.586491629,-68.79466275175528,2022.641096,-78.89561409907876,2005.247399163,-65.78744935583069,1996.61906,-76.85771780220456,2020.345883,-88.39424589640349,2008.665253112,-81.96531175304297,2012.82787,-85.6176056715351,2010.561146,-88.69906513585632
2005.626274734,-83.1350625629662,2011.590407,-86.05584769602028,2005.584570015,-69.53137477708378,2021.881589,-101.67441777611343,2005.801826484,-81.29178610758218,2005.668660578,-85.95551918982503,2013.317078,-89.99400219402521,2005.48766172,-86.74210811795787,2022.580822,-93.02013886171322,2005.389916286,-89.7818796691311,2005.733333333,-83.8954761230387,2005.964902968,-68.57717853967038,2023.224658,-79.42578424549363,2011.348849,-81.93121270640036,2006.939348,-74.51107978543729,2018.316736,-72.40701799262888,1997.07945,-75.41594192936252,2013.719142,-81.36562263321022,2015.009583,-86.6518156901215,2005.813245814,-77.6150343295303,2005.607431507,-87.41654161916185,2005.957420091,-82.99684754026306,2005.550228311,-76.21637973068083,2023.465753,-85.3653728372261,2013.408739,-69.73475080853686,2005.89138,-83.27566560242103,2013.600902,-88.20452951002198,2011.150526,-85.79588325736933,2005.698635845,-68.80327013623588,2022.728767,-79.15213687299247,2005.287473364,-65.82888588225336,1996.96071,-76.42880159247078,2020.362424,-88.44035565643533,2008.695630313,-81.67311721802758,2012.84699,-85.60489077994448,2010.571641,-88.68129376609755
2005.645711568,-83.13175244516236,2011.631817,-86.20588524442005,2005.685958904,-69.55739164547686,2021.900754,-101.79648889587287,2005.821004566,-81.30520934088254,2005.747895738,-85.92534037864765,2013.330768,-90.0500588273958,2005.498023212,-86.72298254296653,2022.580822,-93.02013886171322,2005.40913242,-89.98199417909099,2005.74446347,-83.9083703080877,2005.989121005,-68.59214478390899,2023.238356,-79.3819233405536,2011.359915,-81.92998484873348,2006.939431,-74.51148408977329,2018.342574,-72.38581242063266,1998.0411,-75.50126234072106,2013.75867,-81.56081714264583,2015.032285,-86.68751663454626,2005.832486682,-77.5869707706556,2005.626584855,-87.37046750305313,2005.965658295,-82.98282552796105,2005.588593988,-76.10050385063302,2023.484932,-85.32756197790955,2013.572668,-70.36126900600077,2005.90794,-83.27600658278553,2013.620067,-88.21581894737844,2011.178645,-85.7878760550053,2005.720624049,-68.8080135990101,2022.728767,-79.15213687299247,2005.331872146,-65.87424300664742,1997.08937,-76.26516526848533,2020.383985,-88.50024442487405,2008.713930631,-81.5003126574626,2012.86612,-85.59080281643831,2010.57974,-88.66796323038967
2005.645730594,-83.13174898662523,2011.706481,-86.46881604725834,2005.7,-69.55962551947822,2022.090179,-102.99629254138824,2005.840182648,-81.31780338345627,2005.75212519,-85.92591301574548,2013.373033,-90.22091274340535,2005.498611111,-86.72189738009494,2022.6,-92.9521968084103,2005.428281963,-90.17764293199164,2005.763694825,-83.92995518379671,2006.005549848,-68.60387111692562,2023.238356,-79.3819233405536,2011.432182,-81.91126276624982,2007.062948,-75.1112603015039,2018.364477,-72.3678710205229,1998.15068,-75.36338452216266,2013.796886,-81.73885261055669,2015.056469,-86.72646822068786,2005.870768645,-77.5304042549751,2005.68423516,-87.23429751432614,2006.042399163,-82.83931332346936,2005.624233257,-75.99260261385638,2023.484932,-85.32756197790955,2013.595769,-70.45554775275387,2005.95493,-83.27260091177966,2013.639346,-88.22998042697324,2011.19781,-85.78144116887049,2005.739811644,-68.81216738409174,2022.745205,-79.19811315702208,2005.342732116,-65.88527502377956,1997.28651,-76.01446723377914,2020.403149,-88.55327580616623,2008.831692092,-80.47471227783066,2012.88525,-85.5753613689749,2010.589836,-88.65160782294232
2005.665203577,-83.12751314927037,2011.81993,-86.82364710066098,2005.705422374,-69.5604881943224,2022.147674,-103.35797032302702,2005.859360731,-81.32829390029958,2005.761727549,-85.92786430478968,2013.400412,-90.33085038635326,2005.517273592,-86.68760467571046,2022.6,-92.9521968084103,2005.447526636,-90.37218015799739,2005.829708904,-83.99274556381818,2006.060606925,-68.64910334224952,2023.260274,-79.31164522709835,2011.454085,-81.90129365678847,2007.063026,-75.11163623179786,2018.389917,-72.34700427973705,1999.03562,-74.42453030337217,2013.87212,-82.05528678336007,2015.067078,-86.74355544270952,2005.928304795,-77.44455481192387,2005.722572298,-87.14600146833087,2006.179223744,-82.55157302459538,2005.703651065,-75.75293988759431,2023.564384,-85.1576323053279,2013.603982,-70.48908768193634,2005.97156,-83.26999863947684,2013.658511,-88.24570903991598,2011.217204,-85.7741019835463,2005.767161339,-68.8205473303762,2022.745205,-79.19811315702208,2005.364381659,-65.90677621565922,1998.05923,-75.43245350144059,2020.420774,-88.60186680851513,2008.848009639,-80.34457177425861,2012.90437,-85.5585902480968,2010.59805,-88.63842309327653
2005.665226408,-83.12750714623249,2011.856948,-86.92188645179372,2005.718835616,-69.56229793874132,2022.459104,-105.28440577056294,2006.377054795,-81.03240176724567,2005.790483257,-85.94188293137726,2013.414101,-90.38401833804537,2005.582943303,-86.5675437263749,2022.6,-92.9521968084103,2005.466571537,-90.5532173071492,2005.848902207,-84.0074389446668,2006.109509132,-68.69892245371788,2023.334247,-79.07229632829416,2011.462413,-81.89696130394,2007.063102,-75.11200252285354,2018.414557,-72.32669967830816,1999.4411,-74.62473164661996,2013.910564,-82.1972546508119,2015.090521,-86.78211013604277,2005.947446728,-77.41592578881371,2005.741723744,-87.10231894992133,2006.195776256,-82.51436082931646,2005.722840563,-75.69536759656162,2023.564384,-85.1576323053279,2013.617101,-70.5430573253285,2005.9937,-83.26527315024958,2013.67625,-88.2615820954148,2011.238992,-85.7648158760799,2005.794600457,-68.83001279910519,2022.745205,-79.19811315702208,2005.370319635,-65.91267253617697,1998.12772,-75.4316498393375,2020.431383,-88.63094197729096,2008.886323619,-80.04818225605842,2012.9235,-85.5404955168496,2010.609001,-88.62150430274566
2005.684583333,-83.12236917285168,2011.973136,-87.15377372435398,2005.724343607,-69.56295719962219,2022.786962,-107.23107293137272,2006.390839041,-81.00557312425522,2005.798601598,-85.94754587671272,2013.456366,-90.54705258936322,2005.651417428,-86.44068416759778,2022.6,-92.9521968084103,2005.60087519,-91.70671228377314,2005.862442922,-84.01727229304558,2006.139648021,-68.73435410106941,2023.334247,-79.07229632829416,2011.497891,-81.87513281166612,2007.06318,-75.1123784531475,2018.436745,-72.30827691199127,1999.99178,-74.7906653433825,2013.991159,-82.45693443179067,2015.122919,-86.83601447822626,2005.966609589,-77.38732222501802,2005.760939878,-87.05882286385771,2006.23413242,-82.42651800339193,2005.799562405,-75.46896535018166,2023.643836,-84.95861078654616,2013.625885,-70.57919341402061,2006.00995,-83.26103240559351,2013.714352,-88.30262681799466,2011.275668,-85.74681089453286,2005.819244673,-68.8399102804321,2022.745205,-79.19811315702208,2005.370338661,-65.91269142870775,1998.20991,-75.44856994849269,2020.439939,-88.65435565774574,2008.905320279,-79.90919084859692,2012.94262,-85.52112487976432,2010.61961,-88.60521179333068
2005.705842846,-83.11494030685023,2012.01004,-87.19914758111679,2005.738013699,-69.56448439844762,2022.789015,-107.24299444286727,2006.415410959,-80.9577481495981,2005.819292237,-85.96455079580518,2013.483745,-90.64727008209687,2005.652045282,-86.43951102860488,2022.630137,-92.8522075977711,2005.619977169,-91.8475150826513,2005.91755137,-84.04810796311082,2006.156563927,-68.7552672356929,2023.350685,-79.01865338332496,2011.515516,-81.86208270506697,2007.063256,-75.11274474420209,2018.462527,-72.28665468421752,2001.23562,-73.69790628743367,2014.025097,-82.55113243415713,2015.142541,-86.8690054022784,2005.988515982,-77.35465452837637,2005.895176941,-86.75790915939993,2006.25336758,-82.38182650070904,2005.818723364,-75.41336030401588,2023.643836,-84.95861078654616,2013.633985,-70.6125156269544,2006.02844,-83.25528348221255,2013.733402,-88.32538308095452,2011.292666,-85.73729139264408,2005.8769121,-68.86845272483183,2022.772603,-79.27303102175253,2005.381227169,-65.92350355275948,1998.31665,-75.47966947498463,2020.447696,-88.6755828572881,2008.924449757,-79.76922766184687,2012.96175,-85.50048216236212,2010.628395,-88.59231864867176
2005.70585997,-83.1149343230866,2012.053617,-87.23246596193545,2005.76538242,-69.56646236368353,2022.956366,-108.1967839219954,2006.453767123,-80.87633746141294,2005.82901446,-85.9737203891599,2013.497434,-90.69693135554937,2005.689733638,-86.36754552852491,2022.630137,-92.8522075977711,2005.639136225,-91.98873860240329,2005.923318113,-84.0506848175729,2006.175487062,-68.77866190753349,2023.350685,-79.01865338332496,2011.534795,-81.8460847386609,2007.063336,-75.11313031373433,2018.486825,-72.26599648405033,2002.69589,-72.01994597516047,2014.063541,-82.64302541995872,2015.168493,-86.91330709371739,2006.013245814,-77.31802618712096,2005.914478691,-86.71464990537581,2006.29423516,-82.28588442310054,2005.837895738,-75.35852760583622,2023.643836,-84.95861078654616,2013.644936,-70.65765945255144,2006.048,-83.24834811001672,2013.753879,-88.35215794703818,2011.31377,-85.72465052825501,2005.895576484,-68.87957847739112,2022.772603,-79.27303102175253,2005.413957382,-65.95499879670533,1998.3687,-75.50280553193176,2020.459104,-88.70658449594877,2008.943736718,-79.63659039024353,2012.98087,-85.47863031392401,2010.635923,-88.58127031708456
2005.727773973,-83.10578127287232,2012.085274,-87.24368332941445,2005.822945205,-69.56682645663638,2022.975531,-108.30390554487391,2006.472945205,-80.83425095505544,2005.838599696,-85.98388371500651,2013.664101,-91.21614899902781,2005.7280879,-86.29245206316773,2022.657534,-92.76627888071883,2005.696641933,-92.36982613089856,2005.936339422,-84.05615686515902,2006.205742009,-68.82209808181464,2023.350685,-79.01865338332496,2011.553846,-81.82874700103618,2007.063414,-75.11350624402829,2018.511979,-72.24427083490349,2003.71507,-72.8842810079448,2014.18355,-82.85882707982752,2015.300537,-87.14434905562135,2006.024233257,-77.30175322804216,2005.936251903,-86.66583310420103,2006.313356164,-82.24057442283826,2005.876305175,-75.2502047030381,2023.643836,-84.95861078654616,2013.678874,-70.79737794320766,2006.0645,-83.24183344075053,2013.773044,-88.37906370575311,2011.327345,-85.7159907293523,2005.917513318,-68.89289355358598,2022.772603,-79.27303102175253,2005.41396309,-65.95500428925067,1998.47829,-75.55558182753641,2020.478269,-88.7585426555897,2009.039316971,-79.02899882497526,2013.0,-85.45558641690121,2010.64756,-88.56476433012638
2005.741552511,-83.09944391463124,2012.123604,-87.24011853823575,2005.839383562,-69.56604203750824,2023.012321,-108.50954105260445,2006.492123288,-80.79216444650395,2005.848183029,-85.99502309952516,2013.678988,-91.25494257090415,2005.74739726,-86.25333305451173,2022.657534,-92.76627888071883,2005.735017123,-92.59808342753256,2005.944710807,-84.05871576670678,2006.243759513,-68.87854865587917,2023.350685,-79.01865338332496,2011.570273,-81.81272523398725,2007.063494,-75.11389181356053,2018.536619,-72.22259733979782,2004.15574,-72.5551169010571,2014.297,-82.96434057564875,2015.317421,-87.17444758456274,2006.046078767,-77.2698476718874,2005.952598935,-86.62905356128935,2006.332667428,-82.19474074384605,2005.876314688,-75.25017810779147,2023.643836,-84.95861078654616,2013.69781,-70.87507718739637,2006.08322,-83.23376757583657,2013.792095,-88.40707634607575,2011.351473,-85.69956746548966,2005.936582953,-68.90606737210288,2022.786301,-79.30991620821817,2005.419611872,-65.96043934645274,1998.54131,-75.59298279410024,2020.497434,-88.80998604311257,2009.058508371,-78.916916417328,2013.03836,-85.40598794260758,2010.656116,-88.55287882312565
2005.741571537,-83.09943369915197,2012.171003,-87.2085368925326,2005.891400304,-69.56085570105508,2023.087441,-108.92432678589182,2006.547012938,-80.66172007662487,2005.856223364,-86.00436894853458,2013.709104,-91.32570898882649,2005.785648782,-86.17390268414596,2022.684932,-92.68470845336346,2005.754223744,-92.70243091955092,2006.002530441,-84.07093543679147,2006.263122146,-68.91084396734732,2023.378082,-78.92912313879674,2011.587898,-81.79370591711248,2007.063572,-75.11426774385448,2018.56126,-72.2004893246776,2004.80874,-70.87871782488179,2014.374858,-82.99247425045883,2015.343145,-87.22033521825227,2006.062515221,-77.24584208876807,2005.971866438,-86.58567216981369,2006.404119102,-82.02565773320946,2005.91462519,-75.14486591228633,2023.643836,-84.95861078654616,2013.719371,-70.96293621830571,2006.10517,-83.22339708217405,2013.811374,-88.43685302172031,2011.368128,-85.68753645961567,2005.950363394,-68.91558727265777,2022.786301,-79.30991620821817,2005.454590944,-65.99277042834792,1998.66459,-75.66941520540614,2020.517797,-88.86424350093789,2009.096925419,-78.7105568555114,2013.05753,-85.37961192579377,2010.666496,-88.53880061239656
2005.763523592,-83.08764715639722,2012.209218,-87.16365847444453,2005.948972603,-69.55096337834595,,,2006.566200533,-80.61524457714606,2005.865827626,-86.01702886016065,2013.803389,-91.50891726632712,2005.823934551,-86.09135605901524,2022.684932,-92.68470845336346,2005.88847032,-93.29495978167729,2006.021489726,-84.07140384171676,2006.299084855,-68.97089556612265,2023.378082,-78.92912313879674,2011.612538,-81.76498626380759,2007.063654,-75.114662952625,2018.585388,-72.17837595981683,2005.0274,-70.40104269847275,2014.413188,-82.99334207106872,2015.408739,-87.33762281604082,2006.081660959,-77.2184542914513,2006.010393836,-86.49859476757615,2006.412328767,-82.00652292994225,2005.914634703,-75.14483993964646,2023.676712,-84.86768479655682,2013.735912,-71.02969469730759,2006.12474,-83.21345303284745,2013.830653,-88.46848059151378,2011.392655,-85.66862594663472,2005.967245053,-68.9280046788354,2022.805479,-79.36035693495198,2005.460673516,-65.9982694523683,1998.7824,-75.74873018864254,2020.556127,-88.96509130205905,2009.252987062,-78.0468720084723,2013.07671,-85.35222680241473,2010.673512,-88.529608781794
2005.763540715,-83.0876379626806,2012.284338,-87.02274182186517,2005.968864155,-69.54663521445399,,,2006.588013699,-80.56107760828506,2005.89608067,-86.06031063668053,2013.817078,-91.52813903897648,2005.881546804,-85.95768661905315,2022.69589,-92.65333126571835,2005.907648402,-93.35198240210636,2006.032246956,-84.07166960804257,2006.334581431,-69.03714332750188,2023.39726,-78.86624868240501,2011.770877,-81.51768814118748,2007.063734,-75.11504852215724,2018.609001,-72.15625209747614,2005.24658,-70.09494726721562,2014.449977,-82.9882379330503,2015.690053,-87.82036168995549,2006.100842846,-77.19101558552754,2006.029480594,-86.45533035417074,2006.491875951,-81.82493240882991,2005.933788052,-75.09355114241836,2023.676712,-84.86768479655682,2013.759583,-71.12442801076457,2006.14671,-83.201557699946,2013.848164,-88.49807594461262,2011.412048,-85.65283712921487,2006.049583333,-68.99636361043198,2022.805479,-79.36035693495198,2005.50690449,-66.03836008915773,1998.88663,-75.82276330477663,2020.592917,-89.0598855949555,2009.338066971,-77.80579317756386,2013.09589,-85.32391811110999,2010.684235,-88.51557143405786
2005.780138889,-83.07733186798434,2012.322668,-86.92328064628455,2005.974257991,-69.54540173435718,,,2006.607191781,-80.51345414223181,2005.905669711,-86.07493270451438,2013.859344,-91.58475957436886,2005.895350076,-85.9235752009053,2022.723288,-92.57862344544202,2005.926855023,-93.4090898781826,2006.040235921,-84.07080197919598,2006.372943303,-69.11120093602992,2023.39726,-78.86624868240501,2011.781829,-81.49680657857449,2007.063817,-75.11544855054635,2018.633756,-72.13252025768055,2005.90411,-70.13037091857139,2014.491159,-82.97695030857223,2015.701347,-87.83816778760469,2006.120062785,-77.16427713366149,2006.048573059,-86.41194707309195,2006.513337139,-81.77709835856948,2005.933799467,-75.09352081610936,2023.715068,-84.75472886494771,2013.778178,-71.19769693038879,2006.1631,-83.19227778512933,2013.867672,-88.5320327721975,2011.429787,-85.63776313115751,2006.07364726,-69.01887911980211,2022.805479,-79.36035693495198,2005.534493912,-66.06118576658153,1999.09485,-75.975266081858,2020.612082,-89.10851529955906,2009.384592846,-77.71128515263766,2013.11507,-85.29474145944938,2010.694958,-88.50238776262842
2005.780184551,-83.07730277876439,2012.35672,-86.81997361672616,2006.006678082,-69.53737962225732,,,2006.626455479,-80.46555836821655,2005.915258752,-86.09066327641473,2013.997434,-91.67652063644564,2005.939197108,-85.81260919506265,2022.723288,-92.57862344544202,2005.946023592,-93.4594602071337,2006.05168379,-84.06950567518423,2006.44390411,-69.25982136551042,2023.413699,-78.81224479178422,2011.806583,-81.44824455560675,2007.094249,-75.26211920056326,2018.658283,-72.10843046321172,2006.0137,-70.21470073297566,2014.527835,-82.96260016851346,2015.720969,-87.86910379327814,2006.142178463,-77.1336541287397,2006.067897641,-86.3680019588231,2006.579280822,-81.63956680414,2005.952987062,-75.0425450005899,2023.715068,-84.75472886494771,2013.795175,-71.26363704578658,2006.18232,-83.1809953501076,2013.886608,-88.56651039333758,2011.443476,-85.6255487734557,2006.092939498,-69.03708876885176,2022.824658,-79.409899571996,2005.585989346,-66.10001589988067,1999.13868,-76.00783831437701,2020.631247,-89.15640408474319,2009.40363965,-77.6783592523919,2013.13425,-85.26476745144319,2010.706366,-88.48839047141766
2005.799385464,-83.06447141838166,2012.400526,-86.67050916878367,2006.012728311,-69.53571928460434,,,2006.722260274,-80.2276194518025,2005.934436834,-86.12289959052458,2014.012321,-91.67902345762019,2005.952792998,-85.77633601359312,2022.723288,-92.57862344544202,2005.965125571,-93.50096803736244,2006.0595586,-84.06861396793333,2006.50972793,-69.40745725562937,2023.435616,-78.74009953121684,2011.837898,-81.38406692832302,2007.094327,-75.26249513085723,2018.682182,-72.08438248148549,2006.28767,-70.43162255547475,2014.566165,-82.94341584804614,2015.739906,-87.89794987751786,2006.177608447,-77.08608232034764,2006.089769787,-86.31816765275676,2006.604004947,-81.59176454958055,2005.972153729,-74.99318120557179,2023.734247,-84.69687313067108,2013.805899,-71.30482651752385,2006.19839,-83.17133322766587,2013.905773,-88.60211843618782,2011.461043,-85.60948975036497,2006.112376332,-69.05646073450538,2022.863014,-79.50548591091766,2005.621708524,-66.12456773124411,1999.21265,-76.06331237124998,2020.686859,-89.29200531558791,2009.441936834,-77.63042521300558,2013.1726,-85.20272478126766,2010.721994,-88.47044838431351
2005.823991629,-83.0459236016139,2012.437201,-86.52980609754299,2006.026208143,-69.53202007377689,,,2006.741438356,-80.18080826978674,2005.944044901,-86.14002738981281,2014.262321,-91.56765564048231,2005.974714612,-85.71785020040038,2022.723288,-92.57862344544202,2005.984436834,-93.54293063328542,2006.070996956,-84.06656502983938,2006.526255708,-69.44554030642486,2023.435616,-78.74009953121684,2011.918493,-81.20586178152371,2007.094407,-75.26288070038946,2018.709104,-72.05660577613122,2006.61644,-70.62584038151259,2014.641399,-82.89773966744373,2015.838012,-88.0399718928239,2006.215873288,-77.03687966284966,2006.106149163,-86.28084907888267,2006.620395738,-81.56007417575265,2005.972172755,-74.99313220560008,2023.734247,-84.69687313067108,2013.830425,-71.39716700113857,2006.22066,-83.1577178438653,2013.92625,-88.64096492022614,2011.538901,-85.53198861947101,2006.11250761,-69.05659157437917,2022.882192,-79.55145811656973,2005.621719939,-66.12457503109555,1999.30295,-76.13105682976257,2020.687316,-89.29309950758342,2009.461177702,-77.61256534420716,2013.19178,-85.17078735964732,2010.738764,-88.45207655170225
2005.837621766,-83.03437319334928,2012.475531,-86.37010691728887,2006.044863014,-69.52664801907692,,,2006.760730594,-80.13454033490969,2005.950903729,-86.15225426430624,2014.276011,-91.55522579356494,2006.015831431,-85.59998095868214,2022.734247,-92.54973916531065,2006.003500761,-93.57068543787513,2006.090041857,-84.06184749186158,2006.603015601,-69.62712597869269,2023.454795,-78.67681644425059,2011.93492,-81.16773343447618,2007.094485,-75.26325663068343,2018.73055,-72.03392160822713,2006.72603,-70.65068068068206,2014.716405,-82.84816025755498,2015.857405,-88.06574602744426,2006.235136986,-77.01335403052781,2006.125414764,-86.23695926845446,2006.642503805,-81.52077114297418,2005.991333714,-74.9442701224941,2023.753425,-84.63628166807761,2013.853412,-71.48152832487754,2006.24199,-83.14454954449688,2013.945643,-88.67858624296963,2011.614135,-85.44890922450428,2006.123236301,-69.067284459525,2022.882192,-79.55145811656973,2005.649691781,-66.14246292337455,1999.3824,-76.18760420815657,2020.689825,-89.2991067892378,2009.480312024,-77.6002367469916,2013.21096,-85.1383505455087,2010.750571,-88.43954151129603
2005.837642694,-83.03435545860876,2012.510154,-86.21573879772365,2006.064003044,-69.52091752404642,,,2006.779908676,-80.09063603719345,2005.960445205,-86.1695949029741,2014.2897,-91.54240163047628,2006.034994292,-85.54357550447219,2022.764384,-92.47528764627148,2006.022659817,-93.59638438628032,2006.097844368,-84.05991476236272,2006.624680365,-69.679276827763,2023.463014,-78.6496711810112,2011.959675,-81.1093659815769,2007.094561,-75.2636229217391,2018.756617,-72.00571611729147,2006.89041,-70.65106861380285,2014.756046,-82.82260685863835,2015.914786,-88.13883823001586,2006.257087139,-76.98675283421494,2006.144552892,-86.19336023722566,2006.699657534,-81.4266485251388,2005.99135274,-74.94422281700065,2023.753425,-84.63628166807761,2013.873033,-71.55178701304263,2006.2585,-83.1343661586658,2013.964352,-88.71544459819388,2011.633185,-85.42698213586819,2006.254575723,-69.20687244883668,2022.939726,-79.68241785129585,2005.690359589,-66.1654224841238,1999.4509,-76.23593110410587,2020.725189,-89.38223057157349,2009.502273592,-77.5896125784516,2013.23014,-85.10549316563089,2010.773159,-88.41742615148094
2005.856938737,-83.01707012277392,2012.547913,-86.0381311815171,2006.069520548,-69.51921735396522,,,2006.81826484,-80.0028274417615,2005.972688356,-86.19252304491832,2014.359344,-91.47486716372386,2006.054356925,-85.48326956579834,2022.764384,-92.47528764627148,2006.061035008,-93.62650341060328,2006.119798326,-84.051662149338,2006.638637747,-69.71287466996006,2023.512329,-78.48648407060412,2011.978726,-81.06378029586783,2007.094637,-75.26398921279369,2018.781144,-71.9785227019008,2007.10959,-70.55968930130759,2014.794262,-82.7996187552321,2015.935034,-88.16262157844034,2006.273514079,-76.9678753703827,2006.163738584,-86.1498179231989,2006.733523592,-81.3763296990873,2006.010504186,-74.8966054196173,2023.772603,-84.57363648482433,2013.905659,-71.66371184168226,2006.27804,-83.12242172728672,2014.020192,-88.82708355323855,2011.664672,-85.39015777537078,2006.358563546,-69.31904893278177,2022.939726,-79.68241785129585,2005.704358828,-66.17235406357338,1999.53309,-76.2874045922463,2020.744354,-89.42604998218543,2009.540877093,-77.58650281388698,2013.24932,-85.07230071493858,2010.781258,-88.41011739913681
2005.856952055,-83.0170573795283,2012.584703,-85.85725853643966,2006.088670091,-69.51321766436908,,,2006.873059361,-79.88955601460371,2005.978139269,-86.20273114469515,2014.678988,-91.1962597394013,2006.07390411,-85.42238883021624,2022.764384,-92.47528764627148,2006.156820776,-93.58755415585154,2006.128099315,-84.04852079067899,2006.654980974,-69.75221565537737,2023.528767,-78.43194118028285,2011.992415,-81.0308144333717,2007.094715,-75.26436514308764,2018.805899,-71.95044321471687,2007.43836,-70.30394746457942,2014.832706,-82.77869021327567,2015.954199,-88.18488694287892,2006.350180746,-76.88583299969193,2006.221217656,-86.02007278320494,2006.75738204,-81.34689928332661,2006.010519406,-74.89656757721161,2023.772603,-84.57363648482433,2013.923284,-71.72089842869151,2006.2971,-83.11098749440808,2014.039586,-88.8660227304518,2011.714238,-85.33129376463528,2006.39141933,-69.35294015432244,2022.969863,-79.7461068712482,2005.704368341,-66.1723587738376,1999.62898,-76.34161589477606,2020.764717,-89.47186395671547,2009.625656393,-77.64781440569186,2013.26849,-85.03887233464359,2010.791981,-88.40044067961739
2005.875998858,-82.99881107349461,2012.703743,-85.23898801088313,2006.184560502,-69.48146549226013,,,2006.914155251,-79.81351045460472,2006.002929985,-86.25052724303039,2016.080768,-91.6030120455474,2006.101295662,-85.33245492888868,2022.764384,-92.47528764627148,2006.233732877,-93.43514771444102,2006.193702435,-84.01224575002837,2006.704223744,-69.8700391506455,2023.528767,-78.43194118028285,2011.997891,-81.01752867363221,2007.094789,-75.26472179490506,2018.830996,-71.9213377188495,2007.9863,-70.247496560802,2014.869496,-82.76113253681922,2015.976216,-88.20891355490346,2006.369360731,-76.86687177433281,2006.275979833,-85.89887672882277,2006.771575342,-81.3296947867546,2006.029687976,-74.84995659893391,2023.791781,-84.51099130157033,2013.942335,-71.78138229288683,2006.31603,-83.10002834456581,2014.058979,-88.9048727784264,2011.733745,-85.30799542839429,2006.410542237,-69.37190860489399,2022.969863,-79.7461068712482,2005.75310312,-66.19448760361567,1999.88115,-76.40594518272766,2020.783882,-89.51430751254624,2009.639520548,-77.66836197555166,2013.28767,-85.00526122812627,2010.800423,-88.39337731332326
2005.876015982,-82.998792792178,2012.736483,-85.06567729518267,2006.22292618,-69.4687089557813,,,2006.933333333,-79.77999881499932,2006.009680365,-86.2637376034886,2016.109344,-91.55567694513991,2006.101350837,-85.33226980073393,2022.783562,-92.43033406750888,2006.252796804,-93.3719391449868,2006.204861111,-84.00436701324804,2006.717945205,-69.90284612201508,2023.627397,-78.10423400470576,2012.034681,-80.92787352860668,2007.094863,-75.26507844672246,2018.853412,-71.89480751536522,2008.10929,-70.41884629575944,2014.907826,-82.7472084158697,2016.029776,-88.26370985545438,2006.388535008,-76.84956415856435,2006.297929985,-85.8512607176378,2006.809313166,-81.28970523965812,2006.029703196,-74.84992021745803,2023.791781,-84.51099130157033,2013.958762,-71.83149911262909,2006.33498,-83.08954623221665,2014.075064,-88.93673173254635,2011.751484,-85.28683358258577,2006.432990868,-69.39379217273002,2022.972603,-79.75179380533753,2005.753112633,-66.19449159949419,1999.95512,-76.39937237472928,2020.839836,-89.63340980768812,2009.672294521,-77.71972477440877,2013.30685,-84.97157210656376,2010.808636,-88.38664220375318
2005.895036149,-82.97848715697802,2012.814455,-84.66010341409465,2006.236615297,-69.46425745276233,,,2006.99086758,-79.69362509571037,2006.017897641,-86.2799664708825,2016.123147,-91.52795722644522,2006.120424277,-85.26827286814341,2022.783562,-92.43033406750888,2006.272108067,-93.30791050552544,2006.223645358,-83.9904904431032,2006.731790335,-69.93524749249073,2023.646575,-78.04047646690917,2012.048256,-80.89459495863186,2007.094943,-75.2654640162547,2018.878166,-71.86496021075136,2008.1776,-70.52750897416689,2014.985684,-82.73358358139733,2016.051564,-88.2836391410528,2006.410509893,-76.82997556231963,2006.35542618,-85.72996489266326,2006.831297565,-81.26966976783136,2006.048854642,-74.80414111889745,2023.830137,-84.37751982100468,2014.003765,-71.95902326006416,2006.35197,-83.080659039364,2014.09554,-88.97693581202608,2011.791981,-85.23884582043536,2006.451931126,-69.41144741863702,2022.986301,-79.7802243247383,2005.764699391,-66.19935854764348,2000.0536,-76.36798291043313,2020.844741,-89.64346583514886,2009.729699391,-77.84812510332374,2013.32603,-84.93789264919873,2010.819702,-88.37790310543477
2005.89505137,-82.97847090727456,2012.851359,-84.47560678807272,2006.261282344,-69.4564131073793,,,2007.010045662,-79.66720460901344,2006.030365297,-86.30458970806389,2016.184007,-91.3983567785518,2006.120504186,-85.26800475023227,2022.791781,-92.41239292516107,2006.291219559,-93.23622500541322,2006.231740868,-83.98429952586874,2006.838443683,-70.1772566182362,2023.646575,-78.04047646690917,2012.083962,-80.80699237327605,2007.095023,-75.26584958578692,2018.902807,-71.8346979642492,2008.23224,-70.63392593741514,2015.135809,-82.77425223776092,2016.087669,-88.31469525759603,2006.446067352,-76.80102486515717,2006.410150304,-85.62116788124082,2006.853196347,-81.25236616869157,2006.048877473,-74.80408654429246,2023.830137,-84.37751982100468,2014.147331,-72.2599210352744,2006.37076,-83.07146153483902,2014.11482,-89.01432871230513,2011.81126,-85.21627551426185,2006.509465373,-69.46103639168965,2022.986301,-79.7802243247383,2005.822193683,-66.21773019793791,2000.22027,-76.25694255693318,2020.859001,-89.6727010954117,2009.818156393,-78.11586450365807,2013.34521,-84.90431048621984,2010.844741,-88.3600077518344
2005.914695586,-82.95621296911514,2012.889574,-84.29189622381931,2006.280479452,-69.45049861130973,,,2007.029223744,-79.64533593472638,2006.039935312,-86.32361649249724,2016.300651,-91.08575060092777,2006.188538813,-85.0258094679329,2022.791781,-92.41239292516107,2006.310350076,-93.1535436845374,2006.242861492,-83.9748933545113,2006.849537671,-70.20059877022916,2023.780822,-77.59534225788424,2012.104439,-80.75690340065411,2007.095105,-75.26624479455745,2018.928531,-71.8025573897047,2008.29508,-70.78183755140219,2015.180927,-82.80617607789426,2016.161477,-88.36833983849097,2006.4844121,-76.77322546003207,2006.43206621,-85.5790348437827,2006.924743151,-81.21872733094281,2006.068032725,-74.75998454513143,2023.849315,-84.31010239933437,2014.153149,-72.2677923450255,2006.41515,-83.05321743420924,2014.152921,-89.08541363395848,2011.830425,-85.1940870868273,2006.531278539,-69.47842982809459,2022.986301,-79.7802243247383,2005.835302511,-66.22125724655524,2000.39229,-76.06988203224971,2020.859686,-89.6741054539867,,,2013.38356,-84.83782189911203,2010.853297,-88.35438813201216
2005.936657154,-82.92963028699023,2012.934692,-84.08651130470324,2006.299714612,-69.44481533839061,,,2007.0456621,-79.62955326938379,2006.049524353,-86.34268622329876,2016.370295,-90.86398046550563,2006.284861111,-84.64438954999082,2022.791781,-92.41239292516107,2006.329509132,-93.07073901925801,2006.300547945,-83.92186572640395,2007.172808219,-70.69468050324755,2023.780822,-77.59534225788424,2012.126228,-80.70388855617016,2007.19126,-75.71600679658762,2018.953971,-71.77026360194287,2008.36066,-70.93619852602434,2015.219257,-82.84027741710527,2016.22325,-88.40323051930369,2006.522751142,-76.74880375175641,2006.451314688,-85.54432850122284,2006.971118721,-81.21292333197057,2006.068049848,-74.7599453756846,2023.849315,-84.31010239933437,2014.2115,-72.33599509541881,2006.42863,-83.04864379491973,2014.23614,-89.22545053541717,2011.84805,-85.1739308968966,2006.548042237,-69.49023162241095,2022.986301,-79.7802243247383,2005.835308219,-66.22125878234418,2000.56442,-75.82884062028721,2020.878166,-89.71095359132406,,,2013.40274,-84.80507128774805,2010.864363,-88.34751845810071
2005.93667618,-82.9296057122474,2012.967432,-83.9480518279119,2006.313508371,-69.44093768328636,,,2007.067579909,-79.60850971463364,2006.068702435,-86.3806910009909,2016.453629,-90.57414996811863,2006.399355023,-84.14020959636078,2022.791781,-92.41239292516107,2006.348744292,-92.970911333134,2006.338761416,-83.88137387942858,2007.408261035,-70.74678446546625,2023.813699,-77.48689885596484,2012.13946,-80.67185820373282,2007.191334,-75.71635037452991,2018.977927,-71.73943392777028,2008.43716,-71.12817910752118,2015.255932,-82.87958765732893,2016.242758,-88.41191936823651,2006.544737443,-76.73668462490669,2006.470410959,-85.50991020347983,2007.007267884,-81.2164993782162,2006.087208904,-74.71641326441254,2023.906849,-84.09428539254698,2014.442677,-72.31172119580742,2006.45069,-83.04279111289587,2014.253765,-89.2518613681352,2011.865048,-85.15482704408491,2006.605507991,-69.52674870285952,2023.019178,-79.84362131992822,2005.847012938,-66.2240034034366,2000.78846,-75.47948778417759,2020.897331,-89.74853330212936,,,2013.42192,-84.7727785194812,2010.87212,-88.34305152574633
2005.9581621,-82.90183513751778,2013.01312,-83.76915015514322,2006.357210807,-69.42956779885672,,,2007.086757991,-79.59129774371242,2006.075561263,-86.39426173829594,2016.536962,-90.26602748868416,2006.456797945,-83.86961692474355,2022.813699,-92.3645485459228,2006.367922374,-92.86859296556263,2006.347070015,-83.87206428746232,2007.44402968,-70.73323475498495,2023.813699,-77.48689885596484,2012.159082,-80.62473481926503,2007.191414,-75.71672181014203,2019.00137,-71.70891874489462,2008.50273,-71.30424849157558,2015.294148,-82.92816052046392,2016.259469,-88.41923497669822,2006.583184932,-76.71731504959982,2006.508877473,-85.44553856423883,2007.026141553,-81.22426036664089,2006.087231735,-74.71636353495876,2023.906849,-84.09428539254698,2014.47017,-72.28004144328291,2006.489,-83.03727359335947,2014.330425,-89.34741727546725,2011.905773,-85.11043096798339,2006.624752664,-69.53690028620926,2023.019178,-79.84362131992822,2005.860821918,-66.22670226387697,2000.8924,-75.31781984874709,2020.937087,-89.82385589629303,,,2013.4411,-84.74102637954172,2010.8833,-88.33676920671044
2005.958177321,-82.90181377619881,2013.04529,-83.65591506479853,2006.370871385,-69.42638677767397,,,2007.144292237,-79.56181900650142,2006.085163623,-86.41309165965086,2016.603868,-90.01685122910877,2006.476048326,-83.7766725209922,2022.813699,-92.3645485459228,2006.406164384,-92.63979714009838,2006.358181126,-83.8596145459717,2007.490506088,-70.70339212337893,2023.830137,-77.43276071759742,2012.171231,-80.59592901254909,2007.191492,-75.71708395986492,2019.025554,-71.67713180879615,2008.56831,-71.4803447277556,2015.369382,-83.04069515349624,2016.351587,-88.44521587367552,2006.599512938,-76.7096640907813,2006.528053653,-85.41582129071664,2007.157562785,-81.32880095763171,2006.106388889,-74.67463628677429,2023.926027,-84.0173940793623,2014.483288,-72.26329022329962,2006.50832,-83.03691670135555,2014.367101,-89.38113237237937,2011.926364,-85.08885151578879,2006.649105784,-69.54794821103175,2023.019178,-79.84362131992822,2005.90446347,-66.2334888538616,2001.08115,-75.04149102536849,2021.011979,-89.956107528891,,,2013.46027,-84.70992046221963,2010.894822,-88.33105814897463
2005.971653349,-82.88290137016027,2013.120752,-83.43187841019956,2006.376369863,-69.42510664611841,,,2007.16347032,-79.55826738608259,2006.135778158,-86.5093408549869,2016.784224,-89.40128481434645,2006.511957763,-83.60189521507688,2022.841096,-92.31085802220503,2006.425418569,-92.51767233376181,2006.377283105,-83.83701743424957,2007.586440259,-70.6174476403225,2023.915068,-77.15476012214222,2012.182411,-80.56946820031877,2007.19157,-75.7174461095878,2019.050309,-71.64432801604968,2008.63388,-71.64788353479521,2015.41045,-83.11140680911423,2016.44861,-88.45267433560751,2006.618673896,-76.70215816135271,2006.547254566,-85.38693995188859,2007.176484018,-81.35111112362236,2006.10641172,-74.67458655732051,2023.926027,-84.0173940793623,2014.51734,-72.21388631160652,2006.54648,-83.04152111764404,2014.389004,-89.39772976580065,2011.945073,-85.06982292480997,2006.65723554,-69.55163631888458,2023.019178,-79.84362131992822,2005.915095129,-66.23481323925677,2001.17156,-74.91738853353932,2021.043008,-90.0074019692652,,,2013.49863,-84.64989891777718,2010.902465,-88.32726977766113
2005.971674277,-82.88287199957482,2013.159424,-83.3419264136624,2006.390039954,-69.42228504917597,,,2007.182648402,-79.5572623714826,2006.154965753,-86.54403305940882,2016.811603,-89.32267178554375,2006.55277968,-83.40041036121266,2022.879452,-92.24232827715223,2006.463755708,-92.24205746561718,2006.385253044,-83.82749267988648,2007.701957763,-70.47474438367017,2023.915068,-77.15476012214222,2012.190396,-80.55079277930975,2007.191648,-75.71780825931069,2019.077687,-71.60781154202242,2008.72678,-71.87656869865899,2015.44724,-83.18102445595215,2016.46766,-88.45148334930023,2006.637924277,-76.69462120454003,2006.601942542,-85.3139711009119,2007.384969559,-81.7370712681323,2006.125565068,-74.63380715664329,2023.983562,-83.78133861900145,2014.537076,-72.18250635901764,2006.58486,-83.05396868056633,2014.408283,-89.40899493527833,2011.95899,-85.05598747187148,2006.717404871,-69.56896483067749,2023.052055,-79.90273312226967,2005.936373668,-66.23625077532405,2001.35775,-74.67092101932508,2021.045404,-90.01130210740725,,,2013.51781,-84.62116660184302,2010.913644,-88.32255122030655
2005.990880898,-82.85531248192812,2013.201119,-83.2651057675134,2006.409646119,-69.41848877744634,,,2007.221014079,-79.55771486175358,2006.174181887,-86.57702966547106,2016.86482,-89.18459524830108,2006.571952055,-83.30469443163756,2022.879452,-92.24232827715223,2006.482905251,-92.09911768497675,2006.396092085,-83.81441123418082,2007.78891172,-70.34612218341128,2023.953425,-77.03013898016572,2012.203743,-80.51977969580108,2007.191724,-75.71816112314326,2019.103526,-71.573197686103,2008.78689,-72.02453710769986,2015.48557,-83.257845048464,2016.501598,-88.44824538932993,2006.678976408,-76.68161923161384,2006.643028919,-85.26860264853605,2007.623382801,-82.35311301304506,2006.144773592,-74.59417555035219,2023.983562,-83.78133861900145,2014.561146,-72.14019644741789,2006.60404,-83.06337672650946,2014.425793,-89.4173226005024,2011.989106,-85.02742769186172,2006.733881279,-69.57171705942892,2023.052055,-79.90273312226967,2005.956651446,-66.23741692071275,2001.50569,-74.47323529563452,2021.050309,-90.01928632175945,,,2013.53699,-84.59339155499443,2010.922713,-88.31877541882524
2005.990903729,-82.85527792442525,2013.359458,-83.16441442059026,2006.437138508,-69.41397155183365,,,2007.336044521,-79.62728209747779,2006.184994292,-86.59486771049264,2016.892198,-89.12410608432675,2006.61043379,-83.11249506588487,2022.879452,-92.24232827715223,2006.559560502,-91.43706848245692,2006.405136986,-83.80300348488093,2007.978137367,-70.03364199071432,2023.953425,-77.03013898016572,2012.262321,-80.38820705735577,2007.191802,-75.71852327286614,2019.130904,-71.53645379121686,2008.84699,-72.132346316831,2015.563427,-83.42485987632044,2016.526467,-88.44480675252312,2006.752912861,-76.66465976951679,2006.662187976,-85.25097174342942,2007.656582953,-82.44284290791329,2006.144790715,-74.59414022166213,2024.002732,-83.69977619978073,2014.633756,-71.99575456557548,2006.62358,-83.07558507429472,2014.445073,-89.42458677077565,2012.058751,-84.96828598683196,2006.777728311,-69.5745403521358,2023.065753,-79.92655050250079,2005.973112633,-66.23734554889349,2001.68651,-74.21747523842298,2021.054188,-90.02553618344234,,,2013.55616,-84.56666054064362,2010.933322,-88.31499888403083
2006.015778158,-82.81730371030675,2013.392312,-83.17985398176275,2006.450313927,-69.41204729288178,,,2007.393607306,-79.69298802493569,2006.212545662,-86.63778063918696,2017.434464,-89.54478367391904,2006.629967656,-83.01476466726955,2022.879452,-92.24232827715223,2006.578843227,-91.25995667230124,2006.434465373,-83.7655886298918,2008.019173118,-69.96384798265665,2023.983562,-76.93265732167086,2012.278863,-80.35269675275823,2007.191876,-75.71886685080841,2019.158397,-71.4995796299126,2008.9071,-72.23779865798568,2015.638547,-83.5967381601974,2016.545632,-88.44092536455403,2006.772144216,-76.6616246732108,2006.681392694,-85.23389393434707,2007.713422755,-82.59379935181752,2006.202294521,-74.48413806907993,2024.002732,-83.69977619978073,2014.659082,-71.94008006027495,2006.64237,-83.08975897444414,2014.483402,-89.4298838454298,2012.075406,-84.95576370161987,2006.791413623,-69.57476331578026,2023.065753,-79.92655050250079,2005.989387367,-66.2372749854904,2001.86471,-73.94935213920078,2021.057837,-90.03127212952481,,,2013.57534,-84.54102253213073,2010.944844,-88.3111095531947
2006.032182268,-82.79069624188813,2013.429102,-83.21347193905028,2006.456307078,-69.4113723697325,,,2007.470062785,-79.80472431603692,2006.22211758,-86.65184657875491,2017.461842,-89.64506252709162,2006.648563546,-82.92172708104297,2022.887671,-92.2286241679008,2006.598144977,-91.06657308684302,2006.443377093,-83.75383924455238,2008.035676609,-69.93577186118252,2023.983562,-76.93265732167086,2012.295632,-80.31756692784025,2007.191958,-75.7192475723119,2019.192335,-71.45427301256817,2008.94809,-72.30970834795338,2015.713667,-83.77189252974516,2016.560006,-88.43800827963034,2006.791261416,-76.65860939256486,2006.697846271,-85.22246596003127,2007.730022831,-82.63680679392415,2006.202305936,-74.4841173128474,2024.027322,-83.5924935197351,2014.695415,-71.85567079294609,2006.66162,-83.10668731822605,2014.523044,-89.4251756406327,2012.09554,-84.94147207127752,2006.810519406,-69.57222031544259,2023.090411,-79.96615389420496,2006.003797565,-66.23671696638958,2002.04279,-73.68608905052483,2021.061831,-90.03755038895287,,,2013.59452,-84.5165643761587,2010.9534,-88.30871104993638
2006.053976408,-82.7538976431466,2013.467318,-83.2631193169196,2006.48597793,-69.40842450120451,,,2007.489459665,-79.8374828506721,2006.248030822,-86.68696714435066,2017.515059,-89.8484944915468,2006.665108447,-82.83939061874476,2022.887671,-92.2286241679008,2006.617085236,-90.87681126757865,2006.450751395,-83.74411682106879,2008.081914086,-69.85774743563987,2024.010929,-76.84446093602557,2012.303846,-80.30053928177317,2007.19204,-75.71962829381434,2019.220398,-71.4171074966468,2009.0274,-72.40877680873672,2015.753194,-83.86349246337574,2016.65931,-88.4085501733969,2006.810483257,-76.65625946229777,2006.719663242,-85.20731279399095,2007.787671233,-82.78125992366539,2006.278989726,-74.35673714263957,2024.027322,-83.5924935197351,2014.736483,-71.75583846048404,2006.68086,-83.126144035826,2014.58111,-89.39689705301443,2012.112196,-84.93032752768424,2006.829796423,-69.56960967155955,2023.090411,-79.96615389420496,2006.020066591,-66.23573614600338,2002.17156,-73.52563877097748,2021.079968,-90.06606035170924,,,2013.61096,-84.49665843950751,2010.961386,-88.30663706556453
2006.068335236,-82.72902335863299,2013.512435,-83.33934037405137,2006.491497336,-69.40799961809351,,,2007.547003425,-79.94168181638717,2006.260372907,-86.70203166324771,2017.542438,-89.95727743978594,2006.725380518,-82.54221971082718,2022.887671,-92.2286241679008,2006.636358447,-90.67757099968445,2006.462773973,-83.72812755920337,2008.101252277,-69.82519787567928,2024.046448,-76.73059911518006,2012.317535,-80.27288798088732,2007.192129,-75.72004151593441,2019.273159,-71.34839236701906,2009.06575,-72.44001295955687,2015.791524,-83.95000132669642,2016.695301,-88.39500420402723,2006.829640411,-76.65391912596712,2006.738915525,-85.19848998527996,2007.80673516,-82.82658811264108,2006.298177321,-74.32904324143826,2024.027322,-83.5924935197351,2014.753994,-71.7122341821662,2006.69997,-83.1480401156972,2014.597822,-89.38365956969045,2012.150526,-84.90747839138446,2006.851611492,-69.56424263959734,2023.10411,-79.98767513650321,2006.038489346,-66.23437328374595,2002.34405,-73.37680174595218,2021.087099,-90.07691313977226,,,2013.63288,-84.4714457336332,2010.972337,-88.30404497650201
2006.087142314,-82.69464076954192,2013.545404,-83.40806674842194,2006.505022831,-69.40715930152689,,,2007.566210046,-79.97973199171474,2006.269977169,-86.71317196917671,2017.595655,-90.17902220547612,2006.744465373,-82.44941849563558,2022.887671,-92.2286241679008,2006.655555556,-90.47085553527774,2006.473055556,-83.7140746187107,2008.114625076,-69.80294790719255,2024.046448,-76.73059911518006,2012.323125,-80.26174963000393,2007.280082,-76.10565864823211,2019.300537,-71.31354089955852,2009.14247,-72.50250155123666,2015.829968,-84.03400648895295,2016.715037,-88.3871364536228,2006.848864155,-76.65204678044114,2006.758097412,-85.18974421840764,2008.036752429,-83.25137779072888,2006.317376332,-74.30207625339422,2024.040984,-83.53102721810505,2014.833163,-71.50893050954298,2006.71872,-83.1720453098919,2014.617329,-89.36626046358315,2012.17317,-84.89572692344528,2006.868057458,-69.55954617325833,2023.10411,-79.98767513650321,2006.085403349,-66.22870932065341,2002.52487,-73.34210282894068,2021.106264,-90.10601357007221,,,2013.65205,-84.45091715725958,2010.98055,-88.30253742781142
2006.130473744,-82.61125655875718,2013.620295,-83.59475691078754,2006.51337519,-69.40682849295645,,,2007.604623288,-80.05583234237032,2006.279493912,-86.72382881272412,2017.623033,-90.2952697295752,2006.763654871,-82.35686448879908,2022.956164,-92.13184163648178,2006.693978311,-90.04640453702142,2006.481333714,-83.70275997370307,2008.136545613,-69.76679168471631,2024.095628,-76.57404036485991,2012.345997,-80.21728317591023,2007.28016,-76.10599820368839,2019.327687,-71.27966204635274,2009.19452,-72.53221367654686,2015.866758,-84.11126239113804,2016.734316,-88.37893933313569,2006.868066971,-76.65017775566692,2006.796510654,-85.1810804291226,2008.055783242,-83.27410878194989,2006.336542998,-74.27738328015906,2024.040984,-83.53102721810505,2014.845312,-71.47730068131345,2006.73838,-83.2000052403642,2014.636608,-89.34686418961573,2012.192563,-84.88678354244618,2006.909153349,-69.54347572472595,2023.150685,-80.05227600572384,2006.085410959,-66.22870818401772,2002.69199,-73.43705277530928,2021.14813,-90.16688897230557,,,2013.69041,-84.41416781977657,2010.991502,-88.30056864927266
2006.130496575,-82.611210537338,2013.658739,-83.7054189876458,2006.529680365,-69.40639073568511,,,2007.700428082,-80.25408784948948,2006.289109589,-86.7332985565671,2017.709104,-90.66182007320795,2006.801984399,-82.17646733867751,2022.956164,-92.13184163648178,2006.770633562,-89.14780308454175,2006.492252664,-83.68783587547874,2008.150406041,-69.74392998573569,2024.095628,-76.57404036485991,2012.354211,-80.20162525223228,2007.280236,-76.10632905259453,2019.411249,-71.1808602926732,2009.25479,-72.53112050363455,2015.905088,-84.18787863171895,2016.754564,-88.37021785513491,2006.906394597,-76.64700815667699,2006.815825723,-85.18061203462912,2008.078485504,-83.29530743149579,2006.336586758,-74.27732690287817,2024.040984,-83.53102721810505,2014.867672,-71.4189722071686,2006.75739,-83.22972035575174,2014.655545,-89.32453330639063,2012.211956,-84.87880059294405,2007.734084855,-68.82771501365153,2023.150685,-80.05227600572384,2006.142714992,-66.21912016440783,2002.86197,-73.6413836420849,2021.227927,-90.27506958593936,,,2013.70959,-84.39805703692805,2011.000058,-88.29963784090089
2006.147490487,-82.57695518510315,2013.698495,-83.82857625833879,2006.543340944,-69.40637842767445,,,2007.892237443,-80.62109046303081,2006.298702435,-86.7427458159067,2017.762321,-90.88224574788694,2006.818563546,-82.10009243343943,2022.972603,-92.11367863417887,2006.789821157,-88.91291325283038,2006.500437595,-83.67634527923234,2008.245844718,-69.59102303260538,2024.125683,-76.47889469148329,2012.362424,-80.18639375762176,2007.28032,-76.10669472770122,2019.437087,-71.15231718375775,2009.30411,-72.53022594103236,2015.944502,-84.26031466095493,2016.929102,-88.28686859563932,2006.925549848,-76.64549682975998,2006.834895358,-85.18154917684134,2008.181551685,-83.35313974216947,2006.355721081,-74.25379312722558,2024.065574,-83.42039507368439,2014.92066,-71.28141637363679,2006.7958,-83.29888879814315,2014.673056,-89.30186504553987,2012.234087,-84.87084753688674,2008.079358303,-68.93931152181018,2023.164384,-80.06933664486546,2006.16167618,-66.21540697734903,2003.04279,-73.92578467745811,2021.234202,-90.28316952538704,,,2013.72877,-84.38351470039566,2011.014831,-88.29817733931735
2006.183125951,-82.50184277998892,2013.733859,-83.94417982600866,2006.549048706,-69.40637671705967,,,2007.911406012,-80.65142265652241,2006.308352359,-86.7510651366059,2017.803389,-91.04497442444845,2006.85700723,-81.92742077499598,2022.972603,-92.11367863417887,2007.077454338,-85.30989938748068,2006.51146309,-83.66083822725356,2008.289820507,-69.52288756240708,2024.125683,-76.47889469148329,2012.390031,-80.13704873605566,2007.2804,-76.10704298970764,2019.46458,-71.12315517865345,2009.36164,-72.52918246604241,2015.982946,-84.32416948757891,2016.951462,-88.27592366580664,2006.944765982,-76.64398050240484,2006.854105784,-85.185363664626,2008.192452186,-83.35463380029526,2006.374906773,-74.23169211837529,2024.117486,-83.17557792346614,2014.940168,-71.23133629658409,2006.81511,-83.33790046962328,2014.686973,-89.28287027629116,2012.249944,-84.8659490582139,2008.136295158,-68.99205492527159,2023.20274,-80.11229281010343,2006.180882801,-66.21152337018646,2003.20717,-74.17627998396901,2021.247092,-90.29972663608119,,,2013.74795,-84.37057987589961,2011.047,-88.29796539656775
2006.18314688,-82.50179720794665,2013.773501,-84.07938718296676,2006.568007991,-69.40711963188511,,,2008.239374621,-80.85950795547646,2006.317893836,-86.75869145465592,2017.873033,-91.30278145884112,2006.878938356,-81.83328775774736,2022.972603,-92.11367863417887,2007.13500761,-84.64296322859079,2006.514326484,-83.65681094325451,2008.323104508,-69.47307362421172,2024.163934,-76.3584924719631,2012.401097,-80.11804906894567,2007.28048,-76.10739125171307,2019.491959,-71.09542192388048,2009.41644,-72.50984169541847,2016.019622,-84.37907435279075,2016.970398,-88.26675935958043,2006.974895358,-76.64141996651983,2006.87886796,-85.19306192383276,2008.217175167,-83.35703645105976,2006.413268645,-74.19199425273341,2024.174863,-82.89160453655515,2014.964238,-71.17010198647759,2006.83442,-83.37972857648155,2014.73055,-89.21378836533778,2012.289357,-84.85647711370409,2008.179969262,-69.03742468963087,2023.20274,-80.11229281010343,2006.200135084,-66.20748840586971,2003.28925,-74.28979941590862,2021.253651,-90.30795764556684,,,2013.76712,-84.35929612589558,2011.055556,-88.29829508012635
2006.202229833,-82.46024485784226,2013.817307,-84.23379361935488,2006.58173516,-69.4079938050875,,,2008.255919854,-80.8529349104714,2006.327511416,-86.76620625393383,2017.920774,-91.46067453144929,2006.917265982,-81.67235250192755,2022.972603,-92.11367863417887,2007.192418189,-84.0203791966356,2006.530677321,-83.63365742512056,2008.380196949,-69.38938561243656,2024.163934,-76.3584924719631,2012.414672,-80.09550539863027,2007.280558,-76.10773080716935,2019.520421,-71.06806455925246,2009.47945,-72.48158187668865,2016.057951,-84.42978875893151,2017.11539,-88.20100009344216,2007.081718037,-76.62853235884387,2006.8925,-85.19947790278782,2008.230788934,-83.35315390060745,2006.432414384,-74.17515203970696,2024.174863,-82.89160453655515,2014.975531,-71.14179124740755,2006.85351,-83.42382896743007,2014.751027,-89.17766018942376,2012.308408,-84.85327021478984,2008.212788403,-69.07393098412078,2023.260274,-80.16255595914242,2006.2193379,-66.20340209860268,2003.44542,-74.41178601881624,2021.264717,-90.32184457207542,,,2013.7863,-84.3496780395076,2011.066622,-88.29943159060963
2006.24592656,-82.36138659528827,2013.854211,-84.36630455890013,2006.587290715,-69.40844172794236,,,2008.274476321,-80.84243079922537,2006.338337139,-86.77274751323907,2017.975417,-91.6205067108691,2006.936451674,-81.59773481035664,2022.983562,-92.10157036255656,2007.422574201,-82.10989987379071,2006.539472983,-83.62101185761126,2008.464589026,-69.27055427128488,2024.199454,-76.2474599171653,2012.432525,-80.06674016989501,2007.280636,-76.10807036262563,2019.547799,-71.04325316280503,2009.53699,-72.45577533852467,2016.094856,-84.47084105493661,2017.15931,-88.18353325291123,2007.098175419,-76.62591639914581,2006.930780061,-85.22289959843862,2008.249772313,-83.34773997463654,2006.470818113,-74.1446890111043,2024.213115,-82.69307568061244,2014.994696,-71.09399263547598,2006.87298,-83.47160441059489,2014.770078,-89.14200036845344,2012.325064,-84.85128033384203,2008.234530586,-69.09886046889055,2023.263014,-80.16428388561535,2006.254480594,-66.19594366244756,2003.5824,-74.40638988261507,2021.283882,-90.3455181821426,,,2013.80548,-84.34176055377145,2011.08379,-88.30168417377025
2006.245943683,-82.36134709040903,2013.889803,-84.49519595679295,2006.600884703,-69.40964771376932,,,2008.313296903,-80.80923051801537,2006.346660959,-86.77777704013815,2018.066964,-91.8332303086455,2006.955538432,-81.52350189649955,2022.983562,-92.10157036255656,2007.537880518,-81.57723682551976,2006.549762177,-83.60621903163141,2008.50012333,-69.22250398981026,2024.199454,-76.2474599171653,2012.440053,-80.05537298798293,2007.280712,-76.10840121153177,2019.575178,-71.0199952057952,2009.59178,-72.43363873903215,2016.133185,-84.50341992845314,2017.27681,-88.14455114585414,2007.139271309,-76.61760932887036,2007.045884703,-85.34959287218362,2008.285699378,-83.33059322503595,2006.49266933,-74.13020943871982,2024.26776,-82.40125227124078,2015.014374,-71.04575728243663,2006.89186,-83.52056159278946,2014.808408,-89.0635682358566,2012.348621,-84.84952153750791,2008.27569065,-69.14839540965343,2023.263014,-80.16428388561535,2006.27119102,-66.19249849434892,2003.70021,-74.32819501080523,2021.322212,-90.39173089670321,,,2013.86301,-84.32838869207656,2011.092118,-88.30318455067199
2006.278879376,-82.2843680532055,2013.926364,-84.6276583057632,2006.606592466,-69.41034868657158,,,2008.332422587,-80.79287378005773,2006.35625,-86.78256487604554,2018.092803,-91.87551182788405,2007.204746956,-80.84700713358741,2023.010959,-92.07514788583318,2007.557039574,-81.51300970936546,2006.55841895,-83.59377314553622,2008.543748103,-69.16425813761225,2024.218579,-76.18809013335787,2012.465151,-80.01841884596739,2007.280792,-76.10874947353818,2019.601016,-70.99956522960736,2009.70137,-72.39587445689337,2016.175451,-84.52959916229683,2017.301222,-88.13798429998536,2007.155707763,-76.61358677924767,2007.065078006,-85.37949859278541,2008.296827565,-83.32263941591398,2006.492711187,-74.13018378184152,2024.26776,-82.40125227124078,2015.036619,-70.99229728296564,2006.91104,-83.57293985008235,2014.864477,-88.93690929400022,2012.36482,-84.84916340496271,2008.275804493,-69.14853306570357,2023.312329,-80.19108699013096,2006.284944825,-66.18975741255129,2003.85101,-74.13811978474602,2021.32244,-90.39200309442919,,,2013.88219,-84.32743202340043,2011.102841,-88.30527466646242
2006.298047945,-82.23871101653317,2013.965037,-84.76652547027736,2006.620062785,-69.41200298217865,,,2008.447176685,-80.62284851010189,2006.384969559,-86.7922117974621,2018.106492,-91.89791175500406,2008.030012902,-82.79294502991515,2023.010959,-92.07514788583318,2007.576445967,-81.45944668378688,2006.568985921,-83.5783399101005,2008.554815574,-69.14974044257441,2024.218579,-76.18809013335787,2012.481121,-79.99603811304611,2007.280874,-76.10910644209474,2019.628395,-70.97953331339758,2009.7589,-72.37604984560178,2016.213781,-84.54389349342351,2017.338468,-88.12918933116717,2007.232410578,-76.59091930654371,2007.330711568,-85.97246356952384,2008.313069217,-83.31103078641925,2006.509166667,-74.12009714765419,,,2015.055556,-70.9475005429627,2006.93037,-83.62866995674382,2014.902921,-88.84316936588324,2012.386266,-84.84948848602768,2008.295044019,-69.17240807974079,2023.312329,-80.19108699013096,2006.284952435,-66.1897558959068,2003.95786,-73.95195377965872,2021.342574,-90.41565284236171,,,2013.90137,-84.32823221982184,2011.125543,-88.31113228915856
2006.317380137,-82.19224704723803,2014.004678,-84.90645622769227,2006.626484018,-69.41294378549021,,,2008.466302368,-80.58907710342633,2006.394606164,-86.79406825356679,2018.14756,-91.95021882745745,2008.095429189,-83.08347328145602,2023.024658,-92.06276062638545,2007.595395738,-81.41519264982186,2006.577231735,-83.5662945353044,2008.582418792,-69.1135320711236,,,2012.486825,-79.9886791433236,2007.280955,-76.10945905737573,2019.655773,-70.96137344405273,2009.8137,-72.38527870375891,2016.250342,-84.54962097231076,2017.362881,-88.12421514199212,2007.270753425,-76.57655595519788,2007.448548326,-86.3163242294178,2008.329538555,-83.29706199679059,2006.509179985,-74.12008898418567,,,2015.11482,-70.81374837116778,2006.94944,-83.68625974355734,2014.923512,-88.79098666805305,2012.405431,-84.85062561793755,2008.311409001,-69.19296981844074,2023.375342,-80.20516068949937,2006.298325723,-66.1870906497213,2004.03994,-73.78445922175962,2021.361739,-90.4378994504073,,,2013.92055,-84.33078852914774,2011.144708,-88.31722098459734
2006.317399163,-82.19220085373577,2014.059207,-85.09292197714564,2006.639240868,-69.41505767738089,,,2008.485428051,-80.54814529072911,2006.404204718,-86.79514827474328,2018.181612,-91.98525615535318,2008.122552368,-83.20164193264051,2023.043836,-92.0486131631589,2007.614421613,-81.37076088764029,2006.588133562,-83.55036929224447,2008.609361718,-69.07869405102511,,,2012.495039,-79.97808191728902,2007.357951,-76.41856938960983,2019.681612,-70.94589284909934,2009.86849,-72.39668909689613,2016.288787,-84.54431454741409,2017.659424,-88.11483827938282,2007.309115297,-76.56012212745941,2007.467751142,-86.37470705001816,2008.422102687,-83.17291843865344,2006.528312405,-74.11047929525718,,,2015.136037,-70.76837526156582,2006.96887,-83.74738046692963,2014.942677,-88.74160313176347,2012.42066,-84.85202069071431,2008.333145492,-69.22050932203841,2023.394521,-80.2038459050738,2006.317564688,-66.18365411833838,2004.19568,-73.45472379040805,2021.380904,-90.45989313358392,,,2013.93973,-84.33509406557467,2011.170546,-88.32738564247529
2006.355487062,-82.09947087530075,2014.081567,-85.1668917536736,2006.68325723,-69.42438476848443,,,2008.504553734,-80.50721347803237,2006.413774734,-86.79494980859086,2018.236369,-92.01464312753188,2008.144698695,-83.2963299967695,2023.043836,-92.0486131631589,2008.170271706,-82.05537814378039,2006.596362253,-83.5382719802521,2008.636748634,-69.04345261196187,,,2012.507188,-79.96256756995288,2007.358037,-76.4189111374622,2019.70899,-70.93132325839285,2009.92329,-72.40810157260185,2016.327116,-84.52891708994278,2017.677049,-88.11708420518961,2007.331084475,-76.54997747685337,2007.563555936,-86.6711808542337,2008.45736946,-83.10800041161352,2006.528340944,-74.11046548673855,,,2015.192677,-70.65431393319601,2006.98804,-83.8100380101454,2014.978041,-88.64843594916177,2012.442221,-84.85483472184765,2008.346801002,-69.23810105680654,2023.394521,-80.2038459050738,2006.331185312,-66.1812829988158,2004.3677,-73.10250645691941,2021.417694,-90.50136774446683,,,2013.9589,-84.34113649032851,2011.189369,-88.33588203779127
2006.355506088,-82.09942433237178,2014.101473,-85.23140730881822,2006.702996575,-69.42964588543921,,,2008.523679417,-80.46628166533515,2006.423373288,-86.79475075060799,2018.262207,-92.01540226579387,2008.160676609,-83.36464460918683,2023.043836,-92.0486131631589,2008.189492259,-82.03516187004423,2006.626921613,-83.4931338596568,2008.653250228,-69.02227143146582,,,2012.515516,-79.95276118600009,2007.358122,-76.41924891150282,2019.736369,-70.91863749584196,2009.97808,-72.43469044951483,2016.385809,-84.48883032087262,2017.69359,-88.11985770236222,2007.350190259,-76.54029442032565,2007.582753044,-86.73098424518615,2008.517863919,-82.97686112497335,2006.547524734,-74.1015274212189,,,2015.222565,-70.59841211594542,2007.02907,-83.95153880292415,2015.017797,-88.54199682781919,2012.456138,-84.85711805809665,2008.346952793,-69.23829660182919,2023.446575,-80.1906892909011,2006.33119863,-66.18128068037797,2004.54802,-72.78724963923479,2021.436859,-90.52275694891179,,,2013.98082,-84.35020032378269,2011.208876,-88.34584418735199
2006.379946728,-82.03956618992,2014.15372,-85.39351220021163,2006.715981735,-69.43350030848276,,,2008.5428051,-80.42084707599817,2006.432945205,-86.79289446038872,2018.316964,-92.00575703226355,2008.18284191,-83.45604855741192,2023.079452,-92.02640696626497,2008.227715164,-81.99495882747442,2006.635273973,-83.48073386341605,2008.669453931,-69.00164513999506,,,2012.572896,-79.89208520482109,2007.358206,-76.41958271173074,2019.764945,-70.90743852559704,2010.09589,-72.54556999076178,2016.405088,-84.47058454954191,2017.712641,-88.12306270583393,2007.407726408,-76.50905445414811,2007.601925419,-86.79060478950697,2008.599726776,-82.7616997669554,2006.566647641,-74.09467731322056,,,2015.239335,-70.56838066720641,2007.04553,-84.0108336591225,2015.036734,-88.49097671384537,2012.479068,-84.86160785207433,2008.365736946,-69.26249531996027,2023.473973,-80.17490193480191,2006.347971842,-66.17865824896063,2004.68464,-72.58667279430927,2021.456024,-90.54394948451443,,,2013.99726,-84.35837970782785,2011.233288,-88.35983110826453
2006.379965753,-82.03951952916174,2014.198267,-85.52319497384738,2006.721423135,-69.43511549516884,,,2008.619307832,-80.22117599333019,2006.442553272,-86.79062319276747,2018.34554,-91.99310651051367,2008.210040984,-83.56740608083486,2023.079452,-92.02640696626497,,,2006.654417808,-83.45231273668894,2008.762370978,-68.88348712237958,,,2012.590521,-79.8765956266047,2007.358288,-76.41990856433331,2019.792438,-70.89864544277447,2010.20548,-72.67905027658325,2016.441764,-84.43071199259417,2017.733402,-88.12725951867753,2007.443339041,-76.48778583509939,2007.621177702,-86.85047319892571,2008.648622495,-82.61137829069312,2006.5666914,-74.09466163809977,,,2015.256617,-70.53838837397879,2007.06445,-84.08073608155411,2015.056013,-88.43913439131292,2012.494696,-84.86521555369403,2008.365763509,-69.26252953979187,2023.473973,-80.17490193480191,2006.38907344,-66.17360315748455,2004.85961,-72.3670411450894,2021.475189,-90.56506604396068,,,2014.01644,-84.36953593703993,2011.244468,-88.36691448033768
2006.394012557,-82.00506830578139,2014.236711,-85.62805268598945,2006.740591705,-69.44163876135183,,,2008.638433515,-80.16681051937107,2006.452144216,-86.78787185995182,2018.400297,-91.94821668833777,2008.254079387,-83.7391885311795,2023.09863,-92.01638391973158,,,2006.664600457,-83.43718312051429,2008.78159912,-68.85894794851994,,,2012.620638,-79.85330923808928,2007.358372,-76.42024236456125,2019.819702,-70.89187009121657,2010.30411,-72.82771321395279,2016.480094,-84.37873414210557,2017.755021,-88.1317932932318,2007.520121766,-76.43810255306744,2008.119446342,-88.24128278955361,2008.667833561,-82.54791258452224,2006.585877093,-74.08878741143677,,,2015.32552,-70.42972936339196,2007.08409,-84.15527960711724,2015.093031,-88.34031105330683,2012.518139,-84.87124055623477,2008.390408698,-69.29461308400633,2023.493151,-80.16167559503577,2006.413833714,-66.17149295044985,2005.01265,-72.17454761518883,2021.514717,-90.60842327037247,,,2014.03562,-84.3823480672839,2011.318789,-88.42156589338833
2006.394037291,-82.00500764311707,2014.273387,-85.72180327877805,2006.754680365,-69.44680600268897,,,2008.65693306,-80.11422486624978,2006.461719939,-86.78352826034617,2018.428874,-91.9164441342256,2008.349258121,-84.07761537541023,2023.09863,-92.01638391973158,,,2006.673072679,-83.42459108378456,2008.937564511,-68.65574103250408,,,2012.648359,-79.83548842828436,2007.358452,-76.42056026954027,2019.845655,-70.88725268054911,2010.39726,-72.97363378313976,2016.519622,-84.31762302919259,2017.771334,-88.13581750428293,2007.654358828,-76.34648829542738,2008.138754174,-88.28940845594441,2008.690507362,-82.47138294819781,2006.585888508,-74.08878470994276,,,2015.353297,-70.39063678662846,2007.1035,-84.23060388811733,2015.112082,-88.29022058557545,2012.536962,-84.87663542888593,2008.390440953,-69.29465515955765,2023.493151,-80.16167559503577,2006.413843227,-66.17149213969957,2006.33309,-69.30701961255531,2021.533882,-90.62940948104145,,,2014.05479,-84.3967786892115,2011.347251,-88.44641830541897
2006.41304414,-81.9584942445595,2014.314569,-85.81946030606557,2006.774001142,-69.45436386126251,,,2009.001940639,-78.88840437669305,2006.47130137,-86.77918207156088,2018.514945,-91.79887313672714,2008.354935109,-84.09641302273185,2023.158904,-91.99997986676146,,,2006.684265601,-83.40795534348635,2008.95654789,-68.63025935742769,,,2012.667409,-79.82539396242692,2007.358528,-76.4208622792704,2019.872919,-70.88428524464739,2010.58904,-73.26067698444538,2016.558066,-84.2512886675846,2017.791753,-88.1408546136713,2007.75021309,-76.28564640446783,2008.177003643,-88.38476393155145,2008.727933364,-82.33984834434779,2006.605026636,-74.0842554468647,,,2015.370638,-70.36799286981176,2007.12218,-84.30443200364469,2015.130904,-88.24125624481296,2012.556013,-84.88252488400609,2008.406800243,-69.31599529742763,2023.545205,-80.11196536228485,2006.452304033,-66.17047429843365,2006.52761,-69.35801550174001,2021.553047,-90.65041101972774,,,2014.07397,-84.4128045185092,2011.358773,-88.45700511690578
2006.413070776,-81.9584290811605,2014.351359,-85.89995817380299,2006.798259132,-69.46485187751763,,,2009.040182648,-78.73611093728053,2006.48212519,-86.77263253617805,2018.57244,-91.70387493608261,2008.376844262,-84.16758638979651,2023.158904,-91.99997986676146,,,2006.692425799,-83.39583724642728,2009.342480974,-68.03885213161124,,,2012.68492,-79.81735599107674,2007.358604,-76.42116428900052,2019.89756,-70.88334007737343,2010.69315,-73.37948497745971,2016.594627,-84.182646486742,2017.809778,-88.14595105573636,2007.826938737,-76.24537775105159,2008.19609707,-88.43237235192736,2008.790926685,-82.10460857735163,2006.60505137,-74.08424959327273,,,2015.392541,-70.34049994131483,2007.14115,-84.38055969848533,2015.176136,-88.12763366384702,2012.574721,-84.88868606517715,2008.406950137,-69.3161908290569,2023.545205,-80.11196536228485,2006.496025495,-66.17288449192147,2006.62076,-69.47542769346437,2021.572212,-90.67144344388953,,,2014.09315,-84.43038880969151,2011.366758,-88.46451289793646
2006.432102359,-81.91202762099424,2014.392541,-85.98225649306877,2006.812119482,-69.4713677546327,,,2009.193607306,-78.11348956680057,2006.490334855,-86.76712603709636,2018.598278,-91.65839940327037,2008.393533698,-84.21756513964749,2023.175342,-91.99807949571132,,,2006.703812785,-83.37896188723127,,,,,2012.715037,-79.80679359534544,2007.358684,-76.42148219397953,2019.928874,-70.88446728460293,2010.78904,-73.43673515565114,2016.633185,-84.10328513006927,2017.828715,-88.15132850475321,2007.870793379,-76.22739531778596,2008.236987705,-88.53499781831846,2008.801571038,-82.06357038275931,2006.624208524,-74.08131356062685,,,2015.408853,-70.32092224039536,2007.16033,-84.45855437151081,2015.195073,-88.0820783563907,2012.595883,-84.89608039901208,2008.425954387,-69.3409962174036,2023.589041,-80.05565571899221,2006.515173135,-66.17565412950438,2006.80432,-69.82663755870855,2021.609001,-90.71206831427388,,,2014.11233,-84.44948720266893,2011.377824,-88.47527006088923
2006.432121385,-81.91198143533666,2014.426707,-86.04482146211875,2006.817437215,-69.4738676694803,,,2009.807305936,-75.76129386459272,2006.509598554,-86.75197926146032,2018.67066,-91.52700849479206,2008.404064208,-84.24910016126755,2023.175342,-91.99807949571132,,,2006.71178653,-83.36714490501949,,,,,2012.723136,-79.80445824200385,2007.358764,-76.42180009895856,2019.956252,-70.88755279616937,2010.88493,-73.45279609125096,2016.669975,-84.02308673740797,2017.848392,-88.1575531337833,2007.884471081,-76.22278491335183,2008.253360276,-88.57657842786054,2008.878415301,-81.75597089963468,2006.624229452,-74.081311054133,,,2015.431155,-70.29612041890176,2007.17981,-84.53864631437925,2015.214466,-88.0365709476571,2012.615048,-84.90307184828242,2008.447802823,-69.3695233217422,2023.589041,-80.05565571899221,2006.534724125,-66.17876506065902,2006.95512,-70.18891014455687,2021.628166,-90.73334843269403,,,2014.13151,-84.47005225130945,2011.386494,-88.4837516564959
2006.456900685,-81.85201229837746,2014.470626,-86.11671138126754,2006.831364155,-69.4808840621979,,,,,2006.51923516,-86.74344673071741,2018.744582,-91.39293107086849,2008.445061096,-84.36507183396296,2023.208219,-91.99830589144842,,,2006.722461948,-83.35132407997264,,,,,2012.781829,-79.79617803944214,2007.358843,-76.4221140301249,2019.983745,-70.89256046860831,2010.98082,-73.40722792265161,2016.708191,-83.9364660559412,2017.865619,-88.16306530983766,2007.903704338,-76.21630807375368,2008.27255806,-88.62547816252574,2008.902787265,-81.6546763464966,2006.643388508,-74.0790164222345,,,2015.445643,-70.28056905686624,2007.19875,-84.61717638274926,2015.233402,-87.99379703714416,2012.650412,-84.91661229641396,2008.485991576,-69.41900602975448,2023.630137,-79.99013641129635,2006.548232496,-66.18208562942107,2006.97156,-70.23070091288938,2021.647331,-90.75481750911622,,,2014.15068,-84.49203591256305,2011.503537,-88.61657769871667
2006.456923516,-81.85195760095,2014.507302,-86.17057973299286,2006.839640411,-69.48512251748724,,,,,2006.531449772,-86.7310329121038,2018.770421,-91.34810613364759,2008.469664542,-84.43058892983055,2023.208219,-91.99830589144842,,,2006.742195586,-83.32226613391526,,,,,2012.801336,-79.79612024714322,2007.455008,-76.77009263176342,2020.111739,-70.94005073360972,2011.06301,-73.32137578674231,2016.750457,-83.83733987304984,2017.886608,-88.17036822357068,2007.974824962,-76.20227218449764,2008.291604053,-88.6745405877233,2008.924749545,-81.56339690186527,2006.643405632,-74.07901437133616,,,2015.48135,-70.24590607096327,2007.21798,-84.69738903186123,2015.26985,-87.91631188185606,2012.695643,-84.93455601891424,2008.505083106,-69.4435767841843,2023.684932,-79.88303759761129,2006.58130137,-66.19145946131842,2007.13594,-70.63326033366987,2021.703286,-90.81832691859833,,,2014.16986,-84.51540344794462,2011.514374,-88.63030176838626
2006.470650685,-81.81907070024965,2014.542666,-86.2170253211212,2006.850199772,-69.4907506657033,,,,,2006.538422755,-86.72338464562338,2018.825178,-91.25729619704939,2008.50487629,-84.51475890155002,2023.263014,-92.00975404354993,,,2006.769324581,-83.28251278200547,,,,,2012.820273,-79.79764492989993,2007.455094,-76.77039676081088,2020.13638,-70.95352331156477,2011.15068,-73.20080942416966,2016.785935,-83.75228811127919,2017.906915,-88.17754506449754,2008.076035974,-76.20679401725836,2008.348859669,-88.82852077836866,2008.941266318,-81.49361787749173,2006.662560883,-74.07886114113485,,,2015.506503,-70.22372596296914,2007.23696,-84.77685385491885,2015.327573,-87.80844313094305,2012.709104,-84.93994573963111,2008.521990741,-69.46496946536578,2023.684932,-79.88303759761129,2006.603236301,-66.19932998733756,2007.29473,-70.96563451714471,2021.722451,-90.84044939490676,,,2014.18904,-84.54010438896968,2011.52293,-88.64140116192038
2006.470675419,-81.81901144370529,2014.583505,-86.26412719393664,2006.855679224,-69.49378277116791,,,,,2006.554851598,-86.70406146582508,2018.986369,-91.0490623662444,2008.543436931,-84.59933206960947,2023.263014,-92.00975404354993,,,2006.780277778,-83.26653899869109,,,,,2012.838012,-79.8000250966693,2007.455177,-76.77069028070596,2020.161135,-70.96836545588424,2011.23288,-73.0239462089727,2016.824493,-83.65902646822089,2017.924425,-88.18427065997511,2008.114219035,-76.21645359691848,2008.368156117,-88.88241531373423,2008.95492752,-81.4357421816369,2006.662576104,-74.0788610203906,,,2015.523501,-70.2101103400828,2007.2562,-84.85743141878054,2015.34805,-87.77459760845811,2012.767569,-84.96307397148139,2008.540680024,-69.48861640787001,2023.709589,-79.8277637477858,2006.619214231,-66.20637198307254,2007.43994,-71.18707046904339,2021.741616,-90.8627343259781,,,2014.20822,-84.56608345013706,2011.530915,-88.65186736742143
2006.489876332,-81.77352264199695,2014.623033,-86.30360727687682,2006.869492009,-69.50142620355507,,,,,2006.563070776,-86.69334757977587,2019.012207,-91.02792770832791,2008.543454007,-84.59936594126314,2023.320548,-92.03405404428945,,,2006.799587139,-83.2385741002695,,,,,2012.85672,-79.80345974331193,2007.455259,-76.77098026421638,2020.189825,-70.98711139826837,2011.40274,-72.60024368544534,2016.861168,-83.57077068043068,2017.945301,-88.19230786760808,2008.136152854,-76.22360942831693,,,2008.965714177,-81.39004449853132,2006.681759893,-74.07928992634729,,,2015.542552,-70.19575854313798,2007.29454,-85.01724323848254,2015.367215,-87.74623612751998,2012.783996,-84.9693368348997,2008.562869991,-69.51598378164216,2023.709589,-79.8277637477858,2006.619315068,-66.20642064618995,2007.67555,-71.29621047978576,2021.781144,-90.90944625001634,,,2014.2274,-84.59328311304726,2011.58687,-88.72854501410674
2006.489899163,-81.77346897580033,2014.655887,-86.33194702821523,2006.877939498,-69.50644010907648,,,,,2006.57532344,-86.67695064187937,2019.025896,-91.01673054398775,2008.584109366,-84.67888271565364,2023.320548,-92.03405404428945,,,2006.810273973,-83.22318006201468,,,,,2012.867786,-79.80605147050998,2007.455339,-76.77126317495826,2020.214352,-71.00445506041449,2011.48493,-72.36624189661032,2016.899498,-83.479670213982,2017.96287,-88.19955259680702,2008.15256527,-76.2307122021048,,,2009.050561263,-81.02843882227594,2006.720104642,-74.0841602668018,,,2015.56126,-70.18250376057348,2007.31371,-85.09636799013691,2015.405659,-87.69608154045395,2012.917922,-85.01281730398912,2008.579178051,-69.53596614100988,2023.780822,-79.64107243352599,2006.666002664,-66.2314965171827,2007.8098,-71.2526377925903,2021.800309,-90.93240174826465,,,2014.24658,-84.62165439110468,2011.597708,-88.74410733942263
2006.513968798,-81.71736097374414,2014.695415,-86.36177703089224,2006.888907915,-69.51295127588347,,,,,2006.583523592,-86.66461668372686,2019.053275,-90.99780054638705,2008.603198998,-84.71038767734116,2023.353425,-92.05338971700189,,,2006.818321918,-83.21158725789658,,,,,2012.897902,-79.81459114420848,2007.455417,-76.77153901293082,2020.238878,-71.02293104653485,2011.5726,-72.10969882131737,2016.939026,-83.38781809598677,2017.983973,-88.20827039081003,2008.171649211,-76.23897112729318,,,2009.072564688,-80.93472983431143,2006.720127473,-74.0841648059045,,,2015.583163,-70.16879966773912,2007.37353,-85.33714118013035,2015.520763,-87.61430597580241,2012.942335,-85.01874766056456,2008.598389117,-69.55901899398287,2023.80274,-79.57603637091063,2006.68516172,-66.24330771715205,2007.9606,-71.11951672076924,2021.819474,-90.95554516980125,,,2014.26575,-84.65112578438938,2011.605921,-88.75595021446166
2006.513989726,-81.71731300533756,2014.734202,-86.38646616897574,2006.908066971,-69.5248691827516,,,,,2006.59593417,-86.64594976758897,2019.092803,-90.97669026374012,2008.61968731,-84.73759949776043,2023.353425,-92.05338971700189,,,2006.837891933,-83.1837357755342,,,,,2012.908968,-79.81844445146923,2007.455495,-76.77181485090418,2020.262093,-71.04142770007803,2011.65479,-71.86604097179772,2016.977356,-83.30289289961715,2018.000515,-88.21551333576487,2008.229016773,-76.27266002502101,,,2009.111339422,-80.77066701073538,2006.739343607,-74.08798522576336,,,2015.597936,-70.16007853770425,2007.40961,-85.47563644739964,2015.539243,-87.61046586790302,2012.95899,-85.02227698043147,2008.619911202,-69.58427869846028,2023.80274,-79.57603637091063,2006.705751522,-66.25891058305088,2008.10552,-70.93234067889806,2021.837099,-90.97710494999515,,,2014.30411,-84.71321889618787,2011.614249,-88.76823346820376
2006.527810122,-81.68563571319882,2014.773273,-86.40718727427898,2006.913194444,-69.5281138930554,,,,,2006.606887367,-86.62773040944029,2019.167922,-90.95982334179652,2008.672074226,-84.81146636308517,2023.391781,-92.0808065479029,,,2006.846004566,-83.17221789237237,,,,,2012.92933,-79.8260323885636,2007.455573,-76.77209068887754,2020.311374,-71.08366548235787,2011.82466,-71.41296346010016,2017.01426,-83.2254323439184,2018.01871,-88.22348421992966,2008.343784153,-76.36738132350318,,,2009.149166667,-80.6118824153896,2006.758432268,-74.09333622846371,,,2015.617215,-70.1498045594262,2007.43132,-85.55585157675752,2015.558408,-87.61078370620147,2012.981121,-85.02647917613896,2008.639069141,-69.60637407722335,2023.821918,-79.51634376950739,2006.715203577,-66.26608576850332,2008.30486,-70.63912185839969,2021.856264,-91.00069808040864,,,2014.32329,-84.74571246056489,2011.625086,-88.78421733237347
2006.566103501,-81.60067011902585,2014.811717,-86.4238993280266,2006.926997717,-69.5371624289008,,,,,2006.61510274,-86.61378584431232,2019.230893,-90.96665815143322,2008.767239678,-84.90468600311617,2023.391781,-92.0808065479029,,,2006.857132801,-83.15648034183904,,,,,2012.951005,-79.83507807214063,2007.455653,-76.77237359961943,2020.337213,-71.10731642479189,2011.90685,-71.20823011311687,2017.05259,-83.14970030547839,2018.037076,-88.23183459771158,2008.362923118,-76.38613884152866,,,2009.486063546,-79.37704427788812,2006.758464612,-74.09334573025913,,,2015.635923,-70.1408957728991,2007.44646,-85.61009433705335,2015.595198,-87.61840541501991,2013.017569,-85.03190597858561,2008.65535633,-69.62447715609989,2023.821918,-79.51634376950739,2006.715214992,-66.26609443378743,2008.49338,-70.36901539681205,2021.875428,-91.02446199446402,,,2014.34247,-84.77909240235195,2011.632957,-88.79605875943557
2006.585306317,-81.55966604026194,2014.845883,-86.43604329945396,2007.003633942,-69.59245845795071,,,,,2006.624657534,-86.59717243409044,2019.270421,-90.97864230643755,2008.775861415,-84.91114556734621,2023.416438,-92.10065006504436,,,2006.876103501,-83.12998047111454,,,,,2013.029319,-79.87448293379063,2007.455739,-76.77267772866689,2020.361853,-71.13076966797823,2011.99726,-71.04958367323036,2017.12771,-83.0191725302355,2018.058294,-88.24157259653276,2008.420309654,-76.44889536950154,,,2009.513394216,-79.29622499851821,2006.777636986,-74.09921856995682,,,2015.656116,-70.13203844198219,2007.46971,-85.69075256029,2015.614363,-87.62755591120593,2013.031372,-85.03354879884633,2008.655527095,-69.62466696001673,2023.852055,-79.41619298479597,2006.733274353,-66.2812457629647,2008.68737,-70.12797600376577,2021.894593,-91.04850338497788,,,2014.36164,-84.8132859005963,2011.644023,-88.8127822778098
2006.585332953,-81.55960916398696,2014.884213,-86.44687931899408,2007.022802511,-69.60755042382786,,,,,2006.634303653,-86.57901675515308,2019.28411,-90.98598671783562,2008.813892684,-84.9333680787369,2023.416438,-92.10065006504436,,,2006.895665906,-83.10285496859107,,,,,2013.104325,-79.91787690306889,2007.45582,-76.77296417579265,2020.386266,-71.15480914144075,2012.06831,-70.92490908464573,2017.172713,-82.95528109116633,2018.077573,-88.25069051115867,2008.439458106,-76.4709194549175,,,2009.590192161,-79.09430502601809,2006.777652207,-74.09922439080424,,,2015.672827,-70.12586029175638,2007.52478,-85.86691393267361,2015.708762,-87.71475323268352,2013.050765,-85.03531901239738,2008.67765255,-69.64918708245102,2023.879452,-79.31983010177802,2006.749575723,-66.29607798167811,2008.85961,-69.95230430561988,2021.913758,-91.07270145233619,,,2014.38082,-84.84827255131562,2011.652579,-88.82585459134367
2006.604476788,-81.52033575684092,2014.923626,-86.45528985325042,2007.028339041,-69.61204072275572,,,,,2006.643807078,-86.56112965121949,2019.297799,-90.99352566538163,2008.813905965,-84.93337469021567,2023.443836,-92.12533076101157,,,2006.903778539,-83.09171761609146,,,,,2013.137179,-79.93745781289465,2007.455904,-76.77326123207159,2020.410906,-71.17982192263885,2012.15847,-70.81640493705802,2017.210929,-82.91015464657099,2018.09383,-88.25841375886331,2008.4694767,-76.50747900308824,,,,,2006.796851218,-74.10656651771276,,,2015.692221,-70.11937104077718,2007.54386,-85.92211291473762,2015.728155,-87.74131830299434,2013.070044,-85.03650847853972,2008.696347526,-69.66863688018104,2023.953425,-79.0312916185482,2006.768666286,-66.31448690055866,2008.99349,-69.8392171555929,2021.934121,-91.09857961290633,,,2014.4,-84.88397837961016,2011.663188,-88.84225515922982
2006.604503425,-81.52028149389677,2014.96207,-86.46118303639953,2007.080336758,-69.65582694917694,,,,,2006.651997717,-86.54486876714108,2019.325178,-91.00860411120416,2008.852254098,-84.94998106873638,2023.443836,-92.12533076101157,,,2006.914459665,-83.07705413194849,,,,,2013.168607,-79.95606578802062,2007.586014,-77.16314109329956,2020.434235,-71.20415396595034,2012.24317,-70.7363725432064,2017.249259,-82.87286691091312,2018.113109,-88.26772118428542,2008.480413251,-76.52091406259764,,,,,2006.796860731,-74.10657015569456,,,2015.761636,-70.10397689307625,2007.56296,-85.97414616923226,2015.786391,-87.8386430775304,2013.087784,-85.03714503439596,2008.715571873,-69.68863742260714,2023.953425,-79.0312916185482,2006.793514079,-66.34100532782017,2009.04827,-69.80354297806078,2022.009241,-91.1955400140573,,,2014.41918,-84.92035035817393,2011.669861,-88.85257102212987
2006.643255327,-81.4444618073413,2015.004222,-86.46528507782263,2007.08581621,-69.66060899756324,,,,,2006.663099315,-86.52202893663915,2019.351016,-91.02779266017025,2008.871135018,-84.95521207824828,2023.473973,-92.1547029623023,,,2006.922697869,-83.06580575355778,,,,,2013.187201,-79.96687161653985,2007.586094,-77.1633525456102,2020.458762,-71.23034947772301,2012.32514,-70.67719243879621,2017.286049,-82.84458916911946,2018.132274,-88.27703047255228,2008.51592289,-76.56637794121893,,,,,2006.816017884,-74.11457422143434,,,2015.789471,-70.10104919588983,2007.58214,-86.02314551454126,2015.825178,-87.91739186666005,2013.131475,-85.03693898078845,2008.734545765,-69.70726335911206,2023.991781,-78.86577405356581,2006.793519787,-66.3410114195958,2009.20991,-69.71130157877217,2022.028406,-91.2205528099562,,,2014.43836,-84.95733405138205,2011.681041,-88.87020758348159
2006.665829528,-81.4037736946584,2015.03719,-86.46718706643937,2007.099524353,-69.67280322983885,,,,,2006.67266933,-86.50220257828133,2019.405773,-91.07394592997653,2008.917810792,-84.96348898710656,2023.473973,-92.1547029623023,,,2006.953833714,-83.02384051712379,,,,,2013.206823,-79.97807451676965,2007.586172,-77.16355871161308,2020.483402,-71.25725193005556,2012.40984,-70.64332815411255,2017.324379,-82.82587910115292,2018.153264,-88.28730054462531,2008.537790301,-76.59537800824,,,,,2006.835157915,-74.12347289461354,,,2015.827916,-70.09985091961909,2007.6013,-86.06870881696466,2015.900183,-88.0950893342463,2013.145278,-85.0363580241091,2008.753749241,-69.72572190763547,2024.005464,-78.80375332630754,2006.812528539,-66.36326602652375,2009.40158,-69.64954427507183,2022.047571,-91.24561432695936,,,2014.47671,-85.03290414557104,2011.700206,-88.90071600832366
2006.665865677,-81.40370853910355,2015.0786,-86.46785646095299,2007.118892694,-69.69033435923531,,,,,2006.682267884,-86.48087612863593,2019.45899,-91.12801584946517,2008.917862022,-84.96349354697242,2023.482192,-92.16300985635131,,,2006.961272831,-83.01398869470269,,,,,2013.225988,-79.98877495677866,2007.58625,-77.16376487761596,2020.509127,-71.2859034153936,2012.4918,-70.61117021474821,2017.363906,-82.81677381298964,2018.196328,-88.30837784366125,2008.556906497,-76.62083626150826,,,,,2006.835180746,-74.1234835093094,,,2015.84554,-70.10053649940951,2007.62065,-86.11117111367336,2015.92066,-88.14889759471025,2013.17066,-85.03462149545301,2008.772873027,-69.7433748134103,2024.030055,-78.69008468277684,2006.865270167,-66.43253654919157,2009.56596,-69.6416551396355,2022.066736,-91.27071801768106,,,2014.49589,-85.07141599027433,2011.711271,-88.91853222249054
2006.684977169,-81.37125035988123,2015.112538,-86.46722821675932,2007.124543379,-69.695579399597,,,,,2006.691856925,-86.45957081535366,2019.514945,-91.1933978084203,2008.991702717,-84.96290493529466,2023.482192,-92.16300985635131,,,2006.991324201,-82.97431386845008,,,,,2013.242073,-79.99751798149825,2007.586328,-77.16397104361884,2020.53411,-71.3142258877453,2012.56831,-70.5888339325557,2017.402236,-82.81687406580548,2018.21709,-88.31848796892625,2008.595119915,-76.67311880312471,,,,,2006.854356925,-74.13344787978357,,,2015.883528,-70.10421015799676,2007.65881,-86.18406756453118,2015.939825,-88.20153453387422,2013.189825,-85.03282145888386,2008.791974044,-69.76010876516945,2024.030055,-78.69008468277684,2006.871489726,-66.44122065555622,2009.71665,-69.67328811180369,2022.084361,-91.29381536617994,,,2014.51507,-85.11033455339641,2011.719827,-88.93246995576328
2006.685024734,-81.37117108392779,2015.150868,-86.46561458863943,2007.143493151,-69.71323873867642,,,,,2006.701455479,-86.43748447841996,2019.569702,-91.26432541099962,2009.005287291,-84.9610622440584,2023.50137,-92.18340325562497,,,2007.010216895,-82.94972538833375,,,,,2013.262778,-80.00835844857657,2007.586406,-77.16417720962113,2020.558408,-71.34218794371303,2012.65847,-70.56251267778543,2017.439026,-82.82481084333422,2018.252397,-88.33537975639557,2008.614308212,-76.69987636635406,,,,,2006.854374049,-74.13345715414623,,,2015.92625,-70.11197977747071,2007.67798,-86.21507162600044,2015.977927,-88.30996877416054,2013.20899,-85.03061518324866,2008.811171828,-69.77665492870892,2024.043716,-78.62446100303478,2007.181392694,-67.09841531972408,2009.86197,-69.73741048825185,2022.103526,-91.31891446428136,,,2014.53425,-85.14961840759916,2011.727813,-88.94555895686325
2006.705812405,-81.33771656945112,2015.201119,-86.46229360897442,2007.201617199,-69.76978826633787,,,,,2006.711035008,-86.41473406383254,2019.728155,-91.49745984450223,2009.062851979,-84.94936353267956,2023.50137,-92.18340325562497,,,2007.018550228,-82.9388797147217,,,,,2013.31993,-80.03592210320653,2007.586486,-77.16438866193177,2020.583163,-71.37104063913995,2012.73224,-70.52506422271189,2017.477356,-82.84205776619004,2018.273044,-88.34489640301054,2008.671757362,-76.78066247249855,,,,,2006.873508371,-74.14382030776108,,,2015.945301,-70.11697288161668,2007.6972,-86.24175913884758,2015.997092,-88.36699124469703,2013.249944,-85.02462260440652,2008.832915908,-69.79374638282066,2024.043716,-78.62446100303478,2007.201436327,-67.15432586202525,2010.04827,-69.86077933259071,2022.122691,-91.34399058933978,,,2014.55342,-85.18920697291928,2011.738878,-88.96376641235202
2006.722656012,-81.31212543430118,2015.233745,-86.45940746081003,2007.259284627,-69.82872912092402,,,,,2006.731537291,-86.36457606978784,2019.789586,-91.59538766863912,2009.11749239,-84.93395794524396,2023.539726,-92.22687818333391,,,2007.029699391,-82.92460280614613,,,,,2013.340636,-80.0448307454627,2007.586566,-77.1646001142424,2020.603297,-71.39474978021973,2012.81421,-70.47584775923777,2017.536163,-82.88699406687022,2018.349192,-88.37770978915314,2008.688091985,-76.8038343111078,,,,,2006.873523592,-74.14382855145853,,,2015.964466,-70.12264387703645,2007.7354,-86.2828115874097,2016.015059,-88.42133273670218,2013.264831,-85.02202728598655,2008.849157559,-69.80651277407608,2024.068306,-78.50420871362385,2007.225136986,-67.22116039701365,2010.19896,-69.97296184768572,2022.453514,-91.73847986690899,,,2014.5726,-85.22909538350933,2011.747092,-88.97744603605604
2006.722684551,-81.31208207390908,2015.270649,-86.45576336232922,2007.277682648,-69.84807659065163,,,,,2006.739802131,-86.34378073618582,2019.842803,-91.68262585376362,2009.15069825,-84.92343267419125,2023.578082,-92.27377098077133,,,2007.056915906,-82.88986024201832,,,,,2013.414672,-80.07198216219763,2007.586644,-77.16480628024529,2020.630904,-71.4275422527192,2012.90437,-70.40657176965169,2017.574379,-82.92573473762248,2018.369839,-88.38582829228334,2008.726354736,-76.85807846881382,,,,,2006.892728311,-74.15558907444864,,,2016.130904,-70.20600402760412,2007.75747,-86.29940410279812,2016.033996,-88.47941710158096,2013.287304,-85.01784615340223,2008.868586825,-69.82023781792415,2024.095628,-78.36571991251746,2007.273995434,-67.36536438673133,2010.39062,-70.09436397516215,2022.472679,-91.75724990024602,,,2014.59178,-85.2692277159422,2011.759241,-88.99770693861187
2006.744746956,-81.2816683826322,2015.308865,-86.45165183298874,2007.387186073,-69.96701832257389,,,,,2006.759006849,-86.29377444979191,2019.89756,-91.77421423283559,2009.158578767,-84.92084628279834,2023.578082,-92.27377098077133,,,2007.0956621,-82.8411421479739,,,,,2013.435034,-80.0780647623833,2007.586724,-77.16501773255591,2020.655545,-71.45704767270699,2012.99454,-70.30565929541245,2017.600103,-82.95717319811615,2018.388889,-88.392536287222,2008.745550622,-76.88527100811305,,,,,2006.911891172,-74.16768338160428,,,2016.149841,-70.21959270203847,2007.77386,-86.30819584629994,2016.072326,-88.60000416278922,2013.308865,-85.01352043143972,2008.88757969,-69.83339751893554,2024.122951,-78.22095415771311,2007.413951674,-67.80688921319812,2010.5687,-70.15169640927927,2022.491844,-91.77535118161944,,,2014.61096,-85.3095642290036,2011.767226,-89.0111955144451
2006.758894597,-81.26348771122179,2015.351244,-86.44686076816613,2007.392694064,-69.97315002978218,,,,,2006.778148782,-86.24228545820739,2020.009469,-91.966624682251,2009.172269787,-84.91627572329934,2023.646575,-92.36522125225213,,,2007.163584475,-82.75714229404453,,,,,2013.445758,-80.0811061419122,2007.586806,-77.1652344711743,2020.678645,-71.48486719568072,2013.09315,-70.18536138710328,2017.630333,-82.99583183401963,2018.406801,-88.39880111813908,2008.786407104,-76.94275612685195,,,,,2006.931065449,-74.18068194825504,,,2016.173741,-70.23770878310795,2007.79595,-86.31537124674584,2016.087213,-88.64736498498469,2013.34246,-85.00632090837543,2008.887824454,-69.8335671100457,2024.122951,-78.22095415771311,2007.581185312,-68.35676565240124,2010.74679,-70.12875180610423,2022.512207,-91.7939779747949,,,2014.63014,-85.35007275745762,2011.77852,-89.03027378313176
2006.75891933,-81.26345821758875,2015.392198,-86.44218297399595,2007.431421233,-70.01637574248916,,,,,2006.787775875,-86.21572843213511,2020.023159,-91.9905783999649,2009.210513699,-84.90357920135045,2023.646575,-92.36522125225213,,,2007.172264079,-82.74649659754876,,,,,2013.453971,-80.08323788601531,2007.586887,-77.1654485666385,2020.7034,-71.51480588515875,2013.26849,-69.91456143530891,2017.667123,-83.0500675376925,2018.424425,-88.4040206077517,2008.802840392,-76.96559829710986,,,,,2006.931097793,-74.18070387479958,,,2016.192791,-70.25302460622099,2007.81225,-86.31751832403664,2016.128509,-88.78043122001031,2013.364591,-85.00136826225885,2008.903855495,-69.84391016133765,2024.142077,-78.11780120906782,2007.690780061,-68.70268487901548,2010.93594,-70.00962356857366,2022.531372,-91.81088835107958,,,2014.64932,-85.39072096861106,2011.83379,-89.12551850802038
2006.779828767,-81.23852411077965,2015.423512,-86.43870007460082,2007.463964992,-70.05288117549541,,,,,2006.826227169,-86.10597557777147,2020.108887,-92.14386614894684,2009.23277968,-84.89645295388692,2023.761644,-92.53856954272078,,,2007.191038813,-82.72349618654499,,,,,2013.526353,-80.0988994709858,2007.677595,-77.39104323728738,2020.727927,-71.54455486908677,2013.3589,-69.76974442291139,2017.746407,-83.18229778453991,2018.443705,-88.40973053510828,2008.824654675,-76.99590972868106,,,,,2006.950247336,-74.19434315360947,,,2016.28719,-70.34189315087293,2007.85112,-86.31036180850006,2016.147331,-88.84131086074856,2013.437201,-84.9849409251327,2008.904219794,-69.84412793341001,2024.142077,-78.11780120906782,2007.748192542,-68.87205890531031,2011.09211,-69.85624250484136,2022.550537,-91.82686439909557,,,2014.66849,-85.43146082213048,2011.842232,-89.14024229617836
2006.779931507,-81.23840464841248,2015.46458,-86.43440412191534,2007.617399163,-70.22291370468024,,,,,2006.83445586,-86.08174092789913,2020.122919,-92.16928654257208,2009.246128234,-84.89218073704254,2023.769863,-92.55170250766302,,,2007.202151826,-82.70990436102106,,,,,2013.720284,-80.12213213311445,2007.67769,-77.39125862842451,2020.753765,-71.57594280526074,2013.45205,-69.6205385308104,2017.824379,-83.3272549653357,2018.464123,-88.41446810583274,2008.882026032,-77.07388747873364,,,,,2006.969440639,-74.20850812366659,,,2016.325634,-70.38419841004072,2007.86724,-86.3022052902793,2016.303047,-89.33063633577656,2013.454199,-84.98125428958073,2008.944947253,-69.86796900891619,2024.161202,-78.01113701765205,2007.786662861,-68.97942283733934,2011.28377,-69.63868409986483,2022.569702,-91.84225476864493,,,2014.68767,-85.47230376393597,2011.852841,-89.15883395319322
2006.796375571,-81.22172745360888,2015.501256,-86.43097542470662,2007.622802511,-70.22870910281463,,,,,2006.883761416,-85.93288398553744,2020.136266,-92.19355125231084,2009.265186454,-84.88640897448862,2023.769863,-92.55170250766302,,,2007.21042618,-82.69978437142967,,,,,2013.739335,-80.12443722004568,2007.677768,-77.39143547588478,2020.778406,-71.60588200887418,2013.54247,-69.51057786391172,2017.858659,-83.39429470345104,2018.48192,-88.41855738397155,2008.898937462,-77.09658108990494,,,,,2006.969450152,-74.20851514441554,,,2016.345883,-70.4075279747221,2007.91333,-86.26529278444129,2016.322097,-89.3862314565688,2013.481235,-84.97568045890966,2008.96421524,-69.87764908213487,2024.161202,-78.01113701765205,2007.811434551,-69.04544624964055,2011.49747,-69.43839915375624,2022.587327,-91.85594367192779,,,2014.70685,-85.51320939380092,2011.861625,-89.1742635697267
2006.796400304,-81.22170236996425,2015.5397,-86.42797048149181,2007.737871005,-70.34595345565029,,,,,2006.902929985,-85.87358675619988,2020.150297,-92.21955470654721,2009.292697869,-84.87876838647904,2023.8,-92.60127820885074,,,2007.221232877,-82.68656175845183,,,,,2013.76004,-80.12732882039869,2007.677843,-77.39160552151942,2020.802932,-71.63564845860361,2013.63014,-69.4066631086574,2017.896875,-83.46945958308707,2018.502397,-88.42175544342788,2008.91805935,-77.12174648878776,,,,,2006.988584475,-74.22354450747322,,,2016.367672,-70.4340584352674,2007.9466,-86.22551934178848,2016.342803,-89.44534776530793,2013.494354,-84.97312488114892,2008.999857696,-69.8940087640585,2024.177596,-77.91915844657701,2007.879138128,-69.21293421285462,2011.66185,-69.36773515812416,2022.606492,-91.86976817937239,,,2014.71507,-85.53075386240975,2011.872348,-89.19314103271874
2006.815856164,-81.20356876003324,2015.578144,-86.42574721590819,2007.757039574,-70.36402402492267,,,,,2006.995966514,-85.58112306690303,2020.173398,-92.26236746375037,2009.407562785,-84.85776467219023,2023.819178,-92.63349287944322,,,2007.2295586,-82.67637017561636,,,,,2013.779205,-80.13040798708133,2007.677921,-77.39178236897969,2020.850902,-71.69364474299661,2013.72329,-69.35103895514013,2017.936288,-83.54695092685604,2018.521448,-88.42464193655339,2008.994093427,-77.21948566902904,,,,,2007.161219559,-74.38173703362791,,,2016.399955,-70.47494475113645,2007.96467,-86.1998568277668,2016.361739,-89.49818576950211,2013.518368,-84.96882454202847,2008.999962052,-69.89405133128146,2024.210383,-77.72835677013296,2007.920458524,-69.30378548039846,2011.8098,-69.38644553464121,2022.625657,-91.88296810545174,,,2014.72603,-85.55414822215455,2011.880676,-89.20784403426583
2006.815880898,-81.20354830136908,2015.620295,-86.42447685432478,2007.790249239,-70.39374426220209,,,,,2007.027587519,-85.48228093357241,2020.200662,-92.31329894550666,2009.421472603,-84.85699855526948,2023.827397,-92.647565078264,,,2007.249495814,-82.65196159093853,,,,,2014.007074,-80.22028737645853,2007.678,-77.39196148371535,2020.875771,-71.72353128434001,2013.8137,-69.31460692375215,2017.974618,-83.62157685617305,2018.59805,-88.42595454889448,2009.013314307,-77.24359554513067,,,,,2007.218730974,-74.44282009814492,,,2016.44302,-70.5328944853967,2007.99004,-86.15846095009083,2016.38079,-89.54915228366443,2013.533882,-84.96626572442773,2009.021537291,-69.90285195614443,2024.210383,-77.72835677013296,2007.920468037,-69.30380482713475,2012.00989,-69.53798941801324,2022.663987,-91.90716748800449,,,2014.74521,-85.5951078612339,2011.891513,-89.22698768318381
2006.873495053,-81.16574087170804,2015.655887,-86.42442527752414,2007.795395738,-70.39818905504352,,,,,2007.200171233,-84.9859394807279,2020.214466,-92.3395070235136,2009.438476027,-84.85688517890065,2023.827397,-92.647565078264,,,2007.287096651,-82.60565161056223,,,,,2014.045518,-80.24988306934087,2007.678078,-77.3921383311751,2020.900183,-71.75271170165402,2013.90411,-69.32649755402684,2018.011522,-83.69119575567062,2018.615733,-88.4235356010112,2009.032435312,-77.26713558852688,,,,,2007.21874239,-74.44283259760788,,,2016.478041,-70.5827669673426,2008.00647,-86.1292784846449,2016.436859,-89.68962627190493,2013.555784,-84.96313983022608,2009.059912481,-69.91550213385575,2024.234973,-77.5785008642844,2007.953906012,-69.37120054425846,2012.1547,-69.7118239503823,2022.681612,-91.91714558516624,,,2014.76438,-85.63604755913809,2011.899727,-89.24153621982235
2006.892635084,-81.15814762298223,2015.692791,-86.425701311759,2007.828510274,-70.4257741845071,,,,,2007.209722222,-84.96165840131735,2020.238764,-92.38563886062002,2009.607553272,-84.89252075093378,2023.849315,-92.68524712430703,,,2007.325152207,-82.55828238619854,,,,,2014.064569,-80.26629870729518,2007.67816,-77.39232424773587,2020.926022,-71.78340228653181,2014.0137,-69.37635044425377,2018.052476,-83.76540221120132,2018.634669,-88.42094524885842,2009.070810502,-77.31385072264821,,,,,2007.237817732,-74.46381887666683,,,2016.497206,-70.6107950956232,2008.04239,-86.05711537699301,2016.475303,-89.77601545586957,2013.574721,-84.96092520583608,2009.06000761,-69.91553217092539,2024.248634,-77.49466321193387,2008.038384183,-69.51091851015312,2012.25294,-69.84583720939978,2022.700777,-91.92741410141413,,,2014.78356,-85.67699411224949,2011.910792,-89.26113441289579
2006.911719939,-81.1538979368614,2015.728383,-86.4284137847831,2007.833751903,-70.42992920046457,,,,,2007.219434932,-84.93759727387832,2020.251256,-92.40945004985245,2009.772052892,-85.00944507566383,2023.849315,-92.68524712430703,,,2007.336314688,-82.54426466092018,,,,,2014.084589,-80.28488626176006,2007.67824,-77.3925056297464,2020.950548,-71.81231845288157,2014.11781,-69.46808306231728,2018.086642,-83.82437802965646,2018.656915,-88.41552759069305,2009.109153349,-77.35971087960277,,,,,2007.259847793,-74.48878522937198,,,2016.593259,-70.76095860039165,2008.06153,-86.01514573758313,2016.49424,-89.8153982146619,2013.593145,-84.95921005711197,2009.095675419,-69.9246162100076,,,2008.038391773,-69.51092873454168,2012.436,-70.08239910874674,2022.719942,-91.93677879801253,,,2014.80274,-85.71791752645512,2011.920432,-89.27822671134173
2006.936421233,-81.15254174842919,2015.767911,-86.43314114226712,2007.872136606,-70.45848545275702,,,,,2007.257568493,-84.84778161482288,2020.289586,-92.48405570097106,2010.193974505,-85.69241052062551,2023.876712,-92.73370535853492,,,2007.344670852,-82.53377107877337,,,,,2014.101473,-80.30203220106996,2007.678322,-77.39269154630716,2020.975303,-71.8412709198705,2014.21644,-69.57091038256824,2018.124972,-83.88699622030052,2018.671688,-88.41181498634184,2009.131021689,-77.38563597651513,,,,,2007.259857306,-74.48879601031857,,,2016.650412,-70.85549816391888,2008.08076,-85.97069194224268,2016.517226,-89.8598593990068,2013.609344,-84.95808487925706,2009.117865297,-69.92940829250477,,,2008.062981937,-69.54405381905376,2012.62726,-70.22816126376895,2022.778634,-91.960613338079,,,2014.82192,-85.75880333809742,2011.931383,-89.29764510289071
2006.974366438,-81.15924108166843,2015.806355,-86.43976330746632,2007.885930365,-70.46798582581202,,,,,2007.28636796,-84.78505260795804,2020.303275,-92.51070002025494,,,2023.90411,-92.78341328815277,,,2007.41321347,-82.44561412674453,,,,,2014.120295,-80.32223364797906,2007.678406,-77.39288199741819,2020.99983,-71.8697082475003,2014.29589,-69.65820348211629,2018.169861,-83.95380935296963,2018.690853,-88.40500685044101,2009.185799087,-77.44982535045601,,,,,2007.314630898,-74.5532564023378,,,2016.670889,-70.8900384050136,2008.11892,-85.87648013979162,2016.533653,-89.88968169597113,2013.62828,-84.95724613721897,2009.155949391,-69.9348263906086,,,2008.286919399,-69.65052047702147,2012.81578,-70.21529494137938,2022.797799,-91.96658838956358,,,2014.8411,-85.79964824380839,2011.942335,-89.3170450880225
2006.988544521,-81.16526908685184,2015.843145,-86.44814698501378,2008.02003643,-70.53255417190996,,,,,2007.334303653,-84.69200690207721,2020.330653,-92.56515108567257,,,2023.90411,-92.78341328815277,,,2007.462157534,-82.38018489511465,,,,,2014.203743,-80.42750698115542,2007.678488,-77.39306791397895,2021.022816,-71.8961178154732,2014.38356,-69.75622703104841,2018.213781,-84.01097265026456,2018.709903,-88.39789403755859,2009.204996195,-77.4722564512616,,,,,2007.468049848,-74.75463131797001,,,2016.68743,-70.91807274640566,2008.15736,-85.77470096481338,2016.552818,-89.92276824285652,2013.644479,-84.95692795091355,2009.213527397,-69.93789063599219,,,2008.415437158,-69.55197330676238,2012.9853,-70.0608051605508,2022.816964,-91.97192198836342,,,2014.86027,-85.84042048146526,2011.950548,-89.33158986387387
2006.988574962,-81.1652820292578,2015.881703,-86.45921411029703,2008.02547245,-70.5341014135514,,,,,2007.363070776,-84.64290413974865,2020.347822,-92.59940640312085,,,2023.923288,-92.81874873278903,,,2007.475962709,-82.361440519434,,,,,2014.223022,-80.45570190068574,2007.777434,-77.60332968856898,2021.047457,-71.92415651668308,2014.47123,-69.83608011069978,2018.246407,-84.04782127212931,2018.730665,-88.38786014223616,2009.254322679,-77.53016255702518,,,,,2007.509178082,-74.81483316385318,,,2016.706366,-70.95027954475347,2008.19837,-85.66073909656687,2016.572097,-89.95254181516903,2013.66661,-84.95730947092794,2009.23238204,-69.93769432200239,,,2008.458025956,-69.49329999773863,2013.15512,-69.78799795063463,2022.853754,-91.98003372115214,,,2014.87945,-85.88115979535182,2011.958648,-89.34591707689944
2007.051156773,-81.20883284460872,2015.921345,-86.47322431262711,2008.077385018,-70.54233963536818,,,,,2007.382267884,-84.61349364863175,2020.361968,-92.6276302787469,,,2023.923288,-92.81874873278903,,,2007.574800228,-82.2207065940865,,,,,2014.241959,-80.48461221657475,2007.77751,-77.60348053761594,2021.095312,-71.97775463805725,2014.55616,-69.8923504464721,2018.286049,-84.08737907744073,2018.748233,-88.37904513836686,2009.262549467,-77.53990886199998,,,,,2007.602334475,-74.96184232678105,,,2016.803503,-71.11545066860099,2008.23366,-85.56008997495638,2016.589722,-89.97791751283482,2013.686745,-84.95842804016034,2009.270709665,-69.93567782320892,,,2008.497744004,-69.42781688324467,2013.26733,-69.56460285838013,2022.872919,-91.98308987556143,,,2014.89589,-85.91603052362112,2011.969257,-89.3646492550103
2007.161286149,-81.36212831167836,2015.959218,-86.48925130482088,2008.082849499,-70.54241758863165,,,,,2007.391828387,-84.59966471464156,2020.392198,-92.68926312609067,,,2023.942466,-92.85489057317973,,,2007.585416667,-82.20488166637381,,,,,2014.259812,-80.51289984251206,2007.777588,-77.6036353563751,2021.120067,-72.00502002536413,2014.6411,-69.93702512345044,2018.321527,-84.11760648157336,2018.76871,-88.36644761405691,2009.281733257,-77.56263596617622,,,,,2007.854375951,-75.44378822373393,,,2016.825406,-71.15213005762017,2008.25268,-85.50540729485654,2016.608887,-90.00359628442276,2013.703172,-84.9600008639121,2009.350294901,-69.92507224309767,,,2008.497753491,-69.4277994247801,2013.45364,-69.18265410835393,2022.892084,-91.98553129454167,,,2014.92329,-85.97406136615868,2011.977813,-89.37975051465884
2007.180047565,-81.39805463323088,2016.002055,-86.5106622021397,2008.096653005,-70.54253034414127,,,,,2007.411006469,-84.57346770846812,2020.417922,-92.74180544488017,,,2023.942466,-92.85489057317973,,,2007.593864155,-82.19220303510383,,,,,2014.278748,-80.54423735397691,2007.777742,-77.60394102418167,2021.144708,-72.0318403991811,2014.73151,-69.92808119855013,2018.361168,-84.14330037634707,2018.809207,-88.33807253675216,2009.301149163,-77.58601377962236,,,,,2007.93401446,-75.61900438813058,,,2016.897331,-71.26884773495316,2008.29098,-85.39544668760172,2016.628166,-90.02600859656793,2013.722223,-84.96242870363402,2009.465477549,-69.8973972703436,,,2008.620590468,-69.1616770067051,2013.6098,-68.91229315107277,2022.911249,-91.98710073243191,,,2014.93699,-86.00303623408522,2011.98865,-89.39877093474027
2007.319996195,-81.73997184795402,2016.034452,-86.5291413593227,2008.121110352,-70.54083743356628,,,,,2007.449391172,-84.52965438456619,2020.445301,-92.79876292077087,,,2023.986301,-92.93950671872787,,,2007.651141553,-82.10446877081067,,,,,2014.295175,-80.57259280458582,2007.77782,-77.60409584294082,2021.17317,-72.06241884922751,2014.81096,-69.92022150566959,2018.399498,-84.16082966607077,2018.843944,-88.30910214655354,2009.320108447,-77.60890172970122,,,,,2008.103424787,-76.00562009623397,,,2016.914329,-71.2954381690405,2008.31001,-85.3414581212538,2016.647217,-90.04574070178771,2013.747434,-84.96675010924885,2009.481830289,-69.8923619411406,,,2008.644820128,-69.09931441231373,2013.82361,-68.69115247012388,2022.950777,-91.98809075083228,,,2014.95616,-86.04352237811783,2011.996407,-89.4123855327446
2007.333795662,-81.78030236310028,2016.073125,-86.55400216463525,2008.153935185,-70.53472561563156,,,,,2007.509503425,-84.48046212538313,2020.494582,-92.9021744187548,,,2023.986301,-92.93950671872787,,,2007.66222793,-82.08702583924526,,,,,2014.31434,-80.60658136235163,2007.7779,-77.60425463141175,2021.192335,-72.08276027886535,2014.89863,-69.85755605260564,2018.439026,-84.17249961772418,2018.864363,-88.29056113253165,2009.511883562,-77.86609677207811,,,,,2008.179912341,-76.17423508237196,,,2016.93184,-71.32214255256538,2008.33157,-85.2811371584143,2016.66758,-90.06440573961683,2013.770307,-84.97186074087824,2009.542064307,-69.87292534430735,,,2008.667148604,-69.03773376510424,2013.9606,-68.68497220650147,2022.969942,-91.98763124403608,,,2014.97534,-86.0839757168584,2012.006275,-89.42960756169934
2007.396765601,-81.97763128364953,2016.109686,-86.58019786676311,2008.173060868,-70.52886022631414,,,,,2007.535644977,-84.4671952290983,2020.519964,-92.95610258749278,,,2024.002732,-92.97235196739858,,,2007.815677321,-81.83474214994929,,,,,2014.337441,-80.64907914940576,2007.777978,-77.60440945017092,2021.2115,-72.10292083251603,2014.98082,-69.79271123194796,2018.474618,-84.17776232046943,2018.881932,-88.27247414706572,2009.550243531,-77.92532941263582,,,,,2008.199053203,-76.21456820385177,,,2016.953629,-71.35478036698052,2008.3512,-85.22733479649503,2016.684121,-90.07719903347495,2013.786734,-84.9762998840473,2009.693251522,-69.81648027400423,,,2008.685927064,-68.9847268774275,2014.15512,-68.84297919350512,2022.989106,-91.9862603111347,,,2014.99452,-86.12437703228451,2012.014602,-89.44410819646214
2007.434556697,-82.10459826423242,2016.14813,-86.61068483375098,2008.181238616,-70.52580458566891,,,,,2007.593188737,-84.4551852829837,2020.53411,-92.98615805494866,,,2024.002732,-92.97235196739858,,,2007.824162861,-81.82030498624442,,,,,2014.584932,-81.17415729934183,2007.778058,-77.60456823864185,2021.230665,-72.12288936359357,2015.07671,-69.70127809211031,2018.514146,-84.17732062658877,2018.901325,-88.25221471088966,2009.665321537,-78.12410871483729,,,,,2008.237295082,-76.29217936558317,,,2016.977698,-71.38964917459171,2008.36601,-85.18759825861304,2016.7034,-90.08942233926649,2013.806127,-84.98227653071058,,,,,2008.710179493,-68.91296527040262,2014.27555,-69.05818134262486,2023.006731,-91.98454676987413,,,2015.0137,-86.16473255407834,2012.033539,-89.47685272228422
2007.448814688,-82.15427416186374,2016.190282,-86.64762157551837,2008.192233986,-70.52119803284407,,,,,2007.621860731,-84.45750076282192,2020.622919,-93.17801632149363,,,2024.019126,-93.00529840462895,,,2007.835173135,-81.80157227999678,,,,,2014.606948,-81.22311895859949,2007.778136,-77.60472305740055,2021.249944,-72.1427351589521,2015.2274,-69.5504464366908,2018.55259,-84.16965462989694,2018.921688,-88.22867494008217,2009.87619863,-78.58138903588669,,,,,2008.237302672,-76.2921943254384,,,2016.994811,-71.41336083078662,2008.39153,-85.12104833793526,2016.722223,-90.09931160978407,2013.819588,-84.98681373295302,,,,,2008.748668033,-68.79336389848596,2014.42624,-69.39180906227875,2023.025896,-91.98219054825894,,,2015.03288,-86.20504427017018,2012.089722,-89.5718074927877
2007.50891933,-82.37021930369889,2016.228612,-86.68406189720794,2008.197745902,-70.51888879429916,,,,,2007.650742009,-84.46528716525309,2020.658169,-93.2547432445115,,,2024.038251,-93.04465750058814,,,2007.873744292,-81.73563161964834,,,,,2014.62349,-81.25970520328949,2007.778216,-77.60488184587147,2021.267569,-72.16072172203543,2015.39178,-69.43850282112794,2018.589152,-84.15793598140466,2018.940624,-88.20637001617831,2009.914589041,-78.67744847034376,,,,,2008.256418868,-76.32962782842071,,,2017.014945,-71.44070389182434,2008.40553,-85.08569179943683,2016.741502,-90.10676726134717,2013.837327,-84.99366540014695,,,,,2008.789754098,-68.65829805728926,2014.65638,-70.00843704520386,2023.045061,-91.97897493310437,,,2015.05205,-86.24529257692066,2012.139232,-89.65155847672021
2007.530781963,-82.45119103198532,2016.265173,-86.72151616492786,2008.21129326,-70.51202506461696,,,,,2007.662947108,-84.47015356522358,2020.67066,-93.28202445059654,,,2024.068306,-93.10768423403444,,,2007.891638128,-81.7049719199081,,,,,2014.642198,-81.30066599549704,2007.846975,-77.73610685386521,2021.286734,-72.18011817078897,2015.53425,-69.45853869134409,2018.665925,-84.12109560579664,2018.959903,-88.18150427980524,2010.01049277,-78.93232295745022,,,,,2008.25642456,-76.32963836628753,,,2017.034224,-71.46580934919936,2008.42515,-85.03781618330524,2016.762093,-90.11136909016389,2013.859001,-85.00296845151198,,,,,2008.811492486,-68.58345509172129,2014.75227,-70.27987503044649,2023.064226,-91.9752693803103,,,2015.07123,-86.28553251907896,2012.147331,-89.66421233733045
2007.549984779,-82.52303324832233,2016.303503,-86.76312466326752,2008.216738767,-70.50911405337303,,,,,2007.669920091,-84.47361077469225,2020.691992,-93.32861501085664,,,2024.068306,-93.10768423403444,,,2007.901303272,-81.68841144550882,,,,,2014.661705,-81.34291135232534,2007.847059,-77.73625967027169,2021.305784,-72.1992285119739,2015.66575,-69.56205599658647,2018.702601,-84.09765457224454,2019.035137,-88.07512852898543,2010.051596271,-79.04741683144549,,,,,2008.275525577,-76.36500097681393,,,2017.053503,-71.48975235828492,2008.44386,-84.99413308679897,2016.781144,-90.11338574106509,2013.878737,-85.01243315572836,,,,,2008.833369384,-68.50728878158668,2014.97704,-70.88848919214828,2023.083391,-91.97109318968305,,,2015.09041,-86.32573865514127,2012.158397,-89.68122969922551
2007.563692922,-82.57486571481147,2016.348507,-86.81470548058701,2008.268841075,-70.47390612468428,,,,,2007.679490107,-84.4783555947973,2020.780801,-93.52216493636209,,,2024.114754,-93.20902410483346,,,2007.914855403,-81.66523702880681,,,,,2014.678988,-81.37990515314411,2007.847141,-77.73640884819233,2021.324949,-72.21822130619412,2015.97534,-70.14009072652361,2018.741045,-84.07069378459651,2019.054302,-88.04570115433782,,,,,,,2008.275574909,-76.36509230746395,,,2017.072668,-71.51284566005766,2008.46582,-84.94569264097282,2016.800309,-90.11340553296456,2013.897331,-85.02219171846677,,,,,2008.852709472,-68.43714508105211,2015.16608,-71.31681502245185,2023.101016,-91.96664066438932,,,2015.11507,-86.37739496176415,2012.170432,-89.69946912749015
2007.607574201,-82.74197417698552,2016.381361,-86.85428359130646,2008.274134791,-70.46980801854423,,,,,2007.689088661,-84.48409773806775,2020.795061,-93.55305479591063,,,2024.163934,-93.32130712148867,,,2007.939098174,-81.62383250786432,,,,,2014.698267,-81.42045700879332,2007.847219,-77.73655074914124,2021.345312,-72.23822536039,2016.12568,-70.52783056237134,2018.780459,-84.04127569066237,2019.092688,-87.98341593505386,,,,,,,2008.294660747,-76.39938902063292,,,2017.125771,-71.57036941418762,2008.52046,-84.84001533327653,2016.819245,-90.11023039944428,2013.920432,-85.03541675961627,,,,,2008.876738009,-68.34933072022672,2015.30843,-71.55647148019749,2023.120181,-91.96132466639294,,,2015.13425,-86.41754581422046,2012.181612,-89.7160531241898
2007.739141933,-83.24295699240241,2016.418151,-86.8999416235716,2008.293250987,-70.45276068243376,,,,,2007.69870624,-84.49036789387056,2020.80818,-93.5814730334575,,,2024.163934,-93.32130712148867,,,2007.950399543,-81.60468352686098,,,,,2014.717546,-81.46004214105092,2007.847297,-77.73669265009016,2021.364477,-72.2568857034792,2016.23497,-70.79756195194811,2018.818903,-84.01146113241836,2019.110257,-87.95360881988859,,,,,,,2008.294670234,-76.39940525533144,,,2017.144936,-71.58872275523264,2008.53968,-84.80808111297362,2016.836984,-90.10545319723646,2013.940053,-85.04764867776419,,,,,2008.896313373,-68.27576839676853,2015.48925,-71.75901472424462,2023.139346,-91.95559794706277,,,2015.15342,-86.4576589300591,2012.18914,-89.72708092331435
2007.774670852,-83.37398863901063,2016.46458,-86.95927315069724,2008.326180176,-70.41966835873967,,,,,2007.756259513,-84.53880847398628,2020.859344,-93.69138515099206,,,2024.23224,-93.4879276324255,,,2007.991162481,-81.53605608638529,,,,,2014.736483,-81.49806030598468,2007.847376,-77.7368363702818,2021.383642,-72.2753942690587,2016.32787,-71.0129190311795,2018.894137,-83.95293052667677,2019.148701,-87.88682125471242,,,,,,,2008.332925395,-76.46281787519767,,,2017.173626,-71.61418993806801,2008.55872,-84.77937171301119,2016.856264,-90.09850334896328,2013.9534,-85.05639963002136,,,,,2008.917835458,-68.19398050926954,2015.6372,-71.82961076072745,2023.158511,-91.94932707751617,,,2015.1726,-86.49777453190346,2012.199977,-89.7427582614729
2007.793928843,-83.44399830022034,2016.497548,-87.00229908521638,2008.33151184,-70.41354740939964,,,,,2007.765810502,-84.54914941458996,2020.872919,-93.72043185915611,,,2024.23224,-93.4879276324255,,,2008.813325364,-81.0839328679298,,,,,2014.75696,-81.53809846726772,2007.847454,-77.73697827123071,2021.402921,-72.29385053763045,2016.44262,-71.22599499434199,2018.933665,-83.92393155257146,2019.175908,-87.8383212559532,,,,,,,2008.352043488,-76.49246831963077,,,2017.189939,-71.62778565935085,2008.57777,-84.75367398798895,2016.875428,-90.08880053190124,2013.972679,-85.06981454930228,,,,,2008.917850638,-68.19392169921862,2015.80432,-71.82010928154929,2023.184349,-91.9401459562849,,,2015.19178,-86.53787499734247,2012.208305,-89.75449402791445
2007.834988584,-83.5887458136716,2016.536962,-87.05424805826866,2008.364497951,-70.37371328048957,,,,,2007.775428082,-84.55963398749518,2020.897445,-93.77234418831932,,,2024.308743,-93.68955853664227,,,2008.813695355,-81.0842474192563,,,,,2014.776125,-81.574499190476,2007.847531,-77.73711835293649,2021.420432,-72.31045216297413,2016.50546,-71.32132427617825,2019.00867,-83.87486459581439,2019.19359,-87.80609233579337,,,,,,,2008.36841606,-76.51506366778591,,,2017.228383,-71.65497739531042,2008.59693,-84.73122558085308,2016.894708,-90.07694744920889,2013.991844,-85.08409006878887,,,,,2008.934560944,-68.12918296751188,2015.98252,-71.72243669026483,2023.222679,-91.92516847534137,,,2015.21096,-86.57795955521948,2012.219257,-89.76987185776227
2007.851563927,-83.64583634337575,2016.572668,-87.10145266357236,2008.369725258,-70.36705098958996,,,,,2007.785017123,-84.57057225601069,2020.913987,-93.80712617251257,,,2024.308743,-93.68955853664227,,,2008.846377884,-81.11359655727831,,,,,2014.79529,-81.60945583281024,2007.84761,-77.73726207312855,2021.439711,-72.32861408877686,2016.58743,-71.42976582962235,2019.08379,-83.84037070032163,2019.212755,-87.77113233349257,,,,,,,2008.368450213,-76.51511043696247,,,2017.247206,-71.66668710786534,2008.61611,-84.71238359266485,2016.913873,-90.06348739880197,2014.012207,-85.10011210267959,,,,,2008.954145795,-68.0527217391416,2016.14103,-71.58338748989514,2023.241844,-91.91712376578654,,,2015.23014,-86.61802704231661,2012.227356,-89.78079127974682
2007.873474125,-83.71944263608549,2016.614934,-87.1570120431585,2008.403233151,-70.31995941019917,,,,,2007.852245053,-84.66147093354297,2020.937316,-93.85617882087767,,,,,,,2008.948239223,-81.21932175076924,,,,,2014.814569,-81.64318032317406,2007.847688,-77.73740397407745,2021.458876,-72.34654502612783,2016.67486,-71.47738847501921,2019.122234,-83.82880746857816,2019.233174,-87.73345059149167,,,,,,,2008.390287265,-76.54412584655157,,,2017.265059,-71.67623931883425,2008.63526,-84.69694671917559,2016.931497,-90.049206075258,2014.031372,-85.11601328685718,,,,,2008.954155282,-68.05268402299777,2016.31852,-71.40059646800964,2023.259469,-91.90935030658497,,,2015.24932,-86.65807481576968,2012.238764,-89.79617203860549
2007.94783105,-83.95289001211732,2016.647674,-87.19949971873443,2008.408697632,-70.31161131622748,,,,,2007.919387367,-84.77350640955025,2020.950777,-93.88398098717525,,,,,,,2008.982923497,-81.25900649532355,,,,,2014.833505,-81.67498449230756,2007.847768,-77.73754951351223,2021.478155,-72.36446444109404,2016.96175,-71.48354494012139,2019.169975,-83.82170124422116,2019.250971,-87.70060842744662,,,,,,,2008.390298649,-76.54413913990993,,,2017.286619,-71.68671262525721,2008.65427,-84.68501998351697,2016.953514,-90.02899541428877,2014.047799,-85.13023551713829,,,,,2008.978178127,-67.95717974756441,2016.48518,-71.23280562875208,2023.297799,-91.89168425699359,,,2015.26849,-86.6980780320798,2012.275668,-89.84267754132685
2008.02410633,-84.16270038498524,2016.687316,-87.2497816835062,2008.421846539,-70.29152371572877,,,,,2007.928938356,-84.79065945483856,2020.963895,-93.91096952978836,,,,,,,2008.991575592,-81.26901581520326,,,,,2014.837784,-81.68196784280157,2007.847848,-77.737695052947,2021.497206,-72.38202513706732,2017.04384,-71.44203815655548,2019.205453,-83.82105285558711,2019.268596,-87.66809687582735,,,,,,,2008.409439511,-76.566490364478,,,2017.306241,-71.69473421680159,2008.67348,-84.67644596408836,2016.972451,-90.00995019583617,2014.066964,-85.14747813606789,,,,,2009.000593607,-67.86686124667104,2016.64912,-71.09578175265477,2023.316964,-91.88233937047642,,,2015.28767,-86.73807109077435,2012.283882,-89.85264325510092
2008.024136688,-84.16277676839523,2016.722908,-87.29359249694771,2008.427624089,-70.28210937662412,,,,,2007.938641553,-84.80893260584216,2020.978155,-93.94030758571598,,,,,,,2009.002054795,-81.2814522383094,,,,,2014.85113,-81.7034377929514,2007.930398,-77.88681895292072,2021.517455,-72.40059211656776,2017.16712,-71.38275190681874,2019.243783,-83.82780567670181,2020.107519,-87.79944463543669,,,,,,,2008.428557605,-76.58664452441924,,,2017.322554,-71.70017318371475,2008.71179,-84.66993525849425,2016.991502,-89.98946218895061,2014.087213,-85.16646553985927,,,,,2009.00060312,-67.86682260120593,2016.82398,-70.99981023695575,2023.337327,-91.8721804806916,,,2015.30685,-86.77802480562057,2012.294833,-89.8651316473664
2008.040412492,-84.20368997340991,2016.762435,-87.34006389006711,2008.436247723,-70.26785355578876,,,,,2007.957724505,-84.84525366757451,2020.997092,-93.9792679479254,,,,,,,2009.010568874,-81.29155650757498,,,,,2014.873147,-81.73697576606263,2007.930474,-77.8869542968548,2021.536619,-72.41807558808979,2017.27123,-71.3555125511621,2019.318789,-83.85707597686417,2020.128052,-87.86595526381689,,,,,,,2008.466803279,-76.61917737164953,,,2017.342917,-71.70616393282901,2008.73371,-84.67286158465167,2017.02852,-89.94453903052151,2014.106492,-85.18522560928719,,,,,2009.022288813,-67.7787269761423,2016.99623,-70.96581266676378,2023.356492,-91.86241162628188,,,2015.32603,-86.81793223230044,2012.303047,-89.8744867982747
2008.061938373,-84.25418653203032,2016.806241,-87.38844491396202,2008.441655282,-70.25891426264835,,,,,2007.967199391,-84.86392090279904,2021.012207,-94.0095926714607,,,,,,,2009.076255708,-81.37074804333133,,,,,2014.889574,-81.76014583502264,2007.930552,-77.88709320247135,2021.555899,-72.43558791482413,2017.36712,-71.3416374237055,2019.361168,-83.88348633497064,2020.147217,-87.93165711162794,,,,,,,2008.485877732,-76.63227456671058,,,2017.36231,-71.71008289434845,2008.7909,-84.70273567434351,2017.047571,-89.91986164252071,2014.128623,-85.20759561862457,,,,,2009.044438737,-67.68734747017483,2017.16608,-70.99061805505941,2023.375657,-91.85236425523274,,,2015.34521,-86.85777934273474,2012.313884,-89.88621063496659
2008.061963039,-84.25424439484728,2016.837555,-87.42054256188406,2008.460667122,-70.22587039074628,,,,,2007.976893075,-84.88301920956728,2021.028292,-94.04185566503742,,,,,,,2009.082020548,-81.37776356455484,,,,,2014.929445,-81.81163377455209,2007.930632,-77.88723566977036,2021.574949,-72.45281620902537,2017.47671,-71.38135423416014,2019.396532,-83.91145209630577,2020.170432,-88.01240848518347,,,,,,,2008.485919475,-76.63229317353127,,,2017.381361,-71.71292457043708,2008.82683,-84.73776969162347,2017.066736,-89.89351426156972,2014.142541,-85.2220987476867,,,,,2009.04445586,-67.6872766735495,2017.35775,-71.07659072289812,2023.394822,-91.84213013920741,,,2015.36712,-86.90320543805058,2012.322554,-89.8954034336994
2008.080855343,-84.29621822847298,2016.875999,-87.45712299491798,2008.468607696,-70.21176273569192,,,,,2007.986453577,-84.90242944670818,2021.042095,-94.06954146549386,,,,,,,2009.098211568,-81.39746788578798,,,,,2014.951119,-81.83631862037468,2007.930708,-77.88737101370445,2021.592688,-72.46879874568876,2017.59452,-71.46131375832395,2019.433436,-83.94664229189472,2020.189483,-88.08275153623478,,,,,,,2008.505047055,-76.6408192366376,,,2017.403264,-71.7150107395977,2008.84872,-84.76486505769914,2017.084361,-89.86844143902401,2014.167808,-85.2490914477461,,,,,2009.06576484,-67.59903700664842,2017.52761,-71.18654026540267,2023.413987,-91.83174967383664,,,2015.38356,-86.93721929847725,2012.334247,-89.90727817319332
2008.080878112,-84.29626761795994,2016.914215,-87.48991555390005,2008.479128719,-70.19223506551742,,,,,2008.015084244,-84.96172008229233,2021.042323,-94.06999878364938,,,,,,,2009.108847032,-81.41041157445684,,,,,2015.276467,-81.89243338888373,2007.930784,-77.88750635763813,2021.611968,-72.48613541806515,2017.71781,-71.59634739828658,2019.471766,-83.98811959848183,2020.208648,-88.15351551573076,,,,,,,2008.50505844,-76.64082431146825,,,2017.418151,-71.71516809852189,2008.90322,-84.8502812577095,2017.103754,-89.84012936095043,2014.321869,-85.42926473474746,,,,,2009.285302511,-66.66354135035887,2017.69747,-71.31054849029229,2023.431612,-91.82204260243161,,,2015.40274,-86.97680097232237,2012.342346,-89.91519426196126
2008.100110049,-84.33704819977388,2016.956481,-87.52176127681763,2008.485200364,-70.18071034294015,,,,,2008.024779903,-84.98217212619922,2021.055784,-94.09694215369055,,,,,,,2009.136434551,-81.44386563368,,,,,2015.295746,-81.87848060220529,2007.93086,-77.88764170157222,2021.631018,-72.50323537571991,2017.83014,-71.77230376057614,2019.511294,-84.03614398016163,2020.246978,-88.30215482838686,,,,,,,2008.524180328,-76.64747036316038,,,2017.437316,-71.71485069647974,2008.92499,-84.89142492090535,2017.125543,-89.80721715520828,2014.339722,-85.45118535304023,,,,,2009.28531583,-66.66348421869948,2017.87293,-71.43780318866231,2023.450777,-91.81133621460441,,,2015.42192,-87.01625721807632,2012.353526,-89.92580211006018
2008.10013092,-84.33708966015845,2016.997777,-87.54794587287489,2008.498349271,-70.15558089184825,,,,,2008.053468427,-85.04416396806592,2021.077573,-94.13943484897858,,,,,,,2009.169225647,-81.48324400566193,,,,,2015.314455,-81.86331347514692,2007.930938,-77.88778060718876,2021.650297,-72.52051717408925,2017.93973,-71.95724377751031,2019.55259,-84.09186685077853,2020.263349,-88.36818301919453,,,,,,,2008.54337242,-76.65071898819508,,,2017.459104,-71.71317784428904,2008.9416,-84.9255176079975,2017.141856,-89.78191686003997,2014.381817,-85.50307659538697,,,,,2009.329153349,-66.4759599518548,2018.03457,-71.54512644484791,2023.469942,-91.8005246405361,,,2015.4411,-87.05556804394811,2012.364363,-89.93545183591831
2008.116892456,-84.37038656623639,2017.028977,-87.56423000624945,2008.504240665,-70.1436982699029,,,,,2008.072745902,-85.08681670332295,2021.095312,-94.17402927376658,,,,,,,2009.177625571,-81.49324406651996,,,,,2015.331224,-81.84826849984411,2007.931014,-77.88791595112285,2021.667694,-72.53610795544044,2018.04932,-72.16892607356151,2019.586414,-84.14241287584873,2020.282171,-88.44412551539915,,,,,,,2008.562399438,-76.65039302590424,,,2017.475646,-71.71076353116503,2008.96074,-84.96704265724824,2017.167808,-89.74107992894022,2014.400412,-85.52599664601503,,,,,2009.394549087,-66.19870281236753,2018.19348,-71.63815147393596,2023.489106,-91.78959798076063,,,2015.47397,-87.12254328705835,2012.372691,-89.9427838904043
2008.116915225,-84.37043179701085,2017.067307,-87.58025848337547,2008.555640938,-70.0350644265624,,,,,2008.082147465,-85.10779833930563,2021.109001,-94.2007254280554,,,,,,,2009.1910293,-81.50913986555413,,,,,2015.354325,-81.82604030721939,2007.931092,-77.8880548567394,2021.687316,-72.55370165011993,2018.12055,-72.30651280545061,2019.624972,-84.20325227974436,2020.301222,-88.52295720332809,,,,,,,2008.56242031,-76.65039045774655,,,2017.494811,-71.70751070180731,2008.97965,-85.01049564634722,2017.225303,-89.64873946321902,2014.417352,-85.54682910453464,,,,,2009.500144597,-65.7601535154289,2018.36596,-71.72551117701796,2023.509469,-91.77785397337972,,,2015.49315,-87.16133548372939,2012.380333,-89.94889656096211
2008.144203476,-84.42054722879048,2017.109458,-87.59245518147699,2008.561048497,-70.02293690459803,,,,,2008.091710307,-85.12931287918659,2021.130448,-94.24152597342044,,,,,,,2009.204927702,-81.5253234650453,,,,,2015.373376,-81.80632768737478,2007.93117,-77.88819376235595,2021.706138,-72.57059627790841,2018.19726,-72.45021294586313,2019.663073,-84.26658365963848,2020.322097,-88.60979155101386,,,,,,,2008.581540301,-76.6480378728696,,,2017.515173,-71.70281742995904,2009.00444,-85.07097048631526,2017.24424,-89.61821438460306,2014.434692,-85.56808257058789,,,,,2009.500156012,-65.76010693982914,2018.53035,-71.79838584095467,2023.528634,-91.76672473332366,,,2015.51233,-87.19988660057739,2012.39197,-89.95820474563628
2008.157883652,-84.44359993844918,2017.148245,-87.59866507548513,2008.574700213,-69.99191388982595,,,,,2008.117695052,-85.1882102029688,2021.144593,-94.26831223938251,,,,,,,2009.215762938,-81.53794024788216,,,,,2015.392198,-81.78577479877377,2007.93125,-77.88833622965497,2021.725303,-72.58782769348241,2018.27397,-72.59348631383703,2019.700092,-84.33076033795498,2020.342574,-88.696697097531,,,,,,,2008.603345097,-76.63916079077374,,,2017.556127,-71.6909287706952,2009.05693,-85.21023434887297,2017.261979,-89.5897151269439,2014.456937,-85.59515565867075,,,,,2009.515350076,-65.69811196458214,2018.68103,-71.85816442383592,2023.566964,-91.74219389804689,,,2015.53151,-87.23816522299605,2012.400069,-89.96408119707863
2008.195983227,-84.50113885524381,2017.18743,-87.60001661457946,2008.580136233,-69.979144198697,,,,,2008.120366576,-85.19429480374194,2021.172941,-94.32182433687231,,,,,,,2009.300506088,-81.63156721812464,,,,,2015.411934,-81.76286873172168,2008.035567,-78.07789993093436,2021.744468,-72.6051192982813,2018.35068,-72.72864194987856,2019.738193,-84.39984334790373,2020.361625,-88.77770110528184,,,,,,,2008.60337925,-76.6391461168145,,,2017.572668,-71.68513496782577,2009.11653,-85.38363279582401,2017.280915,-89.55963790102213,2014.474846,-85.61677077621327,,,,,2009.58657344,-65.41250286792868,2018.84279,-71.91462520169777,,,,,2015.55616,-87.28688175427563,2012.411363,-89.97205022950062
2008.234223209,-84.54876134733784,2017.225646,-87.59665530167482,2008.599261916,-69.93384158086512,,,,,2008.15444748,-85.27242792139974,2021.186859,-94.3474172725362,,,,,,,2009.355915145,-81.68759569977858,,,,,2015.429673,-81.7413503570646,2008.035647,-78.07804914497468,2021.764374,-72.6231486662771,2018.4274,-72.85040357769545,2019.777949,-84.47364153640453,2020.381247,-88.86225815663713,,,,,,,2008.619795461,-76.63088884610363,,,2017.590407,-71.67854375749809,2009.13623,-85.44342232608696,2017.30008,-89.52952927388235,2014.494011,-85.63965517810603,,,,,2009.728938356,-64.88497834473053,2019.02909,-71.96611129184019,,,,,2015.57534,-87.32441656182783,2012.428303,-89.98276580374556
2008.234242183,-84.54878054666212,2017.26255,-87.58915929009146,2008.612989526,-69.90021278487903,,,,,2008.158839936,-85.28254248847038,2021.205567,-94.38181823822136,,,,,,,2009.366636225,-81.69769951326876,,,,,2015.448267,-81.71810557391785,2008.035727,-78.07819835901502,2021.783996,-72.6410013262015,2018.50411,-72.97214933460155,2019.816165,-84.54575119425726,2020.399841,-88.94241784098796,,,,,,,2008.638919247,-76.6165740521237,,,2017.609458,-71.67100976769116,2009.1576,-85.50927097393608,2017.339722,-89.46900322561916,2014.514602,-85.66394308980801,,,,,,,2019.16882,-71.99433795831594,,,,,2015.59452,-87.36156316808598,2012.437658,-89.98844151683902
2008.253390634,-84.56815639349573,2017.300765,-87.5770276482611,2008.618397086,-69.88696577888047,,,,,2008.187348209,-85.34815893678336,2021.219713,-94.40783042875908,,,,,,,2009.445734399,-81.7672924945861,,,,,2015.467432,-81.69343244370107,2008.035805,-78.07834384270436,2021.803047,-72.65841968895843,2018.58082,-73.07155461220033,2019.850217,-84.61061569572327,2020.41758,-89.01933082524852,,,,,,,2008.652559578,-76.6051567129177,,,2017.628623,-71.66285868081741,2009.17146,-85.55236913452225,2017.353868,-89.44812873448221,2014.533882,-85.68635299967531,,,,,,,2019.34405,-72.01154408573913,,,,,2015.60822,-87.38787310591658,2012.455567,-89.99753121942733
2008.253409608,-84.56817559282,2017.343259,-87.55839122289888,2008.641127808,-69.82930234452878,,,,,2008.206682605,-85.39255116865033,2021.235912,-94.43680971652519,,,,,,,2009.481906393,-81.79544501424881,,,,,2015.620524,-81.48190248675107,2008.035883,-78.07848932639368,2021.822326,-72.67615252318808,2018.65753,-73.16674956268142,2019.891285,-84.68922544445039,2020.436745,-89.10244681807947,,,,,,,2008.677164921,-76.57863058878868,,,2017.647902,-71.65443107603542,2009.1908,-85.61296482628421,2017.377938,-89.4135845424614,2014.556127,-85.71177687988958,,,,,,,2019.56322,-72.01167572301875,,,,,2015.6274,-87.4242818803169,2012.466861,-90.00250317021904
2008.272476472,-84.5848163568238,2017.378623,-87.53936056646023,2008.656648452,-69.78877503753405,,,,,2008.216226472,-85.41437957929841,2021.249944,-94.4612847227942,,,,,,,2009.501377473,-81.80941471654376,,,,,2015.640031,-81.45494617577035,2008.035959,-78.07863107973202,2021.840065,-72.69260749136323,2018.73425,-73.25511675351981,2019.930813,-84.76448600839203,2020.456138,-89.18642372659441,,,,,,,2008.71541439,-76.52578099181878,,,2017.673855,-71.64263010470889,2009.21284,-85.68237584105933,2017.396989,-89.3873803387282,2014.572782,-85.73046708356364,,,,,,,2019.75501,-72.00825152558225,,,,,2015.64658,-87.46020667256197,2012.475075,-90.00583065991947
2008.272493549,-84.58483018146484,2017.416839,-87.51498890338695,2008.675812083,-69.73782302797633,,,,,2008.263756072,-85.52172271951135,2021.272474,-94.50058217798612,,,,,,,2009.564592846,-81.85073126329085,,,,,2015.658968,-81.42918104379187,2008.036039,-78.07878029377235,2021.85923,-72.71050156182673,2018.81096,-73.32794087221899,2019.969142,-84.8367015248134,2020.475189,-89.26890381836114,,,,,,,2008.715429569,-76.52575428731156,,,2017.684578,-71.63762520845498,2009.25088,-85.80211519711928,2017.411363,-89.36836546777424,2014.587669,-85.74695872838355,,,,,,,2019.87567,-72.01134035910994,,,,,2015.66575,-87.49559120822985,2012.485798,-90.00969843547284
2008.29178051,-84.59942494871095,2017.454085,-87.48804031806719,2008.689757893,-69.6999905752715,,,,,2008.273290452,-85.54298316553646,2021.286734,-94.52545486822262,,,,,,,2009.654326484,-81.89818429998904,,,,,2015.676478,-81.40585310737136,2008.036115,-78.07892204711068,2021.87828,-72.7284249666452,2018.88767,-73.40076499091816,2020.005932,-84.90508683220914,2020.494354,-89.35120469619808,,,,,,,2008.734540073,-76.49213306114422,,,2017.703743,-71.62867891290027,2009.26982,-85.86129133019098,2017.453286,-89.31619549081628,2014.611853,-85.77307570644739,,,,,,,2020.02355,-72.02974360456064,,,,,2015.68493,-87.53043102855317,2012.493897,-90.01211096954427
2008.313543564,-84.61262297623173,2017.494811,-87.45548205343155,2008.69495674,-69.68582923836001,,,,,2008.28283432,-85.5638992402151,2021.302704,-94.55331018821404,,,,,,,2009.66228691,-81.9017296441426,,,,,2015.695758,-81.38067178407152,2008.036191,-78.0790638004486,2021.897445,-72.74660664136337,2018.96438,-73.4624207388624,2020.044376,-84.97530472514637,2020.533767,-89.51901013322244,,,,,,,2008.753671448,-76.45634338730498,,,2017.722908,-71.61971461285398,2009.28935,-85.92177030757044,2017.472565,-89.2944886788182,2014.628623,-85.79078700617295,,,,,,,2021.18526,-73.14371456127324,,,,,2015.70411,-87.564667095835,2012.505932,-90.01541349890012
2008.313564435,-84.61263563328038,2017.539814,-87.41622840557045,2008.711862477,-69.63872709636075,,,,,2008.290926685,-85.5815861242745,,,,,,,,,2009.827435312,-81.96105655962761,,,,,2015.714808,-81.35640234695049,2008.036269,-78.07920928413793,2021.918037,-72.76638597625904,2019.05753,-73.53323854656372,2020.082592,-85.04289872220541,2020.553047,-89.60036345562608,,,,,,,2008.753718883,-76.45624347869443,,,2017.742073,-71.61084786450806,2009.30563,-85.97165171676012,2017.491616,-89.27416146141422,2014.645393,-85.80804329938596,,,,,,,2021.41528,-73.591578753974,,,,,2015.72329,-87.59825555604186,2012.514717,-90.0170963556003
2008.332612325,-84.62043350747541,2017.569816,-87.38821231555443,2008.717526184,-69.62294708444222,,,,,2008.301978977,-85.60559274444049,,,,,,,,,2009.865563166,-81.97179332020481,,,,,2015.733973,-81.3327861322556,2008.036349,-78.07935849817825,2021.936973,-72.78477289536707,2019.13425,-73.58794942574549,2020.119382,-85.1062209957762,2020.572097,-89.67894168635777,,,,,,,2008.772785747,-76.41608444228471,,,2017.762435,-71.60153634556492,2009.3248,-86.02959904108467,2017.511979,-89.253789885621,2014.666154,-85.82891054843819,,,,,,,2021.61254,-74.0608877157307,,,,,2015.74247,-87.63116404283497,2012.525211,-90.01910462007439
2008.368235808,-84.62937163199942,2017.606606,-87.35261364607014,2008.727772086,-69.59382726133403,,,,,2008.311551305,-85.62599339054684,,,,,,,,,2009.903396119,-81.98194854333072,,,,,2015.75445,-81.30865089127282,2008.036435,-78.07951890327158,2021.956138,-72.80357162985942,2019.21096,-73.63820859343234,2020.16045,-85.17481556157105,2020.589836,-89.75202494841702,,,,,,,2008.772806618,-76.41604048333838,,,2017.7816,-71.59318661014325,2009.34381,-86.08607382334026,2017.531144,-89.23671048558442,2014.681269,-85.84371296641216,,,,,,,2021.72487,-74.35518981559731,,,,,2015.76164,-87.66333012111937,2012.534224,-90.01984011385238
2008.368268063,-84.62937807974264,2017.65064,-87.30844661943642,2008.74692623,-69.53904145372978,,,,,2008.321076199,-85.64629294481364,,,,,,,,,2010.202018645,-82.07511523143201,,,,,2015.773387,-81.28729142918792,2008.124401,-78.25222926291208,2021.983745,-72.83104402444353,2019.28767,-73.68846776111933,2020.199977,-85.23862816206382,2020.628166,-89.90538930680465,,,,,,,2008.791932301,-76.37174467104973,,,2017.800651,-71.58515198921596,2009.36316,-86.14219997346422,2017.550309,-89.22097110297148,2014.703172,-85.8645531083532,,,,,,,2021.86745,-74.74917063221649,,,,,2015.78082,-87.69474697388812,2012.545061,-90.02072445270427
2008.425567319,-84.62318599794588,2017.681954,-87.27635767710439,2008.75304531,-69.52125900618707,,,,,2008.330676988,-85.66630752334406,,,,,,,,,,,,,,,2015.792438,-81.2667429947429,2008.124481,-78.25239346008263,2021.99983,-72.84725122283871,2019.36438,-73.73394205546576,2020.238307,-85.29825438179451,2020.647217,-89.9789500726055,,,,,,,2008.811052292,-76.324818629819,,,2017.820044,-71.57736182801472,2009.37165,-86.16628431602228,2017.574949,-89.2029596335744,2014.720056,-85.88016184735275,,,,,,,2022.00991,-75.14835158917137,,,,,2015.8,-87.72536004113246,2012.552932,-90.02072702493422
2008.444734745,-84.61550220753907,2017.720284,-87.23667989583335,2008.766687538,-69.48161379746664,,,,,2008.368928355,-85.74376990224928,,,,,,,,,,,,,,,2015.811717,-81.2469727978327,2008.124561,-78.25255765725316,2022.012093,-72.85976683070312,2019.4411,-73.77896530814031,2020.275097,-85.35306865054304,2020.666496,-90.05300197603167,,,,,,,2008.811065574,-76.3247860319129,,,2017.840179,-71.57003465423443,2009.40149,-86.24899256958203,2017.586984,-89.19511319170526,2014.741502,-85.89928784430383,,,,,,,2022.14142,-75.50917115731336,,,,,2015.81918,-87.75513221220886,2012.563884,-90.0204171389641
2008.486143367,-84.5905987568509,2017.76255,-87.19293250205217,2008.774561703,-69.45843398493332,,,,,2008.378453248,-85.76227002083597,,,,,,,,,,,,,,,2015.830768,-81.22879886574745,2008.124641,-78.2527218544237,2022.0316,-72.8798577888987,2019.51781,-73.82207670392378,2020.313313,-85.40828865540473,2020.684007,-90.11766687724145,,,,,,,2008.830202641,-76.27195510585798,,,2017.856834,-71.56428529762496,2009.42073,-86.30016957833489,2017.606149,-89.18417936452283,2014.761979,-85.91688141572901,,,,,,,2022.29199,-75.89610649683607,,,,,2015.83836,-87.78401937251546,2012.571755,-90.01988958767971
2008.486168033,-84.590579294347,2017.798027,-87.15659755289578,2008.813145112,-69.34378633466015,,,,,2008.407170234,-85.81604020371623,,,,,,,,,,,,,,,2015.848963,-81.21266516589257,2008.124717,-78.25287784173526,2022.050309,-72.89935906544875,2019.6137,-73.87203303109933,2020.352955,-85.46375930724507,2020.722109,-90.25457024956495,,,,,,,2008.849318837,-76.21733452833989,,,2017.875771,-71.55857365678553,2009.43986,-86.3492698137958,2017.625314,-89.17462453480292,2014.778634,-85.93061611517636,,,,,,,2022.4372,-76.22564328808298,,,,,2015.85753,-87.81197717773357,2012.583049,-90.01830717750151
2008.507517456,-84.57343591500427,2017.834703,-87.11976893220776,2008.850656497,-69.23067080094148,,,,,2008.416752049,-85.83335734814361,,,,,,,,,,,,,,,2015.867672,-81.19716059103193,2008.124793,-78.25303382904728,2022.069474,-72.91960328432724,2019.70959,-73.92034456112579,2020.391171,-85.51567113168834,2020.741388,-90.32155827940456,,,,,,,2008.868435033,-76.15726040337474,,,2017.897788,-71.55287614986062,2009.47821,-86.44187179561091,2017.644365,-89.16701943084853,2014.803161,-85.9501344852115,,,,,,,2022.58514,-76.49722574742553,,,,,2015.87671,-87.83899847451521,2012.606149,-90.01335427925673
2008.519199681,-84.56201028104199,2017.873261,-87.08226649788962,2008.861746736,-69.19706079445582,,,,,2008.426295917,-85.85020453012088,,,,,,,,,,,,,,,2015.886837,-81.18249140096482,2008.124873,-78.25319802621783,2022.087099,-72.93854576179457,2019.7863,-73.95549143042764,2020.428075,-85.56418049752939,2020.78103,-90.45194281509134,,,,,,,2008.868455905,-76.15719481149969,,,2017.914215,-71.54904935446143,2009.50012,-86.49083237094682,2017.684121,-89.15678884855657,2014.817078,-85.96069652568349,,,,,,,2022.76048,-76.74922648023792,,,,,2015.89589,-87.86503420096271,2012.625657,-90.00699351929464
2008.521273528,-84.55998198448751,2017.911591,-87.04669899040596,2008.867714026,-69.17897177669246,,,,,2008.435887219,-85.86651974379593,,,,,,,,,,,,,,,2016.07803,-81.11752763112678,2008.124949,-78.25335401352986,2022.106149,-72.95926256181033,2019.90137,-74.00729610357119,2020.46629,-85.61348187650766,2020.800309,-90.5113312237471,,,,,,,2008.88753605,-76.0943834265861,,,2017.992187,-71.54229762543522,2009.5163,-86.52512909731884,2017.700548,-89.15445743233012,2014.834589,-85.97362925029654,,,,,,,2022.988,-76.97984134629064,,,,,2015.91507,-87.89004970555166,2012.695187,-89.96885726239718
2008.54029106,-84.5400970462377,2017.951119,-87.01207568245734,2008.881081132,-69.13839646643252,,,,,2008.445431087,-85.88275427021448,,,,,,,,,,,,,,,2016.095655,-81.11912297240531,2008.125029,-78.25351821070039,2022.144593,-73.00191798387273,2019.99726,-74.04747762335661,2020.505932,-85.66391518535943,2020.819474,-90.56968856430125,,,,,,,2008.903984517,-76.0371783660205,,,2018.026239,-71.54505118519513,2009.53565,-86.56372119703434,2017.719599,-89.15383779657458,2014.85672,-85.98925387561128,,,,,,,,,,,,,2015.93425,-87.91401650773139,2012.705682,-89.96099846035388
2008.540323315,-84.5400595372134,2017.989449,-86.98086521305402,2008.889742714,-69.11210458418117,,,,,2008.454974954,-85.89808032919642,,,,,,,,,,,,,,,2016.114934,-81.12205761989992,2008.125107,-78.25367830294168,2022.17066,-73.03161761084779,,,2020.544262,-85.7122521126947,2020.839722,-90.62737464168393,,,,,,,2008.92581398,-75.95673600494155,,,2018.048142,-71.5490575686312,2009.55492,-86.59969789977106,2017.738878,-89.15459044159915,2014.875657,-86.00202887470448,,,,,,,,,,,,,2015.95342,-87.93689956353157,2012.714466,-89.95393832840364
2008.559424332,-84.5178471511645,2018.026125,-86.95344536116887,2008.905623862,-69.06397886453468,,,,,2008.474138585,-85.92815589138961,,,,,,,,,,,,,,,2016.133985,-81.12622089217587,2008.125185,-78.25383839518295,2022.190282,-73.05437229701704,,,2020.582478,-85.76031521820148,2020.875885,-90.72561730495192,,,,,,,2008.944926381,-75.88400499750433,,,2018.067307,-71.55362901208757,2009.5743,-86.63334500041451,2017.759241,-89.15699318981076,2014.894593,-86.01425407695491,,,,,,,,,,,,,2015.9726,-87.95869237485581,2012.722451,-89.94752039197094
2008.559447101,-84.51782067331688,2018.070273,-86.9236942076817,2008.9571949,-68.90892543315115,,,,,2008.48359707,-85.9419520432698,,,,,,,,,,,,,,,2016.153264,-81.13185261122975,2008.125267,-78.25400669728228,2022.209561,-73.07709118435046,,,2020.619496,-85.80723350843063,2020.894708,-90.77416127577837,,,,,,,2008.944935868,-75.88396594389309,,,2018.085046,-71.55951062148056,2009.59335,-86.66388303813625,2017.778406,-89.16146731873758,2014.913873,-86.02610985452219,,,,,,,,,,,,,2015.99452,-87.98219088914779,2012.733745,-89.93725392636865
2008.578519657,-84.49243210549703,2018.104096,-86.903825060463,2008.962659381,-68.89262188285238,,,,,2008.524552216,-85.9974045090958,,,,,,,,,,,,,,,2016.176364,-81.14043871991665,2008.199527,-78.41504212803115,2022.228041,-73.09916247719289,,,2020.657598,-85.85612579489975,2021.125543,-91.18863276516105,,,,,,,2008.961312234,-75.81655198423444,,,2018.104096,-71.56694043175777,2009.61227,-86.69169246770272,2017.797571,-89.16737426027376,2014.934349,-86.03805337038722,,,,,,,,,,,,,2016.01093,-87.99886049060093,2012.756389,-89.91543177906634
2008.578542426,-84.4924015186347,2018.142426,-86.88421792940375,2008.976434426,-68.85196332603286,,,,,2008.550631831,-86.0274175176554,,,,,,,,,,,,,,,2016.195529,-81.148983275527,2008.199606,-78.41522455204024,2022.247092,-73.12221433022778,,,2020.694616,-85.90439742238031,2021.173056,-91.23792611900839,,,,,,,2008.980447404,-75.73695062482213,,,2018.125885,-71.57682233343208,2009.6302,-86.71576664355402,2017.816736,-89.17455702173108,2014.950548,-86.04704615735753,,,,,,,,,,,,,2016.04918,-88.03433191267455,2012.772816,-89.89815674187962
2008.597734517,-84.4649333451267,2018.184578,-86.86651305847897,2008.996129326,-68.7942997265291,,,,,2008.560052368,-86.03708510314101,,,,,,,,,,,,,,,2016.21458,-81.15853279677785,2008.199686,-78.41540928521427,2022.267455,-73.14721171758482,,,2020.732718,-85.95517707466546,2021.186973,-91.25004267013456,,,,,,,2009.005076104,-75.62821646085341,,,2018.145164,-71.58768855522952,2009.65103,-86.74057979962262,2017.853526,-89.1931049476621,2014.97017,-86.05749636613,,,,,,,,,,,,,2016.06831,-88.05030961068474,2012.791639,-89.87690080598571
2008.616789997,-84.43577351510011,2018.222908,-86.85409027943926,2009.034046804,-68.68583872698386,,,,,2008.569757514,-86.04704476134354,,,,,,,,,,,,,,,2016.230893,-81.16742277289546,2008.199766,-78.41559401838829,2022.28411,-73.16804337139507,,,2020.772245,-86.00974264712852,2021.206481,-91.2669599534766,,,,,,,2009.021504947,-75.55259923833758,,,2018.168265,-71.60232939731746,2009.66997,-86.7601894352896,2017.872805,-89.20466693883762,2014.99173,-86.06838261762766,,,,,,,,,,,,,2016.08743,-88.06509440657895,2012.811032,-89.85338831428908
2008.638712432,-84.39873843685785,2018.265173,-86.84450025183166,2009.039783105,-68.66963631628754,,,,,2008.581929265,-86.05769854185932,,,,,,,,,,,,,,,2016.251598,-81.18000751490352,2008.199842,-78.41576951490363,2022.303503,-73.19256221667939,,,2020.810575,-86.06433068196529,2021.225303,-91.28047212322721,,,,,,,2009.040667808,-75.46260490693825,,,2018.18743,-71.61572810286626,2009.68918,-86.77725227479344,2017.89197,-89.21757744170532,2015.006731,-86.07563052164407,,,,,,,,,,,,,2016.10656,-88.07869677996176,2012.830197,-89.82847210984903
2008.638733303,-84.39870317804102,2018.298142,-86.84001674132928,2009.091295662,-68.53022257613891,,,,,2008.588892684,-86.06372882667861,,,,,,,,,,,,,,,2016.270649,-81.19268445324792,2008.199922,-78.41595424807765,2022.322668,-73.21710782635205,,,2020.847479,-86.11849365263694,2021.244126,-91.29398501087024,,,,,,,2009.040709665,-75.46240833437464,,,2018.228383,-71.6501721075191,2009.70869,-86.7918079375286,2017.911021,-89.23190738794148,2015.02852,-86.08561661729625,,,,,,,,,,,,,2016.12568,-88.09110100581903,2012.853183,-89.79673068322883
2008.655064132,-84.36911504989362,2018.337441,-86.8381803533185,2009.097098554,-68.51527357259008,,,,,2008.601073922,-86.07326959935338,,,,,,,,,,,,,,,2016.289814,-81.20624615730182,2008.200002,-78.41613898125168,2022.345655,-73.24700697073982,,,2020.885809,-86.17652430138932,2021.262892,-91.30498115110471,,,,,,,2009.059840183,-75.36826387336055,,,2018.434578,-71.9150971792545,2009.72771,-86.80328852275903,2017.950662,-89.26479992507448,2015.064226,-86.10079197204124,,,,,,,,,,,,,2016.14481,-88.10232828375001,2012.86961,-89.772634382014
2008.655085003,-84.36907635271608,2018.381589,-86.84069707591227,2009.1105879,-68.48052326511868,,,,,2008.608018367,-86.07810743273654,,,,,,,,,,,,,,,2016.309321,-81.22083418492548,2008.200082,-78.41632371442569,2022.367215,-73.2754769859545,,,2020.925337,-86.23886355639658,2021.28103,-91.31557401083168,,,,,,,2009.059851598,-75.36820727507651,,,2018.453857,-71.94645130229985,2009.7662,-86.81846176526648,2017.969713,-89.28251159860606,2015.092688,-86.11194868456946,,,,,,,,,,,,,2016.16393,-88.11236420585108,2012.888547,-89.74380181687184
2008.679350713,-84.32264972785264,2018.418151,-86.84620983360615,2009.116638128,-68.46528415317312,,,,,2008.620209092,-86.08652453041582,,,,,,,,,,,,,,,2016.328144,-81.23558668655272,2008.200158,-78.41649921094104,2022.381703,-73.29491359505468,,,2020.963781,-86.30173211512172,2021.299852,-91.32423678046787,,,,,,,2009.07902968,-75.27246009079636,,,2019.064569,-72.92584791615236,2009.78758,-86.82216472750619,2018.006617,-89.31892870664295,2015.10923,-86.11806514374437,,,,,,,,,,,,,2016.18306,-88.12123552301378,2012.908169,-89.71267306781166
2008.67936779,-84.3226153494801,2018.451119,-86.8536972319783,2009.148944064,-68.3867299276558,,,,,2008.624430783,-86.08872490028047,,,,,,,,,,,,,,,2016.348507,-81.25243832868696,2008.200234,-78.41667470745585,2022.402921,-73.32364712309932,,,2021.000457,-86.36344114695288,2021.319702,-91.33312481521426,,,,,,,2009.079039193,-75.27241063622999,,,2019.083734,-72.94118962013194,2009.80408,-86.82304927825827,2018.025782,-89.33916888904592,2015.128166,-86.12477038120174,,,,,,,,,,,,,2016.20219,-88.12894529213521,2012.931155,-89.67466295056288
2008.692759563,-84.29565585058309,2018.495039,-86.86798447931622,2009.157229833,-68.36721545654825,,,,,2008.639306315,-86.09647811394171,,,,,,,,,,,,,,,2016.3679,-81.26907214472908,2008.200312,-78.41685482230055,2022.418151,-73.34447230020747,,,2021.038901,-86.42986769195437,,,,,,,,,2009.098217275,-75.1727108843517,,,2019.101244,-72.95364393329622,2009.82309,-86.82119836585683,2018.044947,-89.36003638016625,2015.14197,-86.12948706941975,,,,,,,,,,,,,2016.22131,-88.13551315493406,2012.95032,-89.64181579782512
2008.717573619,-84.24267036220374,2018.528748,-86.88162200168264,2009.171518265,-68.33466778686082,,,,,2008.646226093,-86.09975839867039,,,,,,,,,,,,,,,2016.386837,-81.2857529247377,2008.200396,-78.41704879213324,2022.439711,-73.37432476963122,,,2021.077116,-86.49772505695059,,,,,,,,,2009.098304795,-75.17225590025619,,,2019.139574,-72.97685464812182,2009.8411,-86.81706511153497,2018.064112,-89.38138967002124,2015.187087,-86.14400435719601,,,,,,,,,,,,,2016.24044,-88.14096073185355,2012.969713,-89.60762042142967
2008.731037492,-84.21264353125575,2018.56434,-86.89897062823273,2009.209246575,-68.25344737135437,,,,,2008.655756679,-86.10298829492721,,,,,,,,,,,,,,,2016.406001,-81.30301170626589,2008.27996,-78.6082012393026,2022.456024,-73.39724505944066,,,2021.11402,-86.56507850568505,,,,,,,,,2009.136563927,-74.96741757807176,,,2019.158739,-72.98610427109487,2009.86223,-86.80959093587923,2018.083163,-89.40317541707033,2015.206024,-86.14975399798064,,,,,,,,,,,,,2016.25956,-88.14530672044543,2012.988764,-89.57318306972755
2008.731056466,-84.21259965924118,2018.60113,-86.91949599543132,2009.212690259,-68.2463279897811,,,,,2008.674958257,-86.10839213003729,,,,,,,,,,,,,,,2016.423741,-81.31930328447027,2008.280044,-78.60841889180332,2022.475531,-73.42487501423271,,,2021.152236,-86.635942562813,,,,,,,,,2009.136577245,-74.96734545326072,,,2019.184578,-72.99626032254902,2009.90031,-86.78870919786057,2018.100788,-89.42372833190812,2015.222451,-86.15461843727344,,,,,,,,,,,,,2016.27869,-88.14858565983066,2013.006617,-89.54022647236775
2008.750462963,-84.1677276172652,2018.650868,-86.95100835195372,2009.226312785,-68.21969663257669,,,,,2008.694045993,-86.1112123453969,,,,,,,,,,,,,,,2016.442905,-81.33716159008766,2008.28013,-78.60864172650642,2022.494354,-73.45179641514065,,,2021.19724,-86.72067870158774,,,,,,,,,2009.155742009,-74.86093498376468,,,2019.203857,-73.00190334605126,2009.93901,-86.75837169112127,2018.119839,-89.44616155770059,2015.244468,-86.16094933171988,,,,,,,,,,,,,2016.29781,-88.15082215662895,2013.025554,-89.50455661928059
2008.769751821,-84.12072265570337,2018.679673,-86.97164340347254,2009.234360731,-68.20396330054331,,,,,2008.713181163,-86.1104042511242,,,,,,,,,,,,,,,2016.461842,-81.3549408108225,2008.28021,-78.60884901460177,2022.517455,-73.48521923077111,,,2021.23557,-86.79359950723112,,,,,,,,,2009.155761035,-74.86082830408604,,,2019.209218,-73.003472527492,2009.97534,-86.72181817079954,2018.158283,-89.49207311478038,2015.267226,-86.16734036079275,,,,,,,,,,,,,2016.31694,-88.1520543416015,2013.272588,-89.03105632979755
2008.788940118,-84.07247982460113,2018.722908,-87.00479343189643,2009.263993531,-68.15055802201911,,,,,2008.732335307,-86.10683825387157,,,,,,,,,,,,,,,2016.481007,-81.37301055896096,2008.280289,-78.60905371159683,2022.5397,-73.51776047019649,,,2021.310575,-86.9370639173492,,,,,,,,,2009.174933409,-74.7533263241176,,,2019.242187,-73.00875009976828,2009.99594,-86.69783407818068,2018.184235,-89.52316238469855,2015.2816,-86.17131673523112,,,,,,,,,,,,,2016.33607,-88.15231528730162,2013.280915,-89.01651720436719
2008.788957195,-84.07243568969389,2018.75696,-87.03297192768663,2009.269368341,-68.14169842944001,,,,,2008.741850713,-86.10455262033378,,,,,,,,,,,,,,,2016.501598,-81.39243572496129,2008.280368,-78.60925840859129,2022.572326,-73.56615364722218,,,2021.350103,-87.01219844012354,,,,,,,,,2009.174952435,-74.75321649336333,,,2019.259812,-73.00960291222418,2010.01513,-86.67351496000143,2018.2034,-89.54602712024393,2015.316622,-86.18091831747118,,,,,,,,,,,,,2016.35519,-88.15164875302978,2013.292552,-88.99621352165586
2008.807980419,-84.0231868698184,2018.795632,-87.06688749116545,2009.532581811,-67.94400439184483,,,,,2008.751442016,-86.10056373448654,,,,,,,,,,,,,,,2016.520535,-81.41019418121141,2008.280444,-78.60945533228247,2022.609116,-73.62144300923475,,,2021.388433,-87.08434095403787,,,,,,,,,2009.194109589,-74.64262863088072,,,2019.278863,-73.00946507454336,2010.03488,-86.64665205898683,2018.222565,-89.56875104842419,2015.339836,-86.18726309495347,,,,,,,,,,,,,2016.37432,-88.15009695705353,2013.299966,-88.98373345023725
2008.82714405,-83.97125313990628,2018.833734,-87.10214415562871,2009.743721461,-68.13784378158162,,,,,2008.765008349,-86.09457583293737,,,,,,,,,,,,,,,2016.539928,-81.42819681918596,2008.280524,-78.60966262037842,2022.647674,-73.68021068509314,,,2021.425223,-87.1527337904152,,,,,,,,,2009.213289574,-74.53115687232325,,,2019.298027,-73.00817148037343,2010.05348,-86.6197272706256,2018.241502,-89.5908382489757,2015.358659,-86.19243362560995,,,,,,,,,,,,,2016.39344,-88.14770389958025,2013.31126,-88.96472213022136
2008.827163024,-83.97120172007955,2018.870638,-87.13783952143451,2009.7820586,-68.20017543043275,,,,,2008.770558212,-86.09154711376596,,,,,,,,,,,,,,,2016.558865,-81.44554768564984,2008.280605,-78.60987249957526,2022.684235,-73.73651712118804,,,2021.463553,-87.22211060339944,,,,,,,,,2009.25164003,-74.3033300138476,,,2019.35672,-72.99515723223973,2010.07323,-86.58949580720817,2018.259127,-89.61113401030904,2015.375314,-86.19704012980077,,,,,,,,,,,,,2016.41257,-88.14451793630113,2013.319588,-88.95107691175427
2008.8514534,-83.90339783684466,2018.911591,-87.17906870120031,2009.820148402,-68.26880164110322,,,,,2008.780111566,-86.08537860301571,,,,,,,,,,,,,,,2016.578372,-81.46312726525882,2008.280693,-78.61010051648076,2022.722451,-73.79592150709648,,,2021.50308,-87.29182677936856,,,,,,,,,2009.270799087,-74.18803034787524,,,2019.470284,-72.94003100766265,2010.09236,-86.55870431655251,2018.278292,-89.63288642662683,2015.397217,-86.203193620531,,,,,,,,,,,,,2016.43169,-88.14059573856215,2013.329968,-88.9343280882538
2008.865471311,-83.86338119928007,2018.953857,-87.22311802519175,2009.858761416,-68.34361786054237,,,,,2008.799256223,-86.07159943540134,,,,,,,,,,,,,,,2016.595655,-81.47835596253783,2008.28078,-78.61032594228534,2022.761979,-73.85774048573485,,,2021.541524,-87.35761981890361,,,,,,,,,2009.270814307,-74.18793875354892,,,2019.489335,-72.92773694002798,2010.1304,-86.4932457824897,2018.297343,-89.6537839363424,2015.416382,-86.20869051691949,,,,,,,,,,,,,2016.43989,-88.13865885858957,2013.339951,-88.91851156778407
2008.884589405,-83.80719415473433,2018.986597,-87.25804463030681,2009.867522831,-68.36132936449614,,,,,2008.808838039,-86.0634367500979,,,,,,,,,,,,,,,2016.615048,-81.49494762130443,2008.280822,-78.6104347685354,2022.800309,-73.9179474355546,,,2021.57974,-87.42090520221194,,,,,,,,,2009.290003805,-74.07115471373977,,,2019.528863,-72.90000481800563,2010.14954,-86.45830052286476,2018.316508,-89.67429948347629,2015.434121,-86.21388888169108,,,,,,,,,,,,,2016.45082,-88.13598315025143,2013.35113,-88.90133191567192
2008.884612174,-83.80712723787447,2019.023958,-87.29871103508736,2009.905507991,-68.44008880878621,,,,,2008.828030131,-86.04481000554506,,,,,,,,,,,,,,,2016.634213,-81.5108587648893,2008.382453,-78.88431109148021,2022.837099,-73.9758140156047,,,2021.61653,-87.47928085490229,,,,,,,,,2009.30912481,-73.95444012724887,,,2019.548027,-72.8857494444088,2010.18838,-86.38401542966622,2018.337099,-89.69570079344379,2015.4534,-86.21966809934757,,,,,,,,,,,,,2016.46995,-88.13073570362558,2013.358431,-88.89014212361283
2008.903364071,-83.75058783831845,2019.061717,-87.34051074445125,2010.184474886,-69.01876362875937,,,,,2008.875920234,-85.98503124713642,,,,,,,,,,,,,,,2016.653264,-81.5261599628493,2008.382542,-78.88456448960827,2022.875543,-74.03623496330886,,,2021.65486,-87.53711042300385,,,,,,,,,2009.309170472,-73.95415949249949,,,2019.567192,-72.87100842746042,2010.20748,-86.3459763665292,2018.356149,-89.71464438295124,2015.474732,-86.22624652344707,,,,,,,,,,,,,2016.48907,-88.12491598355047,2013.369953,-88.87339973026978
2008.90338684,-83.75051857470474,2019.098621,-87.38180853407272,,,,,,,2008.885663327,-85.97068514859276,,,,,,,,,,,,,,,2016.670774,-81.53969178013595,2008.38263,-78.88481504056602,2022.913873,-74.09629459520106,,,2021.69165,-87.59020660219086,,,,,,,,,2009.366710426,-73.6000052219187,,,2019.623147,-72.82603237112656,2010.2261,-86.30804295064092,2018.375428,-89.73291137719356,2015.497206,-86.233413671505,,,,,,,,,,,,,2016.5082,-88.11857843417758,2013.378166,-88.8614655802498
2008.922738312,-83.69109528113535,2019.136951,-87.42497864779207,,,,,,,2008.914114678,-85.92406943455633,,,,,,,,,,,,,,,2016.690168,-81.55388930956092,2008.382714,-78.88505420284392,2022.939939,-74.13696173000746,,,2021.72998,-87.64300707642221,,,,,,,,,2009.421482116,-73.26355399803982,,,2019.642312,-72.81028691979184,2010.26478,-86.22681750729565,2018.394593,-89.75034683802373,2015.515287,-86.23937385139546,,,,,,,,,,,,,2016.52732,-88.11178931008713,2013.389004,-88.8465265409784
2008.922755389,-83.6910417066262,2019.184806,-87.47902870527331,,,,,,,2008.92367752,-85.90641651563647,,,,,,,,,,,,,,,2016.709333,-81.56723821247616,2008.382793,-78.88527912927164,2022.953286,-74.15772305171546,,,2021.769507,-87.69460333484946,,,,,,,,,2009.539303653,-72.5617256683847,,,2019.679102,-72.77999070582575,2010.28373,-86.18591074315555,2018.413758,-89.76690798346854,2015.540271,-86.24792094316976,,,,,,,,,,,,,2016.54645,-88.10459868660666,2013.396761,-88.83595138135544
2008.944425471,-83.62304647257402,2019.225646,-87.52506363153589,,,,,,,2008.933240361,-85.88844972064932,,,,,,,,,,,,,,,2016.728612,-81.57995589642425,2008.382871,-78.88550120852973,2022.972451,-74.18742218070173,,,2021.807837,-87.74115871486372,,,,,,,,,2009.596805556,-72.24009781605149,,,2019.698381,-72.764235186812,2010.30314,-86.14338064256084,2018.431269,-89.78087243527312,2015.550423,-86.25146449488244,,,,,,,,,,,,,2016.56557,-88.09707137068125,2013.408054,-88.82114704117167
2008.944478597,-83.62287515429817,2019.26004,-87.56358133025674,,,,,,,2008.971472753,-85.80921977787892,,,,,,,,,,,,,,,2016.747434,-81.59166943553669,2008.382951,-78.88572898212774,2022.991616,-74.21700728362097,,,2021.844741,-87.78375511494936,,,,,,,,,2009.629726027,-72.06421392527747,,,2019.717432,-72.7488327968707,2010.40134,-85.92112061983592,2018.450434,-89.79541224214982,2015.569131,-86.25824855820997,,,,,,,,,,,,,2016.5847,-88.08927329895008,2013.41604,-88.81102790433812
2008.963936324,-83.56012877322452,2019.300765,-87.60877704995839,,,,,,,2008.990456132,-85.76599670392702,,,,,,,,,,,,,,,2016.767911,-81.60330107436951,2008.383031,-78.88595675572577,2023.009812,-74.24498751539599,,,2021.883071,-87.82587120065271,,,,,,,,,2009.648862253,-71.96550299613264,,,2019.798027,-72.68771294717729,2010.41776,-85.88314023813894,2018.469599,-89.80901581017338,2015.587099,-86.26497910926635,,,,,,,,,,,,,2016.60656,-88.08012096187419,2013.425451,-88.7992685530289
2008.963955298,-83.56006758674435,2019.338012,-87.64954998547493,,,,,,,2009.002939498,-85.73534713741046,,,,,,,,,,,,,,,2016.787076,-81.613276083375,2008.383113,-78.88619022366373,2023.028863,-74.27412366719145,,,2021.922713,-87.86723521831043,,,,,,,,,2009.725580289,-71.5936815433266,,,2019.814455,-72.67619530680422,2010.43687,-85.83870202585011,2018.488878,-89.82114720561593,2015.603412,-86.27126906146657,,,,,,,,,,,,,2016.64208,-88.06488745659222,2013.433779,-88.78956237109188
2008.979688449,-83.508697962569,2019.373261,-87.6875356324947,,,,,,,2009.009674658,-85.7188107533597,,,,,,,,,,,,,,,2016.806241,-81.62243289120781,2008.383197,-78.88642938594161,2023.050423,-74.3068949735067,,,2021.960929,-87.9049399025859,,,,,,,,,2009.763932648,-71.42412741990557,,,2019.83362,-72.66361707273336,2010.45609,-85.79383978820472,2018.509241,-89.83287884281279,2015.624972,-86.27985870023132,,,,,,,,,,,,,2016.6612,-88.05663812164678,2013.44473,-88.77679911480064
2008.979900956,-83.5079958221401,2019.417067,-87.73379522804127,,,,,,,2009.019530061,-85.69367363562762,,,,,,,,,,,,,,,2016.825748,-81.63089195839119,2008.383282,-78.88667139538914,2023.06685,-74.33172094712437,,,2022.074379,-88.00944051578196,,,,,,,,,2009.821472603,-71.20665084967224,,,2019.851244,-72.65258727049283,2010.47522,-85.74906790550325,2018.528406,-89.84288507483906,2015.64197,-86.28684616696233,,,,,,,,,,,,,2016.68033,-88.04842451124567,2013.453058,-88.76787740049505
2008.999311248,-83.44384701113303,2019.44861,-87.76636051200082,,,,,,,2009.057705479,-85.58987295231206,,,,,,,,,,,,,,,2016.843259,-81.63767822484242,2008.383322,-78.88678528218783,2023.084475,-74.35824229430429,,,2022.111168,-88.04205266550831,,,,,,,,,2009.840639269,-71.14481498908548,,,2019.870409,-72.64116265909833,2010.51365,-85.65890586305153,2018.547571,-89.85143202284937,2015.66182,-86.2952807462836,,,,,,,,,,,,,2016.70765,-88.03689414138707,2013.464123,-88.75616758215396
2009.021156773,-83.37010735303234,2019.489221,-87.80725096633041,,,,,,,2009.076893075,-85.53387136302496,,,,,,,,,,,,,,,2016.862082,-81.64394061054256,2008.438579,-79.04582882940814,2023.103526,-74.38672133708448,,,2022.149498,-88.07608128788651,,,,,,,,,,,,,2019.929102,-72.61200868368718,2010.53314,-85.61313282617418,2018.584247,-89.86439912642582,2015.678531,-86.30261928551269,,,,,,,,,,,,,2016.71858,-88.03236489238417,2013.472109,-88.74821323619966
2009.061984399,-83.22959535551001,2019.526125,-87.84335177490918,,,,,,,2009.105622146,-85.44594281196783,,,,,,,,,,,,,,,2016.881361,-81.64951109935818,2008.438661,-79.04607694298106,2023.122805,-74.41532382236657,,,2022.307837,-88.2251737890246,,,,,,,,,,,,,2019.948267,-72.60458278327467,2010.55224,-85.56828589291334,2018.603526,-89.86932574953875,2015.697925,-86.31139338107816,,,,,,,,,,,,,2016.7377,-88.02463754860759,2013.483288,-88.73763136904753
2009.062003425,-83.22952887331945,2019.56993,-87.88471302303131,,,,,,,2009.115306317,-85.4153839498156,,,,,,,,,,,,,,,2016.900754,-81.65423722006835,2008.438739,-79.04631295345291,2023.144593,-74.44743033251801,,,2022.347365,-88.26681871418666,,,,,,,,,,,,,2019.986597,-72.59237798076813,2010.57118,-85.52385009229351,2018.622805,-89.87274318744217,2015.719599,-86.32150601558912,,,,,,,,,,,,,2016.75683,-88.01718166521862,2013.503879,-88.71980754884241
2009.0755879,-83.1820609002945,2019.603868,-87.91573158942873,,,,,,,2009.124857306,-85.38422884308089,,,,,,,,,,,,,,,2016.920889,-81.6581889664523,2008.438819,-79.04655501547529,2023.186859,-74.50899878466622,,,2022.385695,-88.30933443126041,,,,,,,,,,,,,2020.004222,-72.58837330913912,2010.59315,-85.47240029712789,2018.641741,-89.87504683080019,2015.73614,-86.32945889325704,,,,,,,,,,,,,2016.77596,-88.01005495026378,2013.512093,-88.7130619468133
2009.113985921,-83.0461394769897,2019.639574,-87.94727232204663,,,,,,,2009.13445586,-85.35291858040895,,,,,,,,,,,,,,,2016.939939,-81.66084306566366,2008.438895,-79.04678497439659,2023.206481,-74.53726976089796,,,2022.422485,-88.35217354032096,,,,,,,,,,,,,2020.023387,-72.58467898192853,2010.6099,-85.43327121088753,2018.660792,-89.87618338742102,2015.756617,-86.33956641889513,,,,,,,,,,,,,2016.79508,-88.00331189445664,2013.523044,-88.70529155763246
2009.114003044,-83.04607816818067,2019.678874,-87.98056871746893,,,,,,,2009.144025875,-85.32086843262843,,,,,,,,,,,,,,,2016.959447,-81.66264442039255,2008.438977,-79.04703308796951,2023.225303,-74.56416531527451,,,2022.460815,-88.39909217539288,,,,,,,,,,,,,2020.042552,-72.58278895032569,2010.63469,-85.37551582695777,2018.678417,-89.87563256401117,2015.77852,-86.35070588141765,,,,,,,,,,,,,2016.81421,-87.99699806160626,2013.530915,-88.69970661258246
2009.136014079,-82.9672677758102,2019.714694,-88.00968088274676,,,,,,,2009.153586377,-85.28844553621916,,,,,,,,,,,,,,,2016.975531,-81.66353184034267,2008.439057,-79.04727514999189,2023.244925,-74.59199690465817,,,2022.500342,-88.45099621540973,,,,,,,,,,,,,2020.061717,-72.58172980065626,2010.64831,-85.34391182155926,2018.697696,-89.87407904367953,2015.797685,-86.36071421258347,,,,,,,,,,,,,2016.83333,-87.99116457227454,2013.541753,-88.69305048809538
2009.136031202,-82.96720646700118,2019.76004,-88.0450829935136,,,,,,,2009.172792998,-85.2220800217658,,,,,,,,,,,,,,,2016.997548,-81.66377635910777,2008.439138,-79.0475202377892,2023.261979,-74.61603937163676,,,2022.538672,-88.50395628028781,,,,,,,,,,,,,2020.080882,-72.58172735148536,2010.68627,-85.25625820620371,2018.716861,-89.87143986078537,2015.816736,-86.37090027510229,,,,,,,,,,,,,2016.87158,-87.9810980704309,2013.549852,-88.68830787862471
2009.152334475,-82.90832898037837,2019.792666,-88.06935996055984,,,,,,,2009.182372527,-85.18847618784079,,,,,,,,,,,,,,,2017.015173,-81.66317205532899,2008.43922,-79.04776835136214,2023.281258,-74.64305952647187,,,2023.230094,-89.61742492893079,,,,,,,,,,,,,2020.125885,-72.58726011800425,2010.72466,-85.16844853950879,2018.73614,-89.86691705080433,2015.834475,-86.38059840274154,,,,,,,,,,,,,2016.89071,-87.97694550902376,2013.560918,-88.68253757871817
2009.152349696,-82.90827401002619,2019.830882,-88.09682349556961,,,,,,,2009.191980594,-85.15424900163868,,,,,,,,,,,,,,,2017.036734,-81.66144676664226,2008.439262,-79.04789543392421,2023.300309,-74.66957025305032,,,2023.26677,-89.65863103056242,,,,,,,,,,,,,2020.136837,-72.58948176813692,2010.74406,-85.12448133604717,2018.753765,-89.86186231364138,2015.850902,-86.38978974827924,,,,,,,,,,,,,2016.90984,-87.97342287374778,2013.571755,-88.67756806520394
2009.177104262,-82.81856050655466,2019.873261,-88.12606605690439,,,,,,,2009.258951674,-84.90654205431366,,,,,,,,,,,,,,,2017.050651,-81.65984094714841,2008.5327,-79.33148231720044,2023.319702,-74.69636624947678,,,2023.305099,-89.69738619626153,,,,,,,,,,,,,2020.156001,-72.59463740665018,2010.78208,-85.03922126969825,2018.775554,-89.85426894331857,2015.872919,-86.40233110719666,,,,,,,,,,,,,2016.92623,-87.97095858545877,2013.582478,-88.67332938228994
2009.19613204,-82.74932453908413,2019.909082,-88.14986967322173,,,,,,,2009.316476408,-84.6847761965812,,,,,,,,,,,,,,,2017.072782,-81.65656176759798,2008.532776,-79.33171636564217,2023.339836,-74.72403130476063,,,2023.382957,-89.75864011269691,,,,,,,,,,,,,2020.198267,-72.6100812632287,2010.80153,-84.99609915955067,2018.794719,-89.84608924693934,2015.889346,-86.41187538784622,,,,,,,,,,,,,2016.94809,-87.96840116727762,2013.58687,-88.67188516422537
2009.20988204,-82.69914003040729,2019.945758,-88.17353828530076,,,,,,,2009.412423896,-84.3111915115717,,,,,,,,,,,,,,,2017.090407,-81.65332926643597,2008.532852,-79.33195041408388,2023.358887,-74.75007294311061,,,2023.419747,-89.77974797049164,,,,,,,,,,,,,2020.217432,-72.6192925208275,2010.88111,-84.8238943201675,2018.813884,-89.83652661431225,2015.917922,-86.42880828782573,,,,,,,,,,,,,2016.96721,-87.96695121249529,2013.597479,-88.66839661471568
2009.20989726,-82.69908448071833,2019.984316,-88.19780041742668,,,,,,,2009.441181507,-84.20138775898526,,,,,,,,,,,,,,,2017.109344,-81.64912183597112,2008.53293,-79.3321906216951,2023.37828,-74.7764571956853,,,2023.458077,-89.79678125497772,,,,,,,,,,,,,2020.236597,-72.62933736814382,2010.89711,-84.79023131529807,2018.850788,-89.81509493601786,2015.934349,-86.4387420243937,,,,,,,,,,,,,2016.98634,-87.96623635667015,2013.606378,-88.66641953497944
2009.231710426,-82.61937212746038,2020.026239,-88.22368055994824,,,,,,,2009.70968417,-83.3589119140884,,,,,,,,,,,,,,,2017.128509,-81.64434024871295,2008.533006,-79.33242467013612,2023.41661,-74.82822837568945,,,2023.496407,-89.80864009932966,,,,,,,,,,,,,2020.254222,-72.64011877519312,2010.91684,-84.74927884540972,2018.870067,-89.80185485192382,2015.948039,-86.44709672340333,,,,,,,,,,,,,2017.00548,-87.96626131396398,2013.619953,-88.6637422098326
2009.248593988,-82.55762725609367,2020.064569,-88.24713635280447,,,,,,,2009.764469178,-83.24981046892297,,,,,,,,,,,,,,,2017.147788,-81.63902650866746,2008.533084,-79.33266487774735,2023.434349,-74.852081172371,,,2023.535935,-89.81348249266682,,,,,,,,,,,,,2020.273387,-72.65274431974068,2010.9358,-84.71050515457686,2018.889346,-89.78763660121568,2015.967432,-86.45908455570914,,,,,,,,,,,,,2017.02466,-87.96705115430036,2013.62828,-88.66305525694764
2009.305652588,-82.34930339394691,2020.095997,-88.2663717922592,,,,,,,2009.795947489,-83.1987529890221,,,,,,,,,,,,,,,2017.173741,-81.63105332563781,2008.533164,-79.33291124452806,2023.475417,-74.90712452739946,,,2023.574264,-89.81285198031614,,,,,,,,,,,,,2020.292552,-72.66635782476376,2010.95768,-84.6664882677598,2018.908283,-89.77270594468618,2016.241959,-86.63919819574761,,,,,,,,,,,,,2017.04384,-87.96860827978117,2013.636494,-88.66252566485869
2009.330576484,-82.25878885919239,2020.134213,-88.28999737715988,,,,,,,2009.824857306,-83.15946979117324,,,,,,,,,,,,,,,2017.192905,-81.62471256200426,2008.533242,-79.33315145213929,2023.491959,-74.92925491968381,,,2023.611054,-89.80766922745154,,,,,,,,,,,,,2020.311717,-72.68163558129193,2010.97644,-84.62945316916354,2018.92876,-89.75486466408746,2016.259127,-86.65063148555686,,,,,,,,,,,,,2017.06301,-87.97093669045503,2013.647445,-88.66241728999434
2009.349568113,-82.19019416513166,2020.176478,-88.31680093076059,,,,,,,2010.028900304,-83.08646075302151,,,,,,,,,,,,,,,2017.231121,-81.61091193654646,2008.533322,-79.33339781892,2023.512093,-74.95620016680039,,,2023.667009,-89.79040531410715,,,,,,,,,,,,,2020.351244,-72.71597973164232,2011.0124,-84.56034181421988,2018.94781,-89.73727019379037,2016.273615,-86.6602623148882,,,,,,,,,,,,,2017.08219,-87.97403705073029,2013.658397,-88.6631842304905
2009.349587139,-82.19012544629504,2020.214694,-88.34191048929071,,,,,,,,,,,,,,,,,,,,,,,2017.250172,-81.60365264987915,2008.533404,-79.33365034487024,2023.531258,-74.98187332583261,,,2023.686174,-89.78259641651573,,,,,,,,,,,,,2020.370409,-72.73460627671238,2011.03433,-84.5196112250649,2018.96709,-89.71856519713381,2016.292209,-86.67257890810242,,,,,,,,,,,,,2017.10137,-87.97789851125516,2013.66661,-88.6639868840401
2009.38789003,-82.05291722473542,2020.25445,-88.36934405048859,,,,,,,,,,,,,,,,,,,,,,,2017.267797,-81.59677927540207,2008.533484,-79.33389671165095,2023.550309,-75.00743417943598,,,2023.724504,-89.76212242804958,,,,,,,,,,,,,2020.386837,-72.75100574477455,2011.05099,-84.48939659540693,2019.006731,-89.67630129223019,2016.311146,-86.68507594672313,,,,,,,,,,,,,2017.12055,-87.98251320656276,2013.680927,-88.66691591017931
2009.42113965,-81.93544914595894,2020.29529,-88.39923109638949,,,,,,,,,,,,,,,,,,,,,,,2017.284224,-81.59023430223587,2008.533566,-79.33414923760118,2023.587555,-75.05768190444681,,,2023.764032,-89.73683595705063,,,,,,,,,,,,,2020.408739,-72.77449280304305,2011.06972,-84.45636178215203,2019.042209,-89.63502495301714,2016.33111,-86.69819161196288,,,,,,,,,,,,,2017.14247,-87.98865511068924,2013.691764,-88.66979675803388
2009.483900304,-81.71875130934102,2020.328144,-88.4249789665177,,,,,,,,,,,,,,,,,,,,,,,2017.306127,-81.58141899333766,2008.621553,-79.60324822453451,2023.606492,-75.08339118704764,,,2023.805099,-89.70625528970149,,,,,,,,,,,,,2020.426364,-72.7943092802951,2011.12774,-84.36011542965286,2019.061488,-89.61096628718774,2016.354096,-86.71320668054572,,,,,,,,,,,,,2017.1589,-87.99393986901912,2013.700206,-88.672661158312
2009.497855784,-81.67159782353046,2020.370524,-88.46037343336141,,,,,,,,,,,,,,,,,,,,,,,2017.325634,-81.57353887395743,2008.62164,-79.60350674383858,2023.625657,-75.10954502846985,,,2023.863906,-89.6550210433965,,,,,,,,,,,,,2020.464694,-72.83995540135447,2011.14673,-84.33081363974287,2019.080539,-89.58640637697353,2016.373033,-86.72549589017389,,,,,,,,,,,,,2017.17808,-88.00071079976814,2013.711271,-88.6767534697084
2009.541348935,-81.52759048322461,2020.40623,-88.49270289612313,,,,,,,,,,,,,,,,,,,,,,,2017.345655,-81.56547783780296,2008.621718,-79.60373851976611,2023.645621,-75.1370010658728,,,2023.877596,-89.64218825717131,,,,,,,,,,,,,2020.483859,-72.86408559422325,2011.18521,-84.27513551214511,2019.09805,-89.56306479482213,2016.391627,-86.73749204682775,,,,,,,,,,,,,2017.19726,-88.00815375779952,2013.73306,-88.6873893752638
2009.574570015,-81.42058879510729,2020.442905,-88.5284455103716,,,,,,,,,,,,,,,,,,,,,,,2017.365048,-81.55774000417689,2008.621804,-79.6039940675836,2023.663873,-75.16232671590839,,,2023.917123,-89.60278456457154,,,,,,,,,,,,,2020.504222,-72.89050473583852,2011.22625,-84.22203266345032,2019.117101,-89.53652520017974,2016.41353,-86.75152440979548,,,,,,,,,,,,,2017.21644,-88.01623939830176,2013.738422,-88.69064007189088
2009.596177702,-81.35283309293614,2020.483859,-88.57175202972306,,,,,,,,,,,,,,,,,,,,,,,2017.384099,-81.55029655066168,2008.621882,-79.60422584351046,2023.681612,-75.18712326713803,,,2023.955453,-89.5623888713308,,,,,,,,,,,,,2020.523387,-72.9165342632279,2011.24238,-84.20316299879664,2019.13638,-89.50891523365785,2016.431155,-86.76273733520533,,,,,,,,,,,,,2017.23562,-88.02492790487564,2013.750913,-88.69821270366452
2009.631938737,-81.24324282187908,2020.520535,-88.61389115153456,,,,,,,,,,,,,,,,,,,,,,,2017.403492,-81.542929610652,2008.62196,-79.60445761943801,2023.700662,-75.21397453473632,,,2023.993783,-89.52020807198211,,,,,,,,,,,,,2020.580882,-72.99833279774666,2011.26229,-84.18124893982697,2019.155545,-89.48071639501318,2016.44473,-86.7713170016016,,,,,,,,,,,,,2017.25479,-88.034179572176,2013.764374,-88.70793234054993
2009.631953957,-81.24319750828609,2020.559207,-88.66202711308325,,,,,,,,,,,,,,,,,,,,,,,2017.440053,-81.52969728373915,2008.622038,-79.60468939536554,2023.719827,-75.24129362800609,,,2024.030573,-89.47815909852875,,,,,,,,,,,,,2020.598507,-73.02444842515588,2011.28025,-84.16296619808868,2019.181612,-89.4406503669765,2016.466747,-86.78513606185061,,,,,,,,,,,,,2017.27397,-88.04396290465274,2013.775211,-88.7160266520781
2009.711562024,-81.01321085404254,2020.601244,-88.71903125998575,,,,,,,,,,,,,,,,,,,,,,,2017.459447,-81.52316285394956,2008.622116,-79.60492117129309,2023.739791,-75.27012938459605,,,2024.068903,-89.43352404757199,,,,,,,,,,,,,2020.617672,-73.05361615712901,2011.30043,-84.1441907493096,2019.200662,-89.41018535746572,2016.486711,-86.79755629129009,,,,,,,,,,,,,2017.29315,-88.05422987795146,2013.783425,-88.72315312496434
2009.727716895,-80.96931404711665,2020.634213,-88.76708766530543,,,,,,,,,,,,,,,,,,,,,,,2017.478269,-81.51724596708361,2008.622196,-79.60515889019311,2023.760497,-75.30041623725366,,,2024.144023,-89.34540061315039,,,,,,,,,,,,,2020.636837,-73.08324388546411,2011.31959,-84.12812297951719,2019.219599,-89.37921310723053,2016.506275,-86.8096290441149,,,,,,,,,,,,,2017.31233,-88.06493410027427,2013.791867,-88.73047741083032
2009.785593607,-80.81807982645753,2020.673855,-88.82939020475409,,,,,,,,,,,,,,,,,,,,,,,2017.497434,-81.51161116190912,2008.622276,-79.60539660909315,2023.77852,-75.32710878077539,,,2024.186288,-89.29635270683113,,,,,,,,,,,,,2020.656001,-73.11321490447729,2011.34155,-84.11205256743897,2019.238992,-89.34677176442878,2016.523273,-86.82003840918473,,,,,,,,,,,,,2017.33151,-88.07602398547816,2013.80008,-88.73806849754715
2009.823658676,-80.72465115354812,2020.709333,-88.88903794953458,,,,,,,,,,,,,,,,,,,,,,,2017.537076,-81.50137204580788,2008.62236,-79.60564621393813,2023.798598,-75.35723363547095,,,2024.224618,-89.25328900633667,,,,,,,,,,,,,2020.673626,-73.14142069231491,2011.36236,-84.09907468535117,2019.256389,-89.31663543287023,2016.54529,-86.83340742132498,,,,,,,,,,,,,2017.35068,-88.08744055773455,2013.811146,-88.74907905012371
2009.881232877,-80.59304585326022,2020.747663,-88.95837661847875,,,,,,,,,,,,,,,,,,,,,,,2017.556127,-81.49734445168998,2008.6224,-79.60576507338781,2023.81685,-75.3850732989526,,,2024.261294,-89.21359067273859,,,,,,,,,,,,,2020.692791,-73.17229700986344,2011.37668,-84.09160317909274,2019.275668,-89.28255207888058,2016.56377,-86.84453420497819,,,,,,,,,,,,,2017.36986,-88.09913971615585,2013.819245,-88.75724925510299
2009.939098174,-80.47923368378369,2020.792552,-89.0455011360801,,,,,,,,,,,,,,,,,,,,,,,2017.575292,-81.4938697639308,2008.713058,-79.86899599855776,2023.834589,-75.41255202395998,,,2024.299624,-89.1739578680876,,,,,,,,,,,,,2020.751484,-73.2690495137814,2011.4154,-84.0769310402325,2019.294719,-89.24817994609178,2016.584247,-86.85675392418688,,,,,,,,,,,,,2017.38904,-88.1110607127113,2013.830197,-88.76950484908123
,,2020.825406,-89.11362921591851,,,,,,,,,,,,,,,,,,,,,,,2017.593031,-81.49114030206194,2008.71313,-79.86918891363322,2023.853868,-75.44282149272517,,,2024.339152,-89.13554636876952,,,,,,,,,,,,,2020.770649,-73.30119865675982,2011.43427,-84.07281034064722,2019.313884,-89.21253448521391,2016.600902,-86.86661492213155,,,,,,,,,,,,,2017.40822,-88.12314264465773,2013.839722,-88.78016359019162
,,2020.865162,-89.20042698591415,,,,,,,,,,,,,,,,,,,,,,,2017.668151,-81.48585517284907,2008.713204,-79.86938718746016,2023.872805,-75.47299458665611,,,2024.377481,-89.10174625455755,,,,,,,,,,,,,2020.789814,-73.33355493077593,2011.45366,-84.07070350958314,2019.330311,-89.1813073252055,2016.620409,-86.87806665152848,,,,,,,,,,,,,2017.4274,-88.13532494551367,2013.847822,-88.79014185034954
,,2020.90064,-89.28215321742893,,,,,,,,,,,,,,,,,,,,,,,2017.68743,-81.48615316150622,2008.713282,-79.86959617879185,2023.891741,-75.50372382269806,,,2024.415811,-89.07192468524454,,,,,,,,,,,,,2020.808979,-73.36602878404595,2011.47306,-84.07079408262707,2019.35364,-89.13601695763805,2016.639232,-86.88903003459546,,,,,,,,,,,,,2017.44658,-88.14754749986756,2013.856264,-88.80060941152625
,,2020.94051,-89.37832162534544,,,,,,,,,,,,,,,,,,,,,,,2017.706366,-81.48719279519756,2008.71336,-79.86980517012356,2023.911135,-75.53579017660641,,,2024.452601,-89.04689870429043,,,,,,,,,,,,,2020.961956,-73.62754804896406,2011.4917,-84.0729343110835,2019.391856,-89.05896152728268,2016.658853,-86.90037024372921,,,,,,,,,,,,,2017.46575,-88.15973993217507,2013.870181,-88.81880162169362
,,2020.997777,-89.5238169889473,,,,,,,,,,,,,,,,,,,,,,,2017.725531,-81.48908427639478,2008.713437,-79.87001148207952,2023.931497,-75.5700285386598,,,2024.490931,-89.02488402442643,,,,,,,,,,,,,2021.000286,-73.69259538292263,2011.51087,-84.07763802591495,2019.425793,-88.98304223721995,2016.673056,-86.90852664277799,,,,,,,,,,,,,2017.48493,-88.1718502886345,2013.878052,-88.82948188620979
,,2021.053846,-89.67515513165586,,,,,,,,,,,,,,,,,,,,,,,2017.744925,-81.49169376451215,2008.713516,-79.87022315278696,2023.953172,-75.60716638587009,,,2024.530459,-89.00733746864456,,,,,,,,,,,,,2021.017911,-73.72238291385173,2011.53054,-84.08483250926598,2019.425793,-88.98304223721995,2016.694616,-86.92080989286033,,,,,,,,,,,,,2017.50411,-88.18380882662204,2013.885923,-88.84036832999101
,,2021.09075,-89.77819139257203,,,,,,,,,,,,,,,,,,,,,,,2017.765173,-81.49518594175476,2008.713594,-79.87043214411865,2023.970284,-75.63683677251076,,,2024.568789,-88.9973686689424,,,,,,,,,,,,,2021.056241,-73.78656577721146,2011.56845,-84.10545176635621,,,2016.717546,-86.93375891125477,,,,,,,,,,,,,2017.52329,-88.19555006748466,2013.893909,-88.85210646479135
,,2021.128737,-89.88688988976097,,,,,,,,,,,,,,,,,,,,,,,2017.784567,-81.49925558859796,2008.713676,-79.87065185295451,2023.989449,-75.66961957124758,,,2024.605579,-88.9932387158582,,,,,,,,,,,,,2021.093031,-73.84750595092405,2011.58757,-84.11919618312571,,,2016.733859,-86.94291424394248,,,,,,,,,,,,,2017.54247,-88.20700867744263,2013.902693,-88.86501753116868
,,2021.173741,-90.01856095096706,,,,,,,,,,,,,,,,,,,,,,,2017.803617,-81.50410675479843,2008.713758,-79.87087156179038,,,,,2024.643909,-88.99481722536706,,,,,,,,,,,,,2021.114934,-73.88345750297984,2011.60634,-84.13486505204783,,,2016.753537,-86.9538686046816,,,,,,,,,,,,,2017.56164,-88.21811731273708,2013.911021,-88.87780009605373
,,2021.211956,-90.13203892335133,,,,,,,,,,,,,,,,,,,,,,,2017.822668,-81.50973007556347,2008.713842,-79.87109662937831,,,,,2024.680698,-89.00216284730631,,,,,,,,,,,,,2021.150526,-73.9412191734473,2011.62587,-84.1534932723016,,,2016.772588,-86.96440675082154,,,,,,,,,,,,,2017.58082,-88.22882094774039,2013.923284,-88.89715182776105
,,2021.250286,-90.2468557580766,,,,,,,,,,,,,,,,,,,,,,,2017.840407,-81.51555217542932,2008.713927,-79.87132437634199,,,,,2024.721766,-89.02057056797449,,,,,,,,,,,,,2021.176364,-73.9826770055705,2011.66309,-84.19575362269148,,,2016.791981,-86.97506407524993,,,,,,,,,,,,,2017.6,-88.23905333777743,2013.931269,-88.91009732085337
,,2021.287076,-90.3574323743841,,,,,,,,,,,,,,,,,,,,,,,2017.859344,-81.52238583436746,2008.782721,-80.05417311468669,,,,,2024.758556,-89.04526447599834,,,,,,,,,,,,,2021.195529,-74.01316881108879,2011.68385,-84.22304734365498,,,2016.811146,-86.9855279290472,,,,,,,,,,,,,2017.61918,-88.24875143497951,2013.950092,-88.94176949524078
,,2021.32803,-90.48020532755275,,,,,,,,,,,,,,,,,,,,,,,2017.878851,-81.53022376561624,2008.782801,-80.05434903444839,,,,,2024.796886,-89.07861373079955,,,,,,,,,,,,,2021.214694,-74.04333969110891,2011.70265,-84.25003407875079,,,2016.833163,-86.99747264679891,,,,,,,,,,,,,2017.63836,-88.25785490938615,2013.961043,-88.96125192550765
,,2021.367672,-90.5979983212895,,,,,,,,,,,,,,,,,,,,,,,2017.897674,-81.53856696514106,2008.782885,-80.05453375019815,,,,,2024.83379,-89.11835131848179,,,,,,,,,,,,,2021.233859,-74.07334629073345,2011.72195,-84.27983288453625,,,2016.84554,-87.00415966272845,,,,,,,,,,,,,2017.65753,-88.26630076446524,2013.972109,-88.9809706274171
,,2021.403378,-90.70247716368993,,,,,,,,,,,,,,,,,,,,,,,2017.918379,-81.5484405086773,2008.782966,-80.0547118689566,,,,,2024.87212,-89.16976899684636,,,,,,,,,,,,,2021.270649,-74.13016680171053,2011.74119,-84.311623427408,,,2016.867101,-87.01573471631744,,,,,,,,,,,,,2017.67671,-88.27404102284369,2013.980322,-88.99634600958457
,,2021.43743,-90.80006142047746,,,,,,,,,,,,,,,,,,,,,,,2017.937201,-81.55805348451163,2008.78305,-80.05489658470636,,,,,2024.91045,-89.23500753753922,,,,,,,,,,,,,2021.289814,-74.1594842166375,2011.76065,-84.34584208782665,,,2016.88638,-87.02602692409607,,,,,,,,,,,,,2017.69863,-88.28199436066038,2013.988764,-89.01215009776931
,,2021.478383,-90.91445033619061,,,,,,,,,,,,,,,,,,,,,,,2017.956595,-81.56857166369655,2008.783126,-80.05506370847999,,,,,,,,,,,,,,,,,,,2021.308979,-74.1884335661726,2011.77985,-84.38156286333268,,,2016.905545,-87.03620334388475,,,,,,,,,,,,,2017.71507,-88.28717536107372,2013.999601,-89.03294850783783
,,2021.520649,-91.02813076673867,,,,,,,,,,,,,,,,,,,,,,,2017.97576,-81.57971758225415,2008.783204,-80.05523523024765,,,,,,,,,,,,,,,,,,,2021.328144,-74.21720456191174,2011.80126,-84.42371772117103,,,2016.925908,-87.04695626690959,,,,,,,,,,,,,2017.73425,-88.2924677016279,2014.006389,-89.04624226946976
,,2021.556127,-91.11928523627486,,,,,,,,,,,,,,,,,,,,,,,2017.995039,-81.591550098493,2008.783288,-80.0554199459974,,,,,,,,,,,,,,,,,,,2021.348507,-74.24756485240228,2011.81815,-84.45853932171367,,,2016.945529,-87.05726349217476,,,,,,,,,,,,,2017.75342,-88.29684521216738,2014.022588,-89.07853015547516
,,2021.595655,-91.21595442288576,,,,,,,,,,,,,,,,,,,,,,,2018.031943,-81.6156754437652,2008.783374,-80.05560905974119,,,,,,,,,,,,,,,,,,,2021.370409,-74.27980680183668,2011.85642,-84.54259677844136,,,2016.964694,-87.06728153408169,,,,,,,,,,,,,2017.7726,-88.30026890846662,2014.031144,-89.09597665424059
,,2021.633985,-91.30407380177108,,,,,,,,,,,,,,,,,,,,,,,2018.050994,-81.62895352123314,2008.783455,-80.05578717849966,,,,,,,,,,,,,,,,,,,2021.386837,-74.30384175040467,2011.87548,-84.58673693689795,,,2016.989106,-87.0799708710241,,,,,,,,,,,,,2017.79178,-88.30269437635116,2014.039357,-89.11285948759775
,,2021.668151,-91.37763369821262,,,,,,,,,,,,,,,,,,,,,,,2018.070159,-81.64287305749728,2008.783535,-80.05596309826134,,,,,,,,,,,,,,,,,,,2021.423626,-74.3570460975956,2011.89428,-84.63162581389018,,,2017.000286,-87.0857577848082,,,,,,,,,,,,,2017.81096,-88.30408130664613,2014.047571,-89.1302162016679
,,2021.706366,-91.45384247506931,,,,,,,,,,,,,,,,,,,,,,,2018.087555,-81.65588370656413,2008.783575,-80.05605105814195,,,,,,,,,,,,,,,,,,,2021.442791,-74.3844987105113,2011.91781,-84.68960645208762,,,2017.017683,-87.09472344098923,,,,,,,,,,,,,2017.83014,-88.30440421606396,2014.055442,-89.14684813452004
,,2021.744811,-91.52367689497889,,,,,,,,,,,,,,,,,,,,,,,2018.10672,-81.67061241924044,2008.868842,-80.24255734689011,,,,,,,,,,,,,,,,,,,2021.461956,-74.41167867772157,2011.93318,-84.72835920493645,,,2017.039357,-87.10583383142514,,,,,,,,,,,,,2017.84932,-88.30362426288909,2014.077345,-89.19434632653098
,,2021.787304,-91.59223804912995,,,,,,,,,,,,,,,,,,,,,,,2018.125885,-81.68579295976699,2008.868918,-80.24267478518695,,,,,,,,,,,,,,,,,,,2021.481121,-74.43867503110046,2011.95261,-84.77838062686628,,,2017.056241,-87.11443227693222,,,,,,,,,,,,,2017.86849,-88.3017163519411,2014.095084,-89.23387529518385
,,2021.822668,-91.6427926773669,,,,,,,,,,,,,,,,,,,,,,,2018.14505,-81.70143744545055,2008.868994,-80.24279222348413,,,,,,,,,,,,,,,,,,,2021.501484,-74.46720156260359,2011.97146,-84.82791123210959,,,2017.078144,-87.12553227075176,,,,,,,,,,,,,2017.88767,-88.2986607652052,2014.116987,-89.28372833523323
,,2021.859572,-91.68866154969253,,,,,,,,,,,,,,,,,,,,,,,2018.170774,-81.72294706081038,2008.869074,-80.24291584274432,,,,,,,,,,,,,,,,,,,2021.520649,-74.49378415805903,2011.99079,-84.87952372972671,,,2017.093031,-87.13303083601039,,,,,,,,,,,,,2017.90685,-88.2944397489931,2014.136152,-89.32825882748865
,,2021.93743,-91.76098874163038,,,,,,,,,,,,,,,,,,,,,,,2018.209104,-81.7561026558836,2008.869152,-80.243036371523,,,,,,,,,,,,,,,,,,,2021.539814,-74.52022723151102,2012.00967,-84.93056548468522,,,2017.117786,-87.14541226608243,,,,,,,,,,,,,2017.92603,-88.2890374576755,2014.155431,-89.37378447857026
,,2021.975988,-91.78523916825634,,,,,,,,,,,,,,,,,,,,,,,2018.228498,-81.7732859660899,2008.869232,-80.24315999078318,,,,,,,,,,,,,,,,,,,2021.558979,-74.54653755338235,2012.02885,-84.9829138127788,,,2017.152579,-87.16263686709262,,,,,,,,,,,,,2017.94521,-88.28243725151306,2014.181155,-89.43552757520335
,,2022.013235,-91.8016022582976,,,,,,,,,,,,,,,,,,,,,,,2018.244696,-81.7878724198379,2008.869312,-80.24328361004336,,,,,,,,,,,,,,,,,,,2021.578144,-74.57261395555152,2012.05074,-85.04310305256162,,,2017.178531,-87.1753148469693,,,,,,,,,,,,,2017.96438,-88.2746436653756,2014.203514,-89.48992017787101
,,2022.05396,-91.8121427928412,,,,,,,,,,,,,,,,,,,,,,,2018.265287,-81.80661788829173,2008.869395,-80.24341186502562,,,,,,,,,,,,,,,,,,,2021.595769,-74.59651342417295,2012.06727,-85.08873923869025,,,2017.200548,-87.185953202101,,,,,,,,,,,,,2017.98356,-88.26564689981898,2014.222565,-89.5366765418659
,,2022.087784,-91.81501791827871,,,,,,,,,,,,,,,,,,,,,,,2018.284224,-81.824040500763,2008.869475,-80.2435354842858,,,,,,,,,,,,,,,,,,,2021.61482,-74.62218501146434,2012.10524,-85.1936791363895,,,2017.214123,-87.192462743971,,,,,,,,,,,,,2018.00274,-88.25544734322887,2014.241616,-89.58370345537266
,,2022.126228,-91.81263904847324,,,,,,,,,,,,,,,,,,,,,,,2018.303389,-81.84182449092776,2008.869553,-80.2436560130645,,,,,,,,,,,,,,,,,,,2021.631361,-74.64435358821842,2012.12446,-85.24651917866835,,,2017.238764,-87.20414812800855,,,,,,,,,,,,,2018.02192,-88.24405262133001,2014.259583,-89.62821642828835
,,2022.171117,-91.80269130005581,,,,,,,,,,,,,,,,,,,,,,,2018.322554,-81.85975667130856,2008.869595,-80.2437209131759,,,,,,,,,,,,,,,,,,,2021.653264,-74.67359914773017,2012.14363,-85.29881947599773,,,2017.253423,-87.21100370860046,,,,,,,,,,,,,2018.0411,-88.23147572862176,2014.278178,-89.67437500493355
,,2022.209333,-91.7887714938835,,,,,,,,,,,,,,,,,,,,,,,2018.342917,-81.87893376549142,2008.938423,-80.3500767436408,,,,,,,,,,,,,,,,,,,2021.670889,-74.69697503985462,2012.16262,-85.35009391427315,,,2017.270307,-87.21883271933088,,,,,,,,,,,,,2018.06027,-88.21773601711764,2014.297457,-89.72221476259449
,,2022.247434,-91.77066140407149,,,,,,,,,,,,,,,,,,,,,,,2018.381247,-81.91522474388226,2008.938501,-80.35019727241948,,,,,,,,,,,,,,,,,,,2021.690053,-74.72230470694744,2012.18184,-85.4013079240351,,,2017.291639,-87.2285981475024,,,,,,,,,,,,,2018.07945,-88.20283167360334,2014.316508,-89.7693640068663
,,2022.284224,-91.74983940484256,,,,,,,,,,,,,,,,,,,,,,,2018.400526,-81.93353278535312,2008.938581,-80.35032089167967,,,,,,,,,,,,,,,,,,,2021.709218,-74.74754444104562,2012.19968,-85.44811698115046,,,2017.311032,-87.23734368629854,,,,,,,,,,,,,2018.09863,-88.1867989670773,2014.336984,-89.8198109314658
,,2022.322668,-91.72526755591538,,,,,,,,,,,,,,,,,,,,,,,2018.417067,-81.94924355361549,2008.938661,-80.3504445109395,,,,,,,,,,,,,,,,,,,2021.728383,-74.77263697563485,2012.22346,-85.50913224238928,,,2017.331452,-87.24640606063461,,,,,,,,,,,,,2018.11781,-88.169660667549,2014.355921,-89.86615460781294
,,2022.36482,-91.69593479101603,,,,,,,,,,,,,,,,,,,,,,,2018.437316,-81.96845012023893,2008.938743,-80.35057122068118,,,,,,,,,,,,,,,,,,,2021.747548,-74.79766621741643,2012.2389,-85.5479287095731,,,2017.350674,-87.25479411487322,,,,,,,,,,,,,2018.13699,-88.15144622793571,2014.372234,-89.905789890058
,,2022.403264,-91.66796842147217,,,,,,,,,,,,,,,,,,,,,,,2018.456366,-81.98647654738193,2008.938823,-80.35069483994135,,,,,,,,,,,,,,,,,,,2021.767911,-74.8241589767068,2012.26081,-85.60139027584853,,,2017.369839,-87.26301252503221,,,,,,,,,,,,,2018.15616,-88.13219645477857,2014.391285,-89.9516566305329
,,2022.437316,-91.64285478959074,,,,,,,,,,,,,,,,,,,,,,,2018.475646,-82.0046624355064,2008.938902,-80.35081691396097,,,,,,,,,,,,,,,,,,,2021.787076,-74.848983076621,2012.27752,-85.6409027715626,,,2017.388889,-87.270999988197,,,,,,,,,,,,,2018.17534,-88.1119302434607,2014.410564,-89.99752942259305
,,2022.475531,-91.61502702263851,,,,,,,,,,,,,,,,,,,,,,,2018.494811,-82.0226459837923,2008.93898,-80.35093744273931,,,,,,,,,,,,,,,,,,,2021.806241,-74.87375474652184,2012.2964,-85.68401487651643,,,2017.408169,-87.27891315461687,,,,,,,,,,,,,2018.19452,-88.09069640110437,2014.428189,-90.0388147024859
,,2022.515287,-91.5874452036259,,,,,,,,,,,,,,,,,,,,,,,2018.515287,-82.04172654905912,2008.93906,-80.35106106199949,,,,,,,,,,,,,,,,,,,2021.825406,-74.89844019880245,2012.31859,-85.73268114850141,,,2017.426136,-87.28612780673159,,,,,,,,,,,,,2018.2137,-88.06853697640105,2014.447696,-90.08382783939976
,,2022.553503,-91.56307136657593,,,,,,,,,,,,,,,,,,,,,,,2018.534681,-82.05966154398514,2008.939136,-80.35117850029668,,,,,,,,,,,,,,,,,,,2021.843031,-74.92107772106577,2012.35371,-85.80450722234525,,,2017.444958,-87.29351887960013,,,,,,,,,,,,,2018.23288,-88.0454985402178,2014.466747,-90.12700399180639
,,2022.590179,-91.54235450400687,,,,,,,,,,,,,,,,,,,,,,,2018.553503,-82.0769313456579,2008.939214,-80.35129902907536,,,,,,,,,,,,,,,,,,,2021.862196,-74.94565408551718,2012.37304,-85.84122704383668,,,2017.476102,-87.3053500247185,,,,,,,,,,,,,2018.25205,-88.02164023303412,2014.486026,-90.16984632490134
,,2022.628509,-91.52404784390193,,,,,,,,,,,,,,,,,,,,,,,2018.590179,-82.11008877844276,2008.939253,-80.35135929346471,,,,,,,,,,,,,,,,,,,2021.881361,-74.97013982143471,2012.39212,-85.87536640752195,,,2017.494126,-87.31191999639115,,,,,,,,,,,,,2018.27123,-87.99698779289797,2014.508898,-90.21945252210543
,,2022.667067,-91.5097462285212,,,,,,,,,,,,,,,,,,,,,,,2018.609344,-82.12711252004807,2009.040925,-80.44028005654793,,,,,,,,,,,,,,,,,,,2021.900526,-74.99458609105832,2012.43016,-85.93628463710573,,,2017.512892,-87.31856692332128,,,,,,,,,,,,,2018.29041,-87.97160750916403,2014.525097,-90.25376804107977
,,2022.703743,-91.50051495305271,,,,,,,,,,,,,,,,,,,,,,,2018.628509,-82.14393293274921,2009.041005,-80.44034019784243,,,,,,,,,,,,,,,,,,,2021.920889,-75.02051201473283,2012.44937,-85.96332219499176,,,2017.526695,-87.32334025936612,,,,,,,,,,,,,2018.30959,-87.9455523404302,2014.544262,-90.29339358054945
,,2022.745039,-91.49566598069123,,,,,,,,,,,,,,,,,,,,,,,2018.647674,-82.16053803493745,2009.041087,-80.44040184266929,,,,,,,,,,,,,,,,,,,2021.940053,-75.0448393588766,2012.46841,-85.9876403690258,,,2017.542095,-87.3285099424482,,,,,,,,,,,,,2018.32877,-87.9188816714,2014.564569,-90.33415221163057
,,2022.7816,-91.4967302860302,,,,,,,,,,,,,,,,,,,,,,,2018.666953,-82.1769530358056,2009.041167,-80.44046198396379,,,,,,,,,,,,,,,,,,,2021.959218,-75.06913872237246,2012.4877,-86.00970241697077,,,2017.561146,-87.33467773138881,,,,,,,,,,,,,2018.34795,-87.89165455854582,2014.582592,-90.36913050132824
,,2022.825748,-91.50510914237543,,,,,,,,,,,,,,,,,,,,,,,2018.684464,-82.191603023363,2009.041247,-80.44052212525828,,,,,,,,,,,,,,,,,,,2021.978383,-75.09339627762937,2012.5056,-86.027842167314,,,2017.587555,-87.3428671462543,,,,,,,,,,,,,2018.36712,-87.86394648089204,2014.600445,-90.40268559296935
,,2022.856948,-91.51569018294741,,,,,,,,,,,,,,,,,,,,,,,2018.703629,-82.20740109109168,2009.04133,-80.44058452185124,,,,,,,,,,,,,,,,,,,2021.997548,-75.11760488081968,2012.54501,-86.05939664724524,,,2017.609458,-87.34927469894605,,,,,,,,,,,,,2018.3863,-87.83578936897844,2014.61961,-90.43754651373158
,,2022.895393,-91.53442488145893,,,,,,,,,,,,,,,,,,,,,,,2018.722908,-82.22301889322704,2009.041406,-80.44064165608103,,,,,,,,,,,,,,,,,,,2022.015173,-75.13984893193721,2012.56423,-86.07043415160219,,,2017.625543,-87.35374043464739,,,,,,,,,,,,,2018.40548,-87.80725994313309,2014.639004,-90.47152637709817
,,2022.934578,-91.55991466193298,,,,,,,,,,,,,,,,,,,,,,,2018.741959,-82.23812854435414,2009.041484,-80.44070029384316,,,,,,,,,,,,,,,,,,,2022.034338,-75.1639906105966,2012.58361,-86.07843696930215,,,2017.641399,-87.35798456895105,,,,,,,,,,,,,2018.42466,-87.77841949204279,2014.658169,-90.503792164856
,,2022.97325,-91.59124390470073,,,,,,,,,,,,,,,,,,,,,,,2018.762321,-82.25388505272785,2009.041564,-80.44076043513766,,,,,,,,,,,,,,,,,,,2022.072668,-75.21219596816256,2012.60241,-86.08342888010253,,,2017.658853,-87.36246349551644,,,,,,,,,,,,,2018.44384,-87.74933598703369,2014.681612,-90.54135021344781
,,2023.012435,-91.6291078144069,,,,,,,,,,,,,,,,,,,,,,,2018.781486,-82.26838176273237,2009.041644,-80.44082057643199,,,,,,,,,,,,,,,,,,,2022.109458,-75.25834343265392,2012.6219,-86.08578010937164,,,2017.67876,-87.36729410970668,,,,,,,,,,,,,2018.46301,-87.72008684410314,2014.69473,-90.56167297992738
,,2023.048142,-91.66883651058329,,,,,,,,,,,,,,,,,,,,,,,2018.800651,-82.28255964600287,2009.041722,-80.44087921419414,,,,,,,,,,,,,,,,,,,2022.128623,-75.28234956820587,2012.64064,-86.08529491102989,,,2017.695529,-87.37111875923028,,,,,,,,,,,,,2018.48219,-87.69070733353186,2014.711842,-90.58675549830828
,,2023.084817,-91.71453942540047,,,,,,,,,,,,,,,,,,,,,,,2018.820159,-82.29665078834667,2009.041764,-80.44091078837383,,,,,,,,,,,,,,,,,,,2022.173626,-75.33862113083272,2012.66022,-86.08192619774978,,,2017.711614,-87.37457220293342,,,,,,,,,,,,,2018.50137,-87.66127676932217,2014.736254,-90.62084805316249
,,2023.128737,-91.7745397756964,,,,,,,,,,,,,,,,,,,,,,,2018.837669,-82.30891144458774,2009.110596,-80.43262528467788,,,,,,,,,,,,,,,,,,,2022.192791,-75.36255606316251,2012.67893,-86.07603020923388,,,2017.730779,-87.37845797554924,,,,,,,,,,,,,2018.52055,-87.63186030856676,2014.756731,-90.64752709834781
,,2023.168151,-91.83319466161161,,,,,,,,,,,,,,,,,,,,,,,2018.856606,-82.32181512870513,2009.110678,-80.4326144692014,,,,,,,,,,,,,,,,,,,2022.211956,-75.38646167822817,2012.69803,-86.06729710907317,,,2017.746978,-87.38154249896243,,,,,,,,,,,,,2018.53973,-87.6025195263125,2014.778634,-90.6742640782313
,,2023.211842,-91.90230968415281,,,,,,,,,,,,,,,,,,,,,,,2018.875771,-82.33452040989086,2009.110756,-80.43260418130913,,,,,,,,,,,,,,,,,,,2022.231121,-75.41035819627004,2012.71764,-86.05532418190948,,,2017.768025,-87.38523893920228,,,,,,,,,,,,,2018.5589,-87.57333444107857,2014.800423,-90.69895472574106
,,2023.244811,-91.95704484468618,,,,,,,,,,,,,,,,,,,,,,,2018.895164,-82.34700263841118,2009.110832,-80.43259415720897,,,,,,,,,,,,,,,,,,,2022.250286,-75.43424242422502,2012.73668,-86.04076544081299,,,2017.797685,-87.38986301595615,,,,,,,,,,,,,2018.61644,-87.48718997990511,2015.35364,-90.79106647381239
,,2023.284452,-92.02457897293007,,,,,,,,,,,,,,,,,,,,,,,2018.914101,-82.35875622572766,2009.110908,-80.43258413310882,,,,,,,,,,,,,,,,,,,2022.267911,-75.45618071074753,2012.75537,-86.02397757567475,,,2017.808636,-87.39145286361112,,,,,,,,,,,,,2018.63562,-87.45915936086828,2015.374972,-90.78160025930103
,,2023.322554,-92.09072492000709,,,,,,,,,,,,,,,,,,,,,,,2018.934464,-82.37089680112204,2009.110986,-80.43257384521657,,,,,,,,,,,,,,,,,,,2022.287076,-75.48002733077311,2012.77449,-86.00433948009258,,,2017.827687,-87.39392415853666,,,,,,,,,,,,,2018.65479,-87.43157386297655,2015.391285,-90.7741954369129
,,2023.360029,-92.15617834414773,,,,,,,,,,,,,,,,,,,,,,,2018.953629,-82.38190343270198,2009.111062,-80.43256382111642,,,,,,,,,,,,,,,,,,,2022.306241,-75.50386295444103,2012.79365,-85.98219953988757,,,2017.847936,-87.3962716213086,,,,,,,,,,,,,2018.67397,-87.40447227783919,2015.410564,-90.76535676003985
,,2023.398245,-92.222555798052,,,,,,,,,,,,,,,,,,,,,,,2018.972908,-82.39257361764511,2009.111142,-80.43255326943203,,,,,,,,,,,,,,,,,,,2022.325406,-75.52768844630417,2012.81315,-85.95720471999486,,,2017.864477,-87.39796558253697,,,,,,,,,,,,,2018.69315,-87.37791386573616,2015.426364,-90.75807577922792
,,2023.434578,-92.28461007633376,,,,,,,,,,,,,,,,,,,,,,,2018.992643,-82.40306289870934,2009.111226,-80.43254219016345,,,,,,,,,,,,,,,,,,,2022.345769,-75.55299521493822,2012.83225,-85.93042028034344,,,2017.883642,-87.39971113531296,,,,,,,,,,,,,2018.71233,-87.35194797526083,2015.836984,-90.67601332493402
,,2023.478383,-92.35700920198113,,,,,,,,,,,,,,,,,,,,,,,2019.009698,-82.41166859446388,2009.111311,-80.43253097899881,,,,,,,,,,,,,,,,,,,2022.364934,-75.57680148218485,2012.85123,-85.9016335354557,,,2017.902807,-87.40121649835342,,,,,,,,,,,,,2018.73151,-87.32662463246913,2015.848164,-90.67977849947394
,,2023.512435,-92.41092854784787,,,,,,,,,,,,,,,,,,,,,,,2019.029091,-82.42103639266087,2009.111399,-80.432519372146,,,,,,,,,,,,,,,,,,,2022.384099,-75.60060382857084,2012.87041,-85.87022560595237,,,2017.923398,-87.40256925989875,,,,,,,,,,,,,2018.75068,-87.30200550982954,2015.859116,-90.68366027734518
,,2023.551222,-92.46893840241698,,,,,,,,,,,,,,,,,,,,,,,2019.067877,-82.43846593827168,2009.111448,-80.43251290923929,,,,,,,,,,,,,,,,,,,2022.420889,-75.6459851530583,2012.88947,-85.83690839273542,,,2017.945073,-87.40370835255997,,,,,,,,,,,,,2018.76986,-87.27811105257183,2015.867329,-90.68708362690457
,,2023.625771,-92.56812278512287,,,,,,,,,,,,,,,,,,,,,,,2019.084817,-82.44544357725925,2009.188434,-80.36933216013905,,,,,,,,,,,,,,,,,,,,,2012.90865,-85.80152994117883,,,2017.969827,-87.40466911662672,,,,,,,,,,,,,2018.78904,-87.25498723393552,2015.878166,-90.69160071434837
,,2023.701005,-92.64695944052417,,,,,,,,,,,,,,,,,,,,,,,2019.103868,-82.4528343705173,2009.18852,-80.36924232835054,,,,,,,,,,,,,,,,,,,,,2012.92767,-85.7647149401159,,,2017.986254,-87.40514439361412,,,,,,,,,,,,,2018.80822,-87.23267673438384,2015.888547,-90.69675448165012
,,2023.745267,-92.68280261138341,,,,,,,,,,,,,,,,,,,,,,,2019.123147,-82.45988039921147,2009.1886,-80.3691587638961,,,,,,,,,,,,,,,,,,,,,2012.94698,-85.72569870839453,,,2018.003765,-87.40548867147365,,,,,,,,,,,,,2018.8274,-87.21121543638431,2015.896875,-90.7009191893507
,,2023.779319,-92.70387483593207,,,,,,,,,,,,,,,,,,,,,,,2019.142198,-82.46641350282096,2009.18868,-80.36907519944165,,,,,,,,,,,,,,,,,,,,,2012.96639,-85.68493736786947,,,2018.015173,-87.40561053609329,,,,,,,,,,,,,2018.84658,-87.19063898741815,2015.905088,-90.70541610909387
,,2023.817192,-92.72137717817624,,,,,,,,,,,,,,,,,,,,,,,2019.168037,-82.47445476227728,2009.188758,-80.36899372409856,,,,,,,,,,,,,,,,,,,,,2012.9846,-85.64544194207802,,,2018.039357,-87.40572449457795,,,,,,,,,,,,,2018.85479,-87.18212605138385,2015.917352,-90.71259903881695
,,2023.854439,-92.73209406009641,,,,,,,,,,,,,,,,,,,,,,,2019.187316,-82.47995559859889,2009.188834,-80.36891433786681,,,,,,,,,,,,,,,,,,,,,2013.00432,-85.60136078930144,,,2018.056241,-87.40567073198612,,,,,,,,,,,,,2018.86575,-87.17098648912554,2015.926136,-90.71806989600857
,,2023.892426,-92.73639694222577,,,,,,,,,,,,,,,,,,,,,,,2019.206595,-82.48486430719332,2009.188908,-80.36883704074643,,,,,,,,,,,,,,,,,,,,,2013.0239,-85.55633554985386,,,2018.074949,-87.40549700832996,,,,,,,,,,,,,2018.90411,-87.13450207317481,2015.936859,-90.72529991090857
,,2023.93184,-92.73381834689701,,,,,,,,,,,,,,,,,,,,,,,2019.225531,-82.48926220040649,2009.188986,-80.36875556540335,,,,,,,,,,,,,,,,,,,,,2013.04264,-85.5122729621047,,,2018.111739,-87.40484963705804,,,,,,,,,,,,,2018.90959,-87.12958022423463,2015.945073,-90.73090198951766
,,2023.970741,-92.72442450758757,,,,,,,,,,,,,,,,,,,,,,,2019.244696,-82.49329393155642,2009.18907,-80.36866782272642,,,,,,,,,,,,,,,,,,,,,2013.06189,-85.4662488114114,,,2018.134099,-87.40431186111104,,,,,,,,,,,,,2018.92329,-87.11773230873735,2015.956138,-90.73936791663039
,,2024.007074,-92.70984309827449,,,,,,,,,,,,,,,,,,,,,,,2019.262321,-82.49665660902836,2009.189152,-80.36858216916062,,,,,,,,,,,,,,,,,,,,,2013.08104,-85.41982044770721,,,2018.150069,-87.40387966438648,,,,,,,,,,,,,2018.92877,-87.11309707941071,2015.975189,-90.75476449570695
,,2024.051336,-92.6845260792961,,,,,,,,,,,,,,,,,,,,,,,2019.278748,-82.49929889699276,2009.189233,-80.36849756015037,,,,,,,,,,,,,,,,,,,,,2013.10006,-85.37321419855982,,,2018.176364,-87.4031276269068,,,,,,,,,,,,,2018.94521,-87.09975076896306,2015.983517,-90.76190408074844
,,2024.083734,-92.66170747477369,,,,,,,,,,,,,,,,,,,,,,,2019.298027,-82.50206019514644,2009.189279,-80.3684495105892,,,,,,,,,,,,,,,,,,,,,2013.11932,-85.32566048976557,,,2018.192791,-87.40264672306704,,,,,,,,,,,,,2018.95068,-87.09555970680951,2015.994582,-90.77199765982749
,,2024.120524,-92.63123683543091,,,,,,,,,,,,,,,,,,,,,,,2019.319816,-82.50466948062729,2009.304879,-80.17168853828349,,,,,,,,,,,,,,,,,,,,,2013.13811,-85.2790565117979,,,2018.214238,-87.40203432130643,,,,,,,,,,,,,2018.96164,-87.08724502109392,2015.999944,-90.77710550335446
,,2024.161705,-92.59194189248136,,,,,,,,,,,,,,,,,,,,,,,2019.340179,-82.50663057455068,2009.304957,-80.17153881764632,,,,,,,,,,,,,,,,,,,,,2013.15732,-85.23133559066224,,,2018.230893,-87.40158930256818,,,,,,,,,,,,,2018.96712,-87.08319408351068,2016.011979,-90.7887489431505
,,2024.201005,-92.55032879782387,,,,,,,,,,,,,,,,,,,,,,,2019.359458,-82.5080609662845,2009.305035,-80.17138909700914,,,,,,,,,,,,,,,,,,,,,2013.17734,-85.18170436515291,,,2018.270535,-87.40072667144251,,,,,,,,,,,,,2018.98082,-87.07354630133348,2016.020307,-90.79748560113632
,,2024.237054,-92.50908081938718,,,,,,,,,,,,,,,,,,,,,,,2019.378623,-82.50899780369359,2009.305109,-80.17124705435377,,,,,,,,,,,,,,,,,,,,,2013.19595,-85.1358398139207,,,2018.289243,-87.40045377013597,,,,,,,,,,,,,2018.98356,-87.0716167448981,2016.031258,-90.80897397068527
,,2024.276011,-92.46228021668415,,,,,,,,,,,,,,,,,,,,,,,2019.397674,-82.50958199005963,2009.363566,-80.01439501944358,,,,,,,,,,,,,,,,,,,,,2013.21581,-85.08730206993954,,,2018.306241,-87.40032620866538,,,,,,,,,,,,,2019.0,-87.06090001550272,2016.039357,-90.81819079281883
,,2024.31434,-92.41457272832245,,,,,,,,,,,,,,,,,,,,,,,2019.416839,-82.50983322801846,2009.36364,-80.01419590954977,,,,,,,,,,,,,,,,,,,,,2013.25355,-84.99679033229667,,,2018.327573,-87.40031747081909,,,,,,,,,,,,,2019.00274,-87.05912106586861,2016.050195,-90.83062803334657
,,2024.354211,-92.36403033954136,,,,,,,,,,,,,,,,,,,,,,,2019.434464,-82.50979464805498,2009.363714,-80.01399679965594,,,,,,,,,,,,,,,,,,,,,2013.27309,-84.95107829999657,,,2018.347936,-87.40050937706734,,,,,,,,,,,,,2019.01918,-87.0493157544586,2016.061374,-90.84418989201072
,,2024.39505,-92.31215226822162,,,,,,,,,,,,,,,,,,,,,,,2019.453629,-82.50932420924774,2009.363788,-80.01379768976213,,,,,,,,,,,,,,,,,,,,,2013.29189,-84.9079898340565,,,2018.367101,-87.40089048397876,,,,,,,,,,,,,2019.02192,-87.04768875402164,2016.069702,-90.85457048685618
,,2024.429559,-92.26893771659107,,,,,,,,,,,,,,,,,,,,,,,2019.472908,-82.50856879661953,2009.438672,-79.78473607461255,,,,,,,,,,,,,,,,,,,,,2013.31093,-84.86537239603597,,,2018.383642,-87.40138202186884,,,,,,,,,,,,,2019.03836,-87.03879853188123,2016.077801,-90.86485925084338
,,2024.467318,-92.22291847114035,,,,,,,,,,,,,,,,,,,,,,,2019.491959,-82.5075587383264,2009.438754,-79.78446555569226,,,,,,,,,,,,,,,,,,,,,2013.32899,-84.82620706670488,,,2018.405431,-87.40230865791678,,,,,,,,,,,,,2019.0411,-87.03732405585447,2016.087099,-90.87738507088575
,,2024.50696,-92.17676455580772,,,,,,,,,,,,,,,,,,,,,,,2019.509926,-82.50639068941362,2009.438832,-79.78420823281685,,,,,,,,,,,,,,,,,,,,,2013.34945,-84.78320626539464,,,2018.428189,-87.4036395650727,,,,,,,,,,,,,2019.05753,-87.02935157708994,2016.095426,-90.88860280625796
,,2024.545175,-92.13504082154292,,,,,,,,,,,,,,,,,,,,,,,2019.5316,-82.50465571869152,2009.438904,-79.78397070400871,,,,,,,,,,,,,,,,,,,,,2013.3877,-84.70734200706315,,,2018.442221,-87.40462768315588,,,,,,,,,,,,,2019.06027,-87.02802921682756,2016.106264,-90.90405909311609
,,2024.58362,-92.0964397777674,,,,,,,,,,,,,,,,,,,,,,,2019.550651,-82.50288531190041,2009.511081,-79.5338569778734,,,,,,,,,,,,,,,,,,,,,2013.40679,-84.67183982880822,,,2018.461386,-87.40629685423494,,,,,,,,,,,,,2019.07671,-87.02097422238774,2016.114705,-90.91628351101309
,,2024.620409,-92.06313090639257,,,,,,,,,,,,,,,,,,,,,,,2019.56993,-82.50093437462118,2009.511164,-79.53355002704599,,,,,,,,,,,,,,,,,,,,,2013.42616,-84.63755494559805,,,2018.48055,-87.40828010273594,,,,,,,,,,,,,2019.07945,-87.01980573945323,2016.122805,-90.9283278941628
,,2024.664215,-92.02911256661149,,,,,,,,,,,,,,,,,,,,,,,2019.587669,-82.49901892235404,2009.51125,-79.53323198160994,,,,,,,,,,,,,,,,,,,,,2013.44518,-84.60566656654977,,,2018.500571,-87.41070556689291,,,,,,,,,,,,,2019.09589,-87.01366642842233,2016.133642,-90.94512232452496
,,2024.698153,-92.00675632507732,,,,,,,,,,,,,,,,,,,,,,,2019.606606,-82.49685627042112,2009.511324,-79.53295831460673,,,,,,,,,,,,,,,,,,,,,2013.46434,-84.57541540782385,,,2018.520649,-87.41352730009588,,,,,,,,,,,,,2019.09863,-87.0126504773329,2016.144936,-90.96296054416406
,,2024.773387,-91.97306188793061,,,,,,,,,,,,,,,,,,,,,,,2019.625885,-82.49454721694768,2009.597135,-79.21103019863979,,,,,,,,,,,,,,,,,,,,,2013.48366,-84.5471477235884,,,2018.539243,-87.4165003341081,,,,,,,,,,,,,2019.11507,-87.00742693024002,2016.155431,-90.98029068804087
,,2024.811831,-91.95621531639138,,,,,,,,,,,,,,,,,,,,,,,2019.64505,-82.49221009361054,2009.597211,-79.21073689433626,,,,,,,,,,,,,,,,,,,,,2013.50316,-84.52077969424687,,,2018.558522,-87.41996531029014,,,,,,,,,,,,,2019.11781,-87.00656359255645,2016.167694,-91.00096278056844
,,,,,,,,,,,,,,,,,,,,,,,,,,2019.664101,-82.48987196586828,2009.597295,-79.21041271589563,,,,,,,,,,,,,,,,,,,,,2013.52095,-84.49866269159835,,,2018.575064,-87.4232343955331,,,,,,,,,,,,,2019.13425,-87.00225399080213,2016.176022,-91.0155635200683
,,,,,,,,,,,,,,,,,,,,,,,,,,2019.68184,-82.48770089696583,2009.597373,-79.21011169305783,,,,,,,,,,,,,,,,,,,,,2013.54123,-84.47564426984495,,,2018.595198,-87.42769856436864,,,,,,,,,,,,,2019.13699,-87.00154294425933,2016.186517,-91.03407008734554
,,,,,,,,,,,,,,,,,,,,,,,,,,2019.701005,-82.48542892394346,2009.677742,-78.90178724540874,,,,,,,,,,,,,,,,,,,,,2013.56065,-84.45592755398097,,,2018.616987,-87.43305520248376,,,,,,,,,,,,,2019.15342,-86.99814052663602,2016.194273,-91.04845560793818
,,,,,,,,,,,,,,,,,,,,,,,,,,2019.720056,-82.4832706066888,2009.677824,-78.90147784578899,,,,,,,,,,,,,,,,,,,,,2013.57972,-84.4387936256136,,,2018.633528,-87.43754915968917,,,,,,,,,,,,,2019.15616,-86.99758024678059,2016.208191,-91.07435123881781
,,,,,,,,,,,,,,,,,,,,,,,,,,2019.739335,-82.48121600884129,2009.677903,-78.9011797656679,,,,,,,,,,,,,,,,,,,,,2013.59862,-84.42401034214005,,,2018.656116,-87.44417748002924,,,,,,,,,,,,,2019.1726,-86.99507217683623,2016.217318,-91.09219760303183
,,,,,,,,,,,,,,,,,,,,,,,,,,2019.759583,-82.47924029600705,2009.677976,-78.90090432454335,,,,,,,,,,,,,,,,,,,,,2013.61782,-84.41128551859788,,,2018.672941,-87.44955084799237,,,,,,,,,,,,,2019.17808,-86.99435590733917,2016.225303,-91.10781097196443
,,,,,,,,,,,,,,,,,,,,,,,,,,2019.778748,-82.47758591772757,2009.763809,-78.58340655643177,,,,,,,,,,,,,,,,,,,,,2013.65653,-84.39337536100474,,,2018.689483,-87.45515589415723,,,,,,,,,,,,,2019.19452,-86.99277704136597,2016.233174,-91.12358941747584
,,,,,,,,,,,,,,,,,,,,,,,,,,2019.797913,-82.476263151031,2009.763891,-78.58312354433853,,,,,,,,,,,,,,,,,,,,,2013.67017,-84.38942317914741,,,2018.70591,-87.46105931562461,,,,,,,,,,,,,2019.21096,-86.99203449607256,2016.243897,-91.14563116430458
,,,,,,,,,,,,,,,,,,,,,,,,,,2019.817192,-82.4752310182181,2009.763971,-78.58284743497926,,,,,,,,,,,,,,,,,,,,,2013.67546,-84.38813989906008,,,2018.727813,-87.46954464792972,,,,,,,,,,,,,2019.21918,-86.99193170985666,2016.250685,-91.1595842909921
,,,,,,,,,,,,,,,,,,,,,,,,,,2019.833962,-82.47458452991894,2009.912853,-78.11173958492022,,,,,,,,,,,,,,,,,,,,,2013.69988,-84.38461260850447,,,2018.746978,-87.4775313281513,,,,,,,,,,,,,2019.23014,-86.99204190211708,2016.261408,-91.1826305030804
,,,,,,,,,,,,,,,,,,,,,,,,,,2019.862196,-82.47426757700553,2009.912938,-78.11149098476896,,,,,,,,,,,,,,,,,,,,,2013.71383,-84.38446640067319,,,2018.765059,-87.48551994067701,,,,,,,,,,,,,2019.23562,-86.99219856220768,2016.270421,-91.20204590751082
,,,,,,,,,,,,,,,,,,,,,,,,,,2019.873147,-82.47437166251417,2009.913022,-78.11124530932503,,,,,,,,,,,,,,,,,,,,,2013.73315,-84.38612878921847,,,2018.783996,-87.49434268698325,,,,,,,,,,,,,2019.25479,-86.99348315734572,2016.281258,-91.22618039155101
,,,,,,,,,,,,,,,,,,,,,,,,,,2019.892312,-82.47502575962963,2009.913098,-78.11102303154236,,,,,,,,,,,,,,,,,,,,,2013.77115,-84.3961296375947,,,2018.803389,-87.50387437576683,,,,,,,,,,,,,2019.26849,-86.99502798881342,2016.289471,-91.24467144783007
,,,,,,,,,,,,,,,,,,,,,,,,,,2019.911363,-82.47616677408519,2009.982484,-77.9512998339811,,,,,,,,,,,,,,,,,,,,,2013.7903,-84.40482377757256,,,2018.822097,-87.51354221583566,,,,,,,,,,,,,2019.27123,-86.99533695510696,2016.300537,-91.27010866423633
,,,,,,,,,,,,,,,,,,,,,,,,,,2019.931954,-82.47801508583008,2009.982563,-77.95112287224315,,,,,,,,,,,,,,,,,,,,,2013.80999,-84.41608368852873,,,2018.84246,-87.5246112184218,,,,,,,,,,,,,2019.28767,-86.9979764317948,2016.308751,-91.28938548558793
,,,,,,,,,,,,,,,,,,,,,,,,,,2019.951005,-82.4803526756028,2009.982645,-77.95093919043896,,,,,,,,,,,,,,,,,,,,,2013.82841,-84.42871182942044,,,2018.859458,-87.53425335162459,,,,,,,,,,,,,2019.31233,-87.00312755546219,2016.319588,-91.31506233703853
,,,,,,,,,,,,,,,,,,,,,,,,,,2019.970056,-82.48349439631824,2009.982721,-77.95076894876675,,,,,,,,,,,,,,,,,,,,,2013.84843,-84.44459700527834,,,2018.880904,-87.54703258747328,,,,,,,,,,,,,2019.32603,-87.00669459701912,2016.327801,-91.33510438517987
,,,,,,,,,,,,,,,,,,,,,,,,,,2019.997777,-82.48917761091349,2010.035727,-77.85452363279343,,,,,,,,,,,,,,,,,,,,,2013.86738,-84.4617052154178,,,2018.900069,-87.55898879996451,,,,,,,,,,,,,2019.33151,-87.00821327849296,2016.339951,-91.36485039132064
,,,,,,,,,,,,,,,,,,,,,,,,,,2020.007188,-82.49151643745867,2010.035813,-77.85439842305811,,,,,,,,,,,,,,,,,,,,,2013.88611,-84.48051369997648,,,2018.920432,-87.57220488593957,,,,,,,,,,,,,2019.34521,-87.01242189852432,2016.348164,-91.38564112538556
,,,,,,,,,,,,,,,,,,,,,,,,,,2020.026239,-82.49666826014301,2010.035896,-77.85427758110407,,,,,,,,,,,,,,,,,,,,,2013.9057,-84.5021890047774,,,2018.939597,-87.5851386431402,,,,,,,,,,,,,2019.35342,-87.01516066284782,2016.359001,-91.41307436355191
,,,,,,,,,,,,,,,,,,,,,,,,,,2020.064455,-82.50996813504949,2010.035973,-77.85416547471327,,,,,,,,,,,,,,,,,,,,,2013.94421,-84.55060785627866,,,2018.9615,-87.6004770394183,,,,,,,,,,,,,2019.36438,-87.01903349462063,2016.369724,-91.44100642043358
,,,,,,,,,,,,,,,,,,,,,,,,,,2020.08362,-82.51789145272568,2010.130044,-77.74612924204348,,,,,,,,,,,,,,,,,,,,,2013.96329,-84.57739822494878,,,2018.977927,-87.61237310993495,,,,,,,,,,,,,2019.36712,-87.02000170256387,2016.378166,-91.46312252557567
,,,,,,,,,,,,,,,,,,,,,,,,,,2020.101473,-82.52601147961435,2010.130124,-77.74607826742893,,,,,,,,,,,,,,,,,,,,,2013.98275,-84.60638599549915,,,2018.994354,-87.62456298292862,,,,,,,,,,,,,2019.38356,-87.02651456037246,2016.38638,-91.48495315551067
,,,,,,,,,,,,,,,,,,,,,,,,,,2020.120295,-82.53574270632899,2010.130202,-77.74602856717974,,,,,,,,,,,,,,,,,,,,,2014.02078,-84.66762845146802,,,2019.014717,-87.64015213776831,,,,,,,,,,,,,2019.39178,-87.02999458088381,2016.397674,-91.51550503173549
,,,,,,,,,,,,,,,,,,,,,,,,,,2020.13946,-82.54666164264431,2010.130274,-77.74598269002662,,,,,,,,,,,,,,,,,,,,,2014.03997,-84.70067488458446,,,2019.033882,-87.65528581708163,,,,,,,,,,,,,2019.40274,-87.03484054430984,2016.405431,-91.53655365439784
,,,,,,,,,,,,,,,,,,,,,,,,,,2020.158625,-82.55855667494521,2010.205105,-77.716216836645,,,,,,,,,,,,,,,,,,,,,2014.05916,-84.73505565952277,,,2019.053503,-87.67122631048774,,,,,,,,,,,,,2019.41096,-87.03867542622787,2016.416382,-91.56708115080951
,,,,,,,,,,,,,,,,,,,,,,,,,,2020.181726,-82.57433855110965,2010.205183,-77.71622864800338,,,,,,,,,,,,,,,,,,,,,2014.07838,-84.77074538647888,,,2019.072212,-87.68681802852312,,,,,,,,,,,,,2019.43014,-87.04816957549076,2016.422827,-91.58504752048984
,,,,,,,,,,,,,,,,,,,,,,,,,,2020.200891,-82.58855667193951,2010.205265,-77.71624106507244,,,,,,,,,,,,,,,,,,,,,2014.09779,-84.8080902147352,,,2019.087441,-87.69977260281424,,,,,,,,,,,,,2019.46027,-87.06466465266523,2016.433893,-91.61647160548446
,,,,,,,,,,,,,,,,,,,,,,,,,,2020.220056,-82.60410305910573,2010.205341,-77.71625257357547,,,,,,,,,,,,,,,,,,,,,2014.11697,-84.84612167942723,,,2019.109001,-87.71851421759919,,,,,,,,,,,,,2019.49863,-87.08837516423854,2016.444616,-91.64720615394111
,,,,,,,,,,,,,,,,,,,,,,,,,,2020.239335,-82.62099111214089,2010.38759,-77.84260129053023,,,,,,,,,,,,,,,,,,,,,2014.13611,-84.88503889904705,,,2019.128166,-87.73554772699616,,,,,,,,,,,,,2019.51781,-87.10131707696524,2016.452715,-91.67073808282547
,,,,,,,,,,,,,,,,,,,,,,,,,,2020.256846,-82.63728146472646,2010.38767,-77.8427139532413,,,,,,,,,,,,,,,,,,,,,2014.15512,-84.92456152582926,,,2019.147331,-87.75292504195266,,,,,,,,,,,,,2019.53699,-87.11495034406921,2016.460701,-91.69422821213486
,,,,,,,,,,,,,,,,,,,,,,,,,,2020.276239,-82.65639825606027,2010.38775,-77.84282661595238,,,,,,,,,,,,,,,,,,,,,2014.17423,-84.96508273564392,,,2019.173626,-87.77736091395248,,,,,,,,,,,,,2019.55616,-87.12925094292683,2016.472337,-91.72859161987364
,,,,,,,,,,,,,,,,,,,,,,,,,,2020.426593,-82.8492693736087,2010.387824,-77.84293082895984,,,,,,,,,,,,,,,,,,,,,2014.19342,-85.0064916044212,,,2019.190053,-87.79288047032591,,,,,,,,,,,,,2019.57534,-87.14421663224373,2016.480665,-91.75367681170562
,,,,,,,,,,,,,,,,,,,,,,,,,,2020.445415,-82.87874470639362,2010.387908,-77.84304912480646,,,,,,,,,,,,,,,,,,,,,2014.2126,-85.04851432864234,,,2019.2115,-87.81351030357237,,,,,,,,,,,,,2019.59452,-87.15981278886522,2016.491844,-91.78734964545707
,,,,,,,,,,,,,,,,,,,,,,,,,,2020.464694,-82.91056813824824,2010.387972,-77.84313925497538,,,,,,,,,,,,,,,,,,,,,2014.23221,-85.09205383825703,,,2019.233288,-87.83483790238428,,,,,,,,,,,,,2019.63288,-87.19284043802419,2016.500457,-91.8138408250334
,,,,,,,,,,,,,,,,,,,,,,,,,,2020.483859,-82.94336286709537,2010.388029,-77.84321952715696,,,,,,,,,,,,,,,,,,,,,2014.25348,-85.13984957843644,,,2019.24983,-87.85128466048947,,,,,,,,,,,,,2019.65479,-87.21272111710172,2016.51175,-91.84861659299023
,,,,,,,,,,,,,,,,,,,,,,,,,,2020.504336,-82.97968116126184,2010.388087,-77.84330120762259,,,,,,,,,,,,,,,,,,,,,2014.26992,-85.17714599920976,,,2019.26734,-87.86888247718849,,,,,,,,,,,,,2019.67123,-87.22817576104748,2016.520078,-91.87462231050017
,,,,,,,,,,,,,,,,,,,,,,,,,,2020.523729,-83.0152809286762,2010.388151,-77.84339133779152,,,,,,,,,,,,,,,,,,,,,2014.29202,-85.22756944601261,,,2019.286505,-87.88836037640868,,,,,,,,,,,,,2019.69041,-87.24667424460274,2016.530687,-91.90794603801316
,,,,,,,,,,,,,,,,,,,,,,,,,,2020.54278,-83.0514604838332,2010.388218,-77.84348569281194,,,,,,,,,,,,,,,,,,,,,2014.31822,-85.28767744544376,,,2019.308066,-87.91054086398344,,,,,,,,,,,,,2019.71507,-87.27122324567269,2016.539015,-91.93427300424412
,,,,,,,,,,,,,,,,,,,,,,,,,,2020.56434,-83.09400933827924,2010.388288,-77.84358427268417,,,,,,,,,,,,,,,,,,,,,2014.32786,-85.30986245133836,,,2019.324835,-87.92796398564205,,,,,,,,,,,,,2019.72877,-87.28524909344092,2016.550423,-91.9707760500384
,,,,,,,,,,,,,,,,,,,,,,,,,,2020.580882,-83.12767071067901,2010.388359,-77.84368426084013,,,,,,,,,,,,,,,,,,,,,2014.34696,-85.35382507503182,,,2019.345655,-87.94981528970983,,,,,,,,,,,,,2019.73699,-87.29378792531548,2016.558294,-91.99597297917688
,,,,,,,,,,,,,,,,,,,,,,,,,,2020.598392,-83.16403462440694,2010.513236,-78.04546123636732,,,,,,,,,,,,,,,,,,,,,2014.36578,-85.39713288665193,,,2019.364363,-87.96962504022856,,,,,,,,,,,,,2019.74795,-87.30529606547083,2016.56936,-92.03194891276436
,,,,,,,,,,,,,,,,,,,,,,,,,,2020.633985,-83.24100112422529,2010.513318,-78.04560804189312,,,,,,,,,,,,,,,,,,,,,2014.38499,-85.44125730798372,,,2019.385923,-87.99267310197035,,,,,,,,,,,,,2019.76712,-87.32581860526255,2016.577573,-92.05864964858179
,,,,,,,,,,,,,,,,,,,,,,,,,,2020.656001,-83.29039824279644,2010.513391,-78.04573873461716,,,,,,,,,,,,,,,,,,,,,2014.40415,-85.48508454607932,,,2019.406458,-88.01480063052179,,,,,,,,,,,,,2019.7863,-87.34682823908088,2016.58687,-92.08920467393236
,,,,,,,,,,,,,,,,,,,,,,,,,,2020.673626,-83.3308333457591,2010.513453,-78.04584973391725,,,,,,,,,,,,,,,,,,,,,2014.42366,-85.52946855490963,,,2019.422713,-88.03244621463185,,,,,,,,,,,,,2019.80548,-87.36830154232972,2016.598278,-92.12683973841936
,,,,,,,,,,,,,,,,,,,,,,,,,,2020.692905,-83.37593039091391,2010.513522,-78.04597326539614,,,,,,,,,,,,,,,,,,,,,2014.44298,-85.57311451910641,,,2019.44051,-88.05186109014015,,,,,,,,,,,,,2019.82466,-87.39022508278435,2016.606492,-92.15413159065884
,,,,,,,,,,,,,,,,,,,,,,,,,,2020.711956,-83.42162991335763,2010.513579,-78.04607531313961,,,,,,,,,,,,,,,,,,,,,2014.46231,-85.6164207271703,,,2019.462527,-88.07601942858643,,,,,,,,,,,,,2019.86301,-87.4353706138399,2016.617443,-92.19072176357979
,,,,,,,,,,,,,,,,,,,,,,,,,,2020.73135,-83.46900356699928,2010.513638,-78.04618094150565,,,,,,,,,,,,,,,,,,,,,2014.4812,-85.65833812306815,,,2019.477584,-88.09261711558536,,,,,,,,,,,,,2019.88219,-87.45858555058739,2016.628166,-92.22670983436113
,,,,,,,,,,,,,,,,,,,,,,,,,,2020.751484,-83.51902179539971,2010.513695,-78.04628298924953,,,,,,,,,,,,,,,,,,,,,2014.50002,-85.69965706361734,,,2019.497092,-88.11422149914095,,,,,,,,,,,,,2019.90137,-87.48221028982316,2016.636152,-92.25368684825466
,,,,,,,,,,,,,,,,,,,,,,,,,,2020.770763,-83.56767368210744,2010.513754,-78.04638861761556,,,,,,,,,,,,,,,,,,,,,2014.5193,-85.74147152775222,,,2019.51734,-88.13674918203246,,,,,,,,,,,,,2019.92055,-87.5062385946013,2016.647217,-92.29111109615314
,,,,,,,,,,,,,,,,,,,,,,,,,,2020.789928,-83.61676096163227,2010.513815,-78.04649782660418,,,,,,,,,,,,,,,,,,,,,2014.53837,-85.78227675207606,,,2019.536734,-88.15842166088608,,,,,,,,,,,,,2019.93973,-87.53066484264323,2016.652693,-92.30978084252972
,,,,,,,,,,,,,,,,,,,,,,,,,,2020.809093,-83.66668715303268,2010.513876,-78.04660703559279,,,,,,,,,,,,,,,,,,,,,2014.55798,-85.82353110419054,,,2019.55567,-88.17966110089415,,,,,,,,,,,,,2019.9589,-87.55545693140218,2016.663644,-92.34711692590585
,,,,,,,,,,,,,,,,,,,,,,,,,,2020.828258,-83.71718019205753,2010.51394,-78.04672161551547,,,,,,,,,,,,,,,,,,,,,2014.57674,-85.86231465098858,,,2019.574607,-88.20096525825845,,,,,,,,,,,,,2019.97808,-87.58064215709605,2016.67066,-92.37111270593306
,,,,,,,,,,,,,,,,,,,,,,,,,,2020.845769,-83.7637597719379,2010.607525,-78.22803912750888,,,,,,,,,,,,,,,,,,,,,2014.61502,-85.93936914412538,,,2019.59246,-88.22110629737055,,,,,,,,,,,,,2019.99726,-87.60619939347103,2016.681155,-92.40715846397647
,,,,,,,,,,,,,,,,,,,,,,,,,,2020.865048,-83.81552288477471,2010.607595,-78.2281773969735,,,,,,,,,,,,,,,,,,,,,2014.63438,-85.97720147060379,,,2019.608887,-88.23968149224896,,,,,,,,,,,,,2020.03552,-87.65826108531658,2016.692791,-92.44718593959898
,,,,,,,,,,,,,,,,,,,,,,,,,,2020.884099,-83.86726369967693,2010.607666,-78.22831764171642,,,,,,,,,,,,,,,,,,,,,2014.65378,-86.01429956977474,,,2019.630676,-88.26438488270792,,,,,,,,,,,,,2020.05464,-87.68479915151187,2016.700662,-92.47437337229677
,,,,,,,,,,,,,,,,,,,,,,,,,,2020.903264,-83.91968445904287,2010.607734,-78.22845196062447,,,,,,,,,,,,,,,,,,,,,2014.67271,-86.04969653947262,,,2019.649727,-88.286039307023,,,,,,,,,,,,,2020.07377,-87.711693972119,2016.711956,-92.51339049378689
,,,,,,,,,,,,,,,,,,,,,,,,,,2020.923512,-83.97541701741896,2010.607807,-78.2285961559235,,,,,,,,,,,,,,,,,,,,,2014.69177,-86.08451560520825,,,2019.66758,-88.3063714874725,,,,,,,,,,,,,2020.0929,-87.73892299906827,2016.719257,-92.5387073490975
,,,,,,,,,,,,,,,,,,,,,,,,,,2020.94302,-84.02940398071675,2010.607864,-78.22870874677312,,,,,,,,,,,,,,,,,,,,,2014.71054,-86.1178528264106,,,2019.686517,-88.32798512314727,,,,,,,,,,,,,2020.11202,-87.76646483803424,2016.744468,-92.62621045354973
,,,,,,,,,,,,,,,,,,,,,,,,,,2020.962185,-84.08268459376227,2010.607921,-78.22882133762276,,,,,,,,,,,,,,,,,,,,,2014.73049,-86.15235368341264,,,2019.706138,-88.35042505305444,,,,,,,,,,,,,2020.13661,-87.80233927969289,2016.765059,-92.69777935489444
,,,,,,,,,,,,,,,,,,,,,,,,,,2020.978383,-84.12788439839167,2010.607982,-78.22894182958461,,,,,,,,,,,,,,,,,,,,,2014.74833,-86.18235702494594,,,2019.725531,-88.37264838936844,,,,,,,,,,,,,2020.15027,-87.82250999395644,2016.787076,-92.77427857096978
,,,,,,,,,,,,,,,,,,,,,,,,,,2021.03719,-84.2923258405005,2010.608042,-78.22906034626865,,,,,,,,,,,,,,,,,,,,,2014.76799,-86.21454036735817,,,2019.744126,-88.39399730820178,,,,,,,,,,,,,2020.1694,-87.85099707196098,2016.803503,-92.83126740010394
,,,,,,,,,,,,,,,,,,,,,,,,,,2021.056127,-84.34520676084514,2010.6081,-78.2291749123961,,,,,,,,,,,,,,,,,,,,,2014.79034,-86.24994820019259,,,2019.764602,-88.41755168290004,,,,,,,,,,,,,2020.18852,-87.87976548832034,2016.825406,-92.90700850153208
,,,,,,,,,,,,,,,,,,,,,,,,,,2021.075292,-84.39858963960607,2010.608157,-78.22928750324573,,,,,,,,,,,,,,,,,,,,,2014.807,-86.27554163411529,,,2019.78103,-88.43647950969597,,,,,,,,,,,,,2020.20765,-87.90883799415467,2016.842917,-92.9673248141452
,,,,,,,,,,,,,,,,,,,,,,,,,,2021.093145,-84.44816368057224,2010.608216,-78.22940404465193,,,,,,,,,,,,,,,,,,,,,2014.8266,-86.30474572515396,,,2019.803047,-88.46190798369106,,,,,,,,,,,,,2020.22678,-87.93818899497856,2016.864477,-93.04110240489183
,,,,,,,,,,,,,,,,,,,,,,,,,,2021.112196,-84.50086094229188,2010.693575,-78.43307742147496,,,,,,,,,,,,,,,,,,,,,2014.84579,-86.3324159318768,,,2019.822212,-88.48409417887686,,,,,,,,,,,,,2020.2459,-87.96779466790112,2016.883528,-93.10575481300243
,,,,,,,,,,,,,,,,,,,,,,,,,,2021.131817,-84.55475210505774,2010.693651,-78.43326413387864,,,,,,,,,,,,,,,,,,,,,2014.86471,-86.35870413722358,,,2019.839836,-88.50454009350817,,,,,,,,,,,,,2020.26503,-87.997676309204,2016.905545,-93.17981055288983
,,,,,,,,,,,,,,,,,,,,,,,,,,2021.150868,-84.60668879759977,2010.693724,-78.43344347605559,,,,,,,,,,,,,,,,,,,,,2014.88386,-86.38434984873392,,,2019.859001,-88.52682232648364,,,,,,,,,,,,,2020.28689,-88.03211504651301,2016.928645,-93.25657557005458
,,,,,,,,,,,,,,,,,,,,,,,,,,2021.17625,-84.67526117794648,2010.693788,-78.43360070755351,,,,,,,,,,,,,,,,,,,,,2014.90329,-86.40945067378239,,,2019.880904,-88.55235586095077,,,,,,,,,,,,,2020.30328,-88.0581626194601,2016.942221,-93.30108714508104
,,,,,,,,,,,,,,,,,,,,,,,,,,2021.195643,-84.7270500718678,2010.693859,-78.43377513624617,,,,,,,,,,,,,,,,,,,,,2014.92221,-86.43300661551527,,,2019.89505,-88.56888290223326,,,,,,,,,,,,,2020.3224,-88.08874692235126,2016.958077,-93.35268392920145
,,,,,,,,,,,,,,,,,,,,,,,,,,2021.214694,-84.77741130741464,2010.693921,-78.43392745425979,,,,,,,,,,,,,,,,,,,,,2014.94167,-86.45634147214056,,,2019.917694,-88.59540868479513,,,,,,,,,,,,,2020.34153,-88.11956475966349,2016.977584,-93.41533027856998
,,,,,,,,,,,,,,,,,,,,,,,,,,2021.233973,-84.82778713754922,2010.693982,-78.43407731553098,,,,,,,,,,,,,,,,,,,,,2014.9606,-86.47818246851018,,,2019.937087,-88.618196558559,,,,,,,,,,,,,2020.36066,-88.15058874454627,2016.992187,-93.46152834056633
,,,,,,,,,,,,,,,,,,,,,,,,,,2021.25137,-84.87247950358842,2010.694045,-78.43423209028649,,,,,,,,,,,,,,,,,,,,,2014.97954,-86.49920190728301,,,2020.077687,-88.78592730404335,,,,,,,,,,,,,2020.37978,-88.18179030167187,2017.009013,-93.51397949084453
,,,,,,,,,,,,,,,,,,,,,,,,,,2021.270763,-84.92168963964481,2010.694108,-78.43438686504197,,,,,,,,,,,,,,,,,,,,,2014.99865,-86.51958195228148,,,2020.092574,-88.80398355771362,,,,,,,,,,,,,2020.39891,-88.21318759055492,2017.028634,-93.57415304368578
,,,,,,,,,,,,,,,,,,,,,,,,,,2021.289814,-84.96931889243122,2010.694171,-78.43454163979801,,,,,,,,,,,,,,,,,,,,,2015.01813,-86.53941840679043,,,2020.108887,-88.82383845925025,,,,,,,,,,,,,2020.41803,-88.24473710417134,2017.047228,-93.63008893734994
,,,,,,,,,,,,,,,,,,,,,,,,,,2021.309093,-85.01675763940887,2010.694235,-78.43469887129538,,,,,,,,,,,,,,,,,,,,,2015.03733,-86.55813089528583,,,2020.125428,-88.84408251418766,,,,,,,,,,,,,2020.43716,-88.27645668488121,2017.066508,-93.68689720101898
,,,,,,,,,,,,,,,,,,,,,,,,,,2021.328144,-85.06254546989965,2010.694298,-78.43485364605087,,,,,,,,,,,,,,,,,,,,,2015.05651,-86.57605518841994,,,2020.144822,-88.86792048332748,,,,,,,,,,,,,2020.45628,-88.30829924816123,2017.083505,-93.73598669496891
,,,,,,,,,,,,,,,,,,,,,,,,,,2021.348392,-85.11024703213934,,,,,,,,,,,,,,,,,,,,,,,2015.0867,-86.60286214219435,,,2020.167922,-88.89647485119924,,,,,,,,,,,,,2020.47541,-88.34028306906363,2017.089951,-93.75413306955085
,,,,,,,,,,,,,,,,,,,,,,,,,,2021.367557,-85.15443962572373,,,,,,,,,,,,,,,,,,,,,,,2015.09482,-86.60964522818028,,,2020.189825,-88.92372443616333,,,,,,,,,,,,,2020.49454,-88.37237800392101,2017.10056,-93.78392052265865
,,,,,,,,,,,,,,,,,,,,,,,,,,2021.386722,-85.19769504851715,,,,,,,,,,,,,,,,,,,,,,,2015.11433,-86.62566753564217,,,2020.20591,-88.94385134472819,,,,,,,,,,,,,2020.53279,-88.43682176082513,2017.108202,-93.80519491019771
,,,,,,,,,,,,,,,,,,,,,,,,,,2021.40623,-85.24064731153048,,,,,,,,,,,,,,,,,,,,,,,2015.13323,-86.64053303150591,,,2020.227927,-88.97155890252829,,,,,,,,,,,,,2020.55191,-88.46913834859178,2017.119382,-93.83565283414991
,,,,,,,,,,,,,,,,,,,,,,,,,,2021.423512,-85.27747419669166,,,,,,,,,,,,,,,,,,,,,,,2015.15232,-86.6549100064927,,,2020.244354,-88.99234433038735,,,,,,,,,,,,,2020.57104,-88.50151973410252,2017.12828,-93.85986368737012
,,,,,,,,,,,,,,,,,,,,,,,,,,2021.442905,-85.31785655634793,,,,,,,,,,,,,,,,,,,,,,,2015.17155,-86.66870973294448,,,2020.261865,-89.01462698522067,,,,,,,,,,,,,2020.59016,-88.53391404911471,2017.13946,-93.88935015508224
,,,,,,,,,,,,,,,,,,,,,,,,,,2021.46458,-85.36160841837882,,,,,,,,,,,,,,,,,,,,,,,2015.19098,-86.68203975149957,,,2020.306812,-89.07241818658368,,,,,,,,,,,,,2020.60929,-88.56634159389132,2017.149498,-93.91582467770174
,,,,,,,,,,,,,,,,,,,,,,,,,,2021.481007,-85.39393291348597,,,,,,,,,,,,,,,,,,,,,,,2015.2103,-86.69473469836339,,,2020.322554,-89.09289041861909,,,,,,,,,,,,,2020.62842,-88.59876884777705,2019.85364,-94.26817087766801
,,,,,,,,,,,,,,,,,,,,,,,,,,2021.504108,-85.43745082900254,,,,,,,,,,,,,,,,,,,,,,,2015.22939,-86.70676313817913,,,2020.339494,-89.115027623823,,,,,,,,,,,,,2020.64754,-88.63115978425823,2019.872576,-94.30061986087745
,,,,,,,,,,,,,,,,,,,,,,,,,,2021.520535,-85.4671108676443,,,,,,,,,,,,,,,,,,,,,,,2015.24834,-86.7182309586084,,,2020.368242,-89.15287632521142,,,,,,,,,,,,,2020.66667,-88.66353281865813,2019.883985,-94.3207764196759
,,,,,,,,,,,,,,,,,,,,,,,,,,2021.539814,-85.50091135676449,,,,,,,,,,,,,,,,,,,,,,,2015.26726,-86.72924151148787,,,2020.383414,-89.17302365043327,,,,,,,,,,,,,2020.68579,-88.69583986912005,2019.894822,-94.34027397535377
,,,,,,,,,,,,,,,,,,,,,,,,,,2021.558865,-85.53309151177135,,,,,,,,,,,,,,,,,,,,,,,2015.28666,-86.74010124883115,,,2020.399613,-89.19463649387349,,,,,,,,,,,,,2020.70492,-88.72809978537576,2019.900412,-94.35052462833778
,,,,,,,,,,,,,,,,,,,,,,,,,,2021.578144,-85.56424320459952,,,,,,,,,,,,,,,,,,,,,,,2015.30561,-86.75032726238769,,,2020.425565,-89.22954720025015,,,,,,,,,,,,,2020.72404,-88.76026038413974,2019.908283,-94.36495806118886
,,,,,,,,,,,,,,,,,,,,,,,,,,2021.61482,-85.6192409245669,,,,,,,,,,,,,,,,,,,,,,,2015.32509,-86.76043323323567,,,2020.436517,-89.2443560683725,,,,,,,,,,,,,2020.74317,-88.7923419334451,2019.92066,-94.38821629491206
,,,,,,,,,,,,,,,,,,,,,,,,,,2021.634327,-85.64657452398492,,,,,,,,,,,,,,,,,,,,,,,2015.34396,-86.76988972294036,,,2020.458419,-89.27419383109829,,,,,,,,,,,,,2020.7623,-88.82431141184873,2019.931612,-94.40897096399418
,,,,,,,,,,,,,,,,,,,,,,,,,,2021.656116,-85.67533669073138,,,,,,,,,,,,,,,,,,,,,,,2015.36308,-86.77919251272743,,,2020.480208,-89.30411520579138,,,,,,,,,,,,,2020.78142,-88.85613605998802,2019.942221,-94.42956334964093
,,,,,,,,,,,,,,,,,,,,,,,,,,2021.673512,-85.69678739121622,,,,,,,,,,,,,,,,,,,,,,,2015.40415,-86.79835461462955,,,2020.500685,-89.33246055150637,,,,,,,,,,,,,2020.80055,-88.88783898314709,2019.956252,-94.45697586164653
,,,,,,,,,,,,,,,,,,,,,,,,,,2021.689939,-85.71590602721261,,,,,,,,,,,,,,,,,,,,,,,2015.41999,-86.80550047080226,,,2020.522474,-89.36285868812949,,,,,,,,,,,,,2020.81967,-88.91937024648217,2019.964352,-94.47317928291913
,,,,,,,,,,,,,,,,,,,,,,,,,,2021.709104,-85.73705154291659,,,,,,,,,,,,,,,,,,,,,,,2015.44014,-86.81442056673225,,,2020.544833,-89.39430559108948,,,,,,,,,,,,,2020.8388,-88.95075018468175,2019.977927,-94.50036435708898
,,,,,,,,,,,,,,,,,,,,,,,,,,2021.728383,-85.75694825720936,,,,,,,,,,,,,,,,,,,,,,,2015.4587,-86.82250671131774,,,2020.563655,-89.42099625618997,,,,,,,,,,,,,2020.85792,-88.98193446841016,2019.988764,-94.52251113807422
,,,,,,,,,,,,,,,,,,,,,,,,,,2021.747434,-85.77478541254175,,,,,,,,,,,,,,,,,,,,,,,2015.47818,-86.83087215473401,,,2020.584475,-89.45073217967013,,,,,,,,,,,,,2020.87705,-89.0129458787703,2019.99983,-94.54515037395053
,,,,,,,,,,,,,,,,,,,,,,,,,,2021.767797,-85.79231668384823,,,,,,,,,,,,,,,,,,,,,,,2015.49732,-86.83901832557018,,,2020.605921,-89.48160397257094,,,,,,,,,,,,,2020.89617,-89.04373876423826,2020.009127,-94.56449235322359
,,,,,,,,,,,,,,,,,,,,,,,,,,2021.786962,-85.80737207635275,,,,,,,,,,,,,,,,,,,,,,,2015.51676,-86.84724740601679,,,2020.628052,-89.51372178545795,,,,,,,,,,,,,2020.93443,-89.10470846266986,2020.023044,-94.59350445906253
,,,,,,,,,,,,,,,,,,,,,,,,,,2021.806127,-85.82107772578495,,,,,,,,,,,,,,,,,,,,,,,2015.53569,-86.85524248737953,,,2020.644479,-89.53773662124989,,,,,,,,,,,,,2020.95355,-89.13483992317552,2020.041753,-94.63298526640207
,,,,,,,,,,,,,,,,,,,,,,,,,,2021.825292,-85.83333926206251,,,,,,,,,,,,,,,,,,,,,,,2015.55487,-86.86335061506946,,,2020.663644,-89.56593283984049,,,,,,,,,,,,,2020.98907,-89.19017899736573,2020.050309,-94.65120804385258
,,,,,,,,,,,,,,,,,,,,,,,,,,2021.843031,-85.84305877301195,,,,,,,,,,,,,,,,,,,,,,,2015.57458,-86.87171470843688,,,2020.700548,-89.62078314149907,,,,,,,,,,,,,2020.9918,-89.19440174477776,2020.05818,-94.66799820011165
,,,,,,,,,,,,,,,,,,,,,,,,,,2021.862082,-85.85232091724666,,,,,,,,,,,,,,,,,,,,,,,2015.59324,-86.87968126231556,,,2020.736026,-89.67426398558159,,,,,,,,,,,,,2021.01096,-89.22386237810014,2020.066393,-94.68554209778827
,,,,,,,,,,,,,,,,,,,,,,,,,,2021.881247,-85.8603366853734,,,,,,,,,,,,,,,,,,,,,,,2015.61233,-86.88790198772894,,,2020.758898,-89.70909028082032,,,,,,,,,,,,,2021.03014,-89.25309847734434,2020.074721,-94.70344384179965
,,,,,,,,,,,,,,,,,,,,,,,,,,2021.900526,-85.8670847822613,,,,,,,,,,,,,,,,,,,,,,,2015.63176,-86.8963820208618,,,2020.775782,-89.73498277786487,,,,,,,,,,,,,2021.04932,-89.28207510496158,2020.083277,-94.72183569119488
,,,,,,,,,,,,,,,,,,,,,,,,,,2021.920889,-85.87234911949196,,,,,,,,,,,,,,,,,,,,,,,2015.65067,-86.90476050123974,,,2020.808636,-89.78578494686326,,,,,,,,,,,,,2021.06849,-89.31077565117678,2020.095084,-94.74728141000207
,,,,,,,,,,,,,,,,,,,,,,,,,,2021.940053,-85.87592674074205,,,,,,,,,,,,,,,,,,,,,,,2015.6702,-86.91355273114532,,,2020.822212,-89.80697395202719,,,,,,,,,,,,,2021.08767,-89.33922692079672,2020.104096,-94.76672512029704
,,,,,,,,,,,,,,,,,,,,,,,,,,2021.959218,-85.8782841694332,,,,,,,,,,,,,,,,,,,,,,,2015.69162,-86.92337729325818,,,2020.837099,-89.8302877640142,,,,,,,,,,,,,2021.10685,-89.36741241675396,2020.110712,-94.78100260124326
,,,,,,,,,,,,,,,,,,,,,,,,,,2021.997663,-85.87931068085435,,,,,,,,,,,,,,,,,,,,,,,2015.70855,-86.93129521100815,,,2020.853526,-89.85614868312672,,,,,,,,,,,,,2021.12603,-89.39533316521235,2020.119839,-94.80070947055292
,,,,,,,,,,,,,,,,,,,,,,,,,,2022.015173,-85.87784179516682,,,,,,,,,,,,,,,,,,,,,,,2015.72743,-86.94028887888906,,,2020.870181,-89.88254243008616,,,,,,,,,,,,,2021.14521,-89.42299067371668,2020.133528,-94.8302497599952
,,,,,,,,,,,,,,,,,,,,,,,,,,2022.03719,-85.87477807871818,,,,,,,,,,,,,,,,,,,,,,,2015.74662,-86.94962283481586,,,2020.892312,-89.91780632243062,,,,,,,,,,,,,2021.16438,-89.4503704804722,2020.142198,-94.84891894622295
,,,,,,,,,,,,,,,,,,,,,,,,,,2022.056127,-85.8709647400515,,,,,,,,,,,,,,,,,,,,,,,2015.76576,-86.95913276211388,,,2020.911021,-89.94781470666686,,,,,,,,,,,,,2021.18356,-89.47750300976284,2020.152921,-94.8720045822937
,,,,,,,,,,,,,,,,,,,,,,,,,,2022.072554,-85.86692617816071,,,,,,,,,,,,,,,,,,,,,,,2015.785,-86.9689362847816,,,2020.931383,-89.98066166109555,,,,,,,,,,,,,2021.20274,-89.50437822591299,2020.16045,-94.88811909153824
,,,,,,,,,,,,,,,,,,,,,,,,,,2022.090179,-85.8613366841271,,,,,,,,,,,,,,,,,,,,,,,2015.80427,-86.97898584281543,,,2020.948267,-90.00803724600345,,,,,,,,,,,,,2021.22192,-89.53099700566236,2020.173512,-94.91607602071248
,,,,,,,,,,,,,,,,,,,,,,,,,,2022.109458,-85.85437977772851,,,,,,,,,,,,,,,,,,,,,,,2015.82361,-86.98930352250915,,,2020.969713,-90.04299963937187,,,,,,,,,,,,,2021.2411,-89.55736812930189,2020.180813,-94.93157459935645
,,,,,,,,,,,,,,,,,,,,,,,,,,2022.128623,-85.84654863862444,,,,,,,,,,,,,,,,,,,,,,,2015.84273,-86.99973657604151,,,2020.988878,-90.07440744190461,,,,,,,,,,,,,2021.27945,-89.60937756175284,2020.192449,-94.95624330931786
,,,,,,,,,,,,,,,,,,,,,,,,,,2022.147788,-85.83784061661592,,,,,,,,,,,,,,,,,,,,,,,2015.862,-87.01048705282192,,,2021.006503,-90.10343301307554,,,,,,,,,,,,,2021.29863,-89.6350410833867,2020.201005,-94.97425689605537
,,,,,,,,,,,,,,,,,,,,,,,,,,2022.173626,-85.82450383570296,,,,,,,,,,,,,,,,,,,,,,,2015.87978,-87.02061016606208,,,2021.025896,-90.135516344537,,,,,,,,,,,,,2021.31781,-89.66048047651152,2020.211728,-94.99669631141334
,,,,,,,,,,,,,,,,,,,,,,,,,,2022.384213,-85.67327201336174,,,,,,,,,,,,,,,,,,,,,,,2015.90038,-87.03259890126523,,,2021.044833,-90.16697932414863,,,,,,,,,,,,,2021.33699,-89.68570321184212,2020.220056,-95.01406524412393
,,,,,,,,,,,,,,,,,,,,,,,,,,2022.403149,-85.65757671396521,,,,,,,,,,,,,,,,,,,,,,,2015.91948,-87.04394946817202,,,2021.064112,-90.19913149140223,,,,,,,,,,,,,2021.35616,-89.71070425094335,2020.233517,-95.04177360686084
,,,,,,,,,,,,,,,,,,,,,,,,,,2022.420774,-85.64290065104582,,,,,,,,,,,,,,,,,,,,,,,2015.95783,-87.06747465824199,,,2021.083163,-90.2310132338144,,,,,,,,,,,,,2021.37534,-89.7355177735182,2020.241844,-95.05884929886848
,,,,,,,,,,,,,,,,,,,,,,,,,,2022.440053,-85.62681871676243,,,,,,,,,,,,,,,,,,,,,,,2015.97659,-87.07930382288778,,,2021.100788,-90.26059541780248,,,,,,,,,,,,,2021.39452,-89.76014006959822,2020.25137,-95.07806797615042
,,,,,,,,,,,,,,,,,,,,,,,,,,2022.459333,-85.61080192724248,,,,,,,,,,,,,,,,,,,,,,,2015.99624,-87.09190257063857,,,2021.122691,-90.29746975159581,,,,,,,,,,,,,2021.4137,-89.78457827746858,2020.259583,-95.09463767975288
,,,,,,,,,,,,,,,,,,,,,,,,,,2022.481007,-85.5929412126324,,,,,,,,,,,,,,,,,,,,,,,2016.01558,-87.1045030154261,,,2021.139118,-90.32518005589243,,,,,,,,,,,,,2021.43288,-89.80884087273522,2020.270649,-95.11656140690181
,,,,,,,,,,,,,,,,,,,,,,,,,,2022.497548,-85.57945388436869,,,,,,,,,,,,,,,,,,,,,,,2016.03468,-87.11712944456187,,,2021.158283,-90.35757828373981,,,,,,,,,,,,,2021.45479,-89.83635824362045,2020.278748,-95.13251680585262
,,,,,,,,,,,,,,,,,,,,,,,,,,2022.517797,-85.5631713122451,,,,,,,,,,,,,,,,,,,,,,,2016.05364,-87.12982961623119,,,2021.181612,-90.3970663903421,,,,,,,,,,,,,2021.47123,-89.85686016250051,2020.286734,-95.14810917130224
,,,,,,,,,,,,,,,,,,,,,,,,,,2022.537076,-85.54805089505338,,,,,,,,,,,,,,,,,,,,,,,2016.07297,-87.14293441212573,,,2021.200548,-90.42914741325087,,,,,,,,,,,,,2021.49041,-89.88064490607412,2020.295061,-95.16407029932392
,,,,,,,,,,,,,,,,,,,,,,,,,,2022.558751,-85.53150520426786,,,,,,,,,,,,,,,,,,,,,,,2016.09178,-87.15584322978869,,,2021.222908,-90.46703321028022,,,,,,,,,,,,,2021.50959,-89.90428585802535,2020.306013,-95.18506300667245
,,,,,,,,,,,,,,,,,,,,,,,,,,2022.57552,-85.51909165686449,,,,,,,,,,,,,,,,,,,,,,,2016.11098,-87.16914376543258,,,2021.239106,-90.49446261592556,,,,,,,,,,,,,2021.52877,-89.92779019555059,2020.314226,-95.20031700709843
,,,,,,,,,,,,,,,,,,,,,,,,,,2022.593031,-85.5064554931754,,,,,,,,,,,,,,,,,,,,,,,2016.13007,-87.18246597942057,,,2021.256389,-90.52370298671595,,,,,,,,,,,,,2021.54795,-89.95116584782873,2020.325064,-95.22044626046547
,,,,,,,,,,,,,,,,,,,,,,,,,,2022.612082,-85.49331492798561,,,,,,,,,,,,,,,,,,,,,,,2016.14923,-87.19592165521385,,,2021.278634,-90.56126899608614,,,,,,,,,,,,,2021.56712,-89.97440742807716,2020.334361,-95.23729292174758
,,,,,,,,,,,,,,,,,,,,,,,,,,2022.631247,-85.48075721721742,,,,,,,,,,,,,,,,,,,,,,,2016.1874,-87.22290289911082,,,2021.297343,-90.59278329528217,,,,,,,,,,,,,2021.5863,-89.9975428000697,2020.345426,-95.25711993282002
,,,,,,,,,,,,,,,,,,,,,,,,,,2022.650526,-85.46875141367622,,,,,,,,,,,,,,,,,,,,,,,2016.20684,-87.23668984276512,,,2021.316622,-90.62515637382775,,,,,,,,,,,,,2021.60548,-90.02056092730446,2020.35364,-95.27157202356136
,,,,,,,,,,,,,,,,,,,,,,,,,,2022.668379,-85.45820113568396,,,,,,,,,,,,,,,,,,,,,,,2016.22566,-87.25004424214352,,,2021.334703,-90.65538989457558,,,,,,,,,,,,,2021.62466,-90.04347117835887,2020.364705,-95.29062141592645
,,,,,,,,,,,,,,,,,,,,,,,,,,2022.687316,-85.44777739103823,,,,,,,,,,,,,,,,,,,,,,,2016.2445,-87.26337561876905,,,2021.353412,-90.68651769122388,,,,,,,,,,,,,2021.64384,-90.06627897626366,2020.372919,-95.30467622739133
,,,,,,,,,,,,,,,,,,,,,,,,,,2022.706481,-85.43817243180233,,,,,,,,,,,,,,,,,,,,,,,2016.2637,-87.27691537457679,,,2021.375771,-90.72350051438879,,,,,,,,,,,,,2021.66301,-90.08897183086312,2020.394822,-95.34065134538338
,,,,,,,,,,,,,,,,,,,,,,,,,,2022.725531,-85.42942275117822,,,,,,,,,,,,,,,,,,,,,,,2016.28265,-87.29020584870591,,,2021.394365,-90.75402073171404,,,,,,,,,,,,,2021.68219,-90.11157529831023,2020.416496,-95.37455706462117
,,,,,,,,,,,,,,,,,,,,,,,,,,2022.744811,-85.42140908205978,,,,,,,,,,,,,,,,,,,,,,,2016.302,-87.30367805385629,,,2021.413644,-90.78542853010957,,,,,,,,,,,,,2021.70137,-90.13407986071441,2020.436859,-95.40477759396092
,,,,,,,,,,,,,,,,,,,,,,,,,,2022.765059,-85.41397938733132,,,,,,,,,,,,,,,,,,,,,,,2016.32106,-87.31682600575961,,,2021.434692,-90.81940413050326,,,,,,,,,,,,,2021.72055,-90.15648297084294,2020.458762,-95.43545931001373
,,,,,,,,,,,,,,,,,,,,,,,,,,2022.784224,-85.40811207282263,,,,,,,,,,,,,,,,,,,,,,,2016.34019,-87.32987643314888,,,2021.448724,-90.84188346983267,,,,,,,,,,,,,2021.73973,-90.17878330583287,2020.475189,-95.45702483463475
,,,,,,,,,,,,,,,,,,,,,,,,,,2022.822554,-85.3995107683705,,,,,,,,,,,,,,,,,,,,,,,2016.35935,-87.3427778684001,,,2021.469599,-90.87495615020387,,,,,,,,,,,,,2021.7589,-90.20096887255256,2020.496749,-95.48383717085568
,,,,,,,,,,,,,,,,,,,,,,,,,,2022.840179,-85.39683986538232,,,,,,,,,,,,,,,,,,,,,,,2016.37836,-87.35537910549532,,,2021.492187,-90.91023663917142,,,,,,,,,,,,,2021.77808,-90.22305853905996,2020.496749,-95.48383717085568
,,,,,,,,,,,,,,,,,,,,,,,,,,2022.859572,-85.39511810132059,,,,,,,,,,,,,,,,,,,,,,,2016.39787,-87.36805456135158,,,2021.509013,-90.93614959214341,,,,,,,,,,,,,2021.79726,-90.24503679688465,2020.517569,-95.50785257525625
,,,,,,,,,,,,,,,,,,,,,,,,,,2022.878623,-85.3947140187034,,,,,,,,,,,,,,,,,,,,,,,2016.41701,-87.38023119643127,,,2021.528292,-90.96541919189134,,,,,,,,,,,,,2021.81644,-90.26689882871194,2020.517569,-95.50785257525625
,,,,,,,,,,,,,,,,,,,,,,,,,,2022.897788,-85.39537388271532,,,,,,,,,,,,,,,,,,,,,,,2016.43587,-87.39195963907079,,,2021.566279,-91.0216975416429,,,,,,,,,,,,,2021.83562,-90.28863788398971,2020.536962,-95.52854195945176
,,,,,,,,,,,,,,,,,,,,,,,,,,2022.918151,-85.39729582330466,,,,,,,,,,,,,,,,,,,,,,,2016.45504,-87.40358562958052,,,2021.584361,-91.04779215989682,,,,,,,,,,,,,2021.85479,-90.31023456299988,2020.536962,-95.52854195945176
,,,,,,,,,,,,,,,,,,,,,,,,,,2022.937316,-85.40023446919932,,,,,,,,,,,,,,,,,,,,,,,2016.47411,-87.41483204502309,,,2021.601359,-91.07190839349906,,,,,,,,,,,,,2021.88219,-90.34086742337524,2020.555214,-95.54656684262908
,,,,,,,,,,,,,,,,,,,,,,,,,,2023.012435,-85.42409840216044,,,,,,,,,,,,,,,,,,,,,,,2016.49361,-87.42597755679577,,,2021.620295,-91.0981654327536,,,,,,,,,,,,,2021.89315,-90.35302125761254,2020.555214,-95.54656684262908
,,,,,,,,,,,,,,,,,,,,,,,,,,2023.0316,-85.43319074063024,,,,,,,,,,,,,,,,,,,,,,,2016.51242,-87.43637544776617,,,2021.644593,-91.13096722987687,,,,,,,,,,,,,2021.91233,-90.3741777985388,2020.571869,-95.56186921484219
,,,,,,,,,,,,,,,,,,,,,,,,,,2023.06993,-85.45511838750109,,,,,,,,,,,,,,,,,,,,,,,2016.53179,-87.44667822929392,,,2021.660906,-91.15232784927957,,,,,,,,,,,,,2021.93151,-90.39516180594471,2020.571869,-95.56186921484219
,,,,,,,,,,,,,,,,,,,,,,,,,,2023.087784,-85.46678963711182,,,,,,,,,,,,,,,,,,,,,,,2016.55066,-87.45625190727567,,,2021.678531,-91.17486975505604,,,,,,,,,,,,,2021.95068,-90.41595117704516,2020.589152,-95.57639642920486
,,,,,,,,,,,,,,,,,,,,,,,,,,2023.106834,-85.4804156178657,,,,,,,,,,,,,,,,,,,,,,,2016.57002,-87.46563674449087,,,2021.700891,-91.20263961251042,,,,,,,,,,,,,2021.96986,-90.43655214000692,2020.589152,-95.57639642920486
,,,,,,,,,,,,,,,,,,,,,,,,,,2023.125999,-85.49547977601831,,,,,,,,,,,,,,,,,,,,,,,2016.5889,-87.47434612540326,,,2021.716975,-91.22198727401968,,,,,,,,,,,,,2021.98904,-90.4569401799919,2020.608887,-95.59126298222752
,,,,,,,,,,,,,,,,,,,,,,,,,,2023.14505,-85.5114798005975,,,,,,,,,,,,,,,,,,,,,,,2016.60787,-87.48264311152988,,,2021.76426,-91.27558716920893,,,,,,,,,,,,,2022.03014,-90.49984916314307,2020.608887,-95.59126298222752
,,,,,,,,,,,,,,,,,,,,,,,,,,2023.171003,-85.53497654986113,,,,,,,,,,,,,,,,,,,,,,,2016.62705,-87.49054929424315,,,2021.780801,-91.29318281481757,,,,,,,,,,,,,2022.04658,-90.51667093885011,2020.628509,-95.6044292920457
,,,,,,,,,,,,,,,,,,,,,,,,,,2023.190282,-85.55367581241039,,,,,,,,,,,,,,,,,,,,,,,2016.64628,-87.49797243020737,,,2021.797343,-91.31020844647296,,,,,,,,,,,,,2022.12329,-90.59231180627357,2020.628509,-95.6044292920457
,,,,,,,,,,,,,,,,,,,,,,,,,,2023.247777,-85.61564118977658,,,,,,,,,,,,,,,,,,,,,,,2016.66566,-87.50492430989623,,,2021.830311,-91.34182425026677,,,,,,,,,,,,,2022.14247,-90.610391531983,2020.650297,-95.61722410470374
,,,,,,,,,,,,,,,,,,,,,,,,,,2023.265059,-85.63593789421851,,,,,,,,,,,,,,,,,,,,,,,2016.68462,-87.51117505102839,,,2021.853526,-91.36256618447399,,,,,,,,,,,,,2022.16164,-90.62808999895869,2020.650297,-95.61722410470374
,,,,,,,,,,,,,,,,,,,,,,,,,,2023.284452,-85.6594977938153,,,,,,,,,,,,,,,,,,,,,,,2016.70369,-87.51686934734907,,,2021.872691,-91.37865172491499,,,,,,,,,,,,,2022.18082,-90.6454088474912,2020.666382,-95.62537807905659
,,,,,,,,,,,,,,,,,,,,,,,,,,2023.303617,-85.6836859944384,,,,,,,,,,,,,,,,,,,,,,,2016.723,-87.52208103791148,,,2021.894822,-91.39604787631069,,,,,,,,,,,,,2022.2,-90.66232024516549,2020.666382,-95.62537807905659
,,,,,,,,,,,,,,,,,,,,,,,,,,2023.322668,-85.7086373984453,,,,,,,,,,,,,,,,,,,,,,,2016.74187,-87.52662131123387,,,2021.908511,-91.40627720965605,,,,,,,,,,,,,2022.21918,-90.67880199047022,2020.685946,-95.6339618167732
,,,,,,,,,,,,,,,,,,,,,,,,,,2023.343031,-85.73605047680799,,,,,,,,,,,,,,,,,,,,,,,2016.76101,-87.53066703334729,,,2021.925908,-91.41840170146709,,,,,,,,,,,,,2022.23836,-90.69483801199489,2020.685946,-95.6339618167732
,,,,,,,,,,,,,,,,,,,,,,,,,,2023.36231,-85.76269067051972,,,,,,,,,,,,,,,,,,,,,,,2016.78044,-87.53418665092468,,,2021.94781,-91.43254993057711,,,,,,,,,,,,,2022.25753,-90.71040217080821,2020.705225,-95.6409863807089
,,,,,,,,,,,,,,,,,,,,,,,,,,2023.381589,-85.78994885463958,,,,,,,,,,,,,,,,,,,,,,,2016.79909,-87.53701212609609,,,2021.96709,-91.44389922020112,,,,,,,,,,,,,2022.27671,-90.72549163390704,2020.705225,-95.6409863807089
,,,,,,,,,,,,,,,,,,,,,,,,,,2023.40064,-85.81758914437954,,,,,,,,,,,,,,,,,,,,,,,2016.81839,-87.53935138707855,,,2021.986369,-91.45427468494967,,,,,,,,,,,,,2022.29589,-90.74008281462238,2020.724732,-95.64668867738698
,,,,,,,,,,,,,,,,,,,,,,,,,,2023.418379,-85.84382835901906,,,,,,,,,,,,,,,,,,,,,,,2016.83763,-87.54103692585217,,,2022.006503,-91.46407749446502,,,,,,,,,,,,,2022.31507,-90.75415862116519,2020.724732,-95.64668867738698
,,,,,,,,,,,,,,,,,,,,,,,,,,2023.437316,-85.87224734132232,,,,,,,,,,,,,,,,,,,,,,,2016.85682,-87.54209259288908,,,2022.02293,-91.47131132700082,,,,,,,,,,,,,2022.33425,-90.76770173111389,2020.741388,-95.65039506907657
,,,,,,,,,,,,,,,,,,,,,,,,,,2023.456481,-85.90142837423775,,,,,,,,,,,,,,,,,,,,,,,2016.87634,-87.54257041526434,,,2022.039586,-91.47799235814975,,,,,,,,,,,,,2022.35342,-90.78069207722157,2020.741388,-95.65039506907657
,,,,,,,,,,,,,,,,,,,,,,,,,,2023.475646,-85.93105514955597,,,,,,,,,,,,,,,,,,,,,,,2016.89506,-87.54245696972937,,,2022.061488,-91.48555593449557,,,,,,,,,,,,,2022.3726,-90.7931288285416,2020.767797,-95.65440029596346
,,,,,,,,,,,,,,,,,,,,,,,,,,2023.494925,-85.96123047024874,,,,,,,,,,,,,,,,,,,,,,,2016.91415,-87.54177900349993,,,2022.080425,-91.49110313372965,,,,,,,,,,,,,2022.39178,-90.80499173880219,2020.767797,-95.65440029596346
,,,,,,,,,,,,,,,,,,,,,,,,,,2023.515287,-85.99338695111491,,,,,,,,,,,,,,,,,,,,,,,2016.93338,-87.54052405894278,,,2022.098164,-91.4954158312704,,,,,,,,,,,,,2022.41096,-90.8162697390504,2020.77852,-95.65522959810588
,,,,,,,,,,,,,,,,,,,,,,,,,,2023.534567,-86.02406618805206,,,,,,,,,,,,,,,,,,,,,,,2016.95243,-87.5387223254061,,,2022.130904,-91.50151376441919,,,,,,,,,,,,,2022.43014,-90.82695227981733,2020.77852,-95.65522959810588
,,,,,,,,,,,,,,,,,,,,,,,,,,2023.553503,-86.05437291651768,,,,,,,,,,,,,,,,,,,,,,,2016.97167,-87.53634147147547,,,2022.153264,-91.50421995710691,,,,,,,,,,,,,2022.44932,-90.83702840738812,2020.786848,-95.65587367422654
,,,,,,,,,,,,,,,,,,,,,,,,,,2023.572668,-86.08520663051002,,,,,,,,,,,,,,,,,,,,,,,2016.99059,-87.5334107996366,,,2022.178874,-91.50592794753648,,,,,,,,,,,,,2022.47123,-90.84780876674186,2020.786848,-95.65587367422654
,,,,,,,,,,,,,,,,,,,,,,,,,,2023.590293,-86.11362442180662,,,,,,,,,,,,,,,,,,,,,,,2017.00984,-87.52986177482846,,,2022.2034,-91.50629108728569,,,,,,,,,,,,,2022.48767,-90.85532887347077,2020.792323,-95.65602882433772
,,,,,,,,,,,,,,,,,,,,,,,,,,2023.609572,-86.14473695629644,,,,,,,,,,,,,,,,,,,,,,,2017.02903,-87.52579970371573,,,2022.219713,-91.50589200096097,,,,,,,,,,,,,2022.50685,-90.86354727823138,2020.792323,-95.65602882433772
,,,,,,,,,,,,,,,,,,,,,,,,,,2023.628737,-86.17566388497198,,,,,,,,,,,,,,,,,,,,,,,2017.04819,-87.52123721089961,,,2022.244468,-91.50428470561297,,,,,,,,,,,,,2022.52603,-90.8711392967487,2021.276011,-95.59957526037834
,,,,,,,,,,,,,,,,,,,,,,,,,,2023.647902,-86.20652133741969,,,,,,,,,,,,,,,,,,,,,,,2017.06761,-87.51610911312414,,,2022.253651,-91.50345967875383,,,,,,,,,,,,,2022.54521,-90.87810157581514,2021.276011,-95.59957526037834
,,,,,,,,,,,,,,,,,,,,,,,,,,2023.684692,-86.26541053587154,,,,,,,,,,,,,,,,,,,,,,,2017.08659,-87.51062155854041,,,2022.272816,-91.50118804478437,,,,,,,,,,,,,2022.56438,-90.88442357970128,2021.283882,-95.6022028956066
,,,,,,,,,,,,,,,,,,,,,,,,,,2023.706481,-86.29999714492486,,,,,,,,,,,,,,,,,,,,,,,2017.10572,-87.50462806145688,,,2022.297228,-91.49754477552995,,,,,,,,,,,,,2022.56438,-90.88442357970128,2021.283882,-95.6022028956066
,,,,,,,,,,,,,,,,,,,,,,,,,,2023.742073,-86.3558063889137,,,,,,,,,,,,,,,,,,,,,,,2017.12381,-87.49855825870294,,,2022.370295,-91.4822309049027,,,,,,,,,,,,,2022.5726,-90.88698164130302,2021.292209,-95.60498276075022
,,,,,,,,,,,,,,,,,,,,,,,,,,2023.7816,-86.41656408031365,,,,,,,,,,,,,,,,,,,,,,,2017.14409,-87.49123378252779,,,2022.389232,-91.47749736469741,,,,,,,,,,,,,2022.58356,-90.89012205764878,2021.292209,-95.60498276075022
,,,,,,,,,,,,,,,,,,,,,,,,,,2023.820159,-86.4743733044578,,,,,,,,,,,,,,,,,,,,,,,2017.16356,-87.48375751102124,,,2022.408397,-91.47247113377684,,,,,,,,,,,,,2022.58356,-90.89012205764878,2021.303275,-95.60965859445557
,,,,,,,,,,,,,,,,,,,,,,,,,,2023.837555,-86.4998475084786,,,,,,,,,,,,,,,,,,,,,,,2017.18248,-87.47610458251944,,,2022.425793,-91.4677889573633,,,,,,,,,,,,,2022.59178,-90.89241309984997,2021.303275,-95.60965859445557
,,,,,,,,,,,,,,,,,,,,,,,,,,2023.856834,-86.52770904162115,,,,,,,,,,,,,,,,,,,,,,,2017.20162,-87.46800033998448,,,2022.444958,-91.46256600773323,,,,,,,,,,,,,2022.60274,-90.89519370101078,2021.311603,-95.61318475085017
,,,,,,,,,,,,,,,,,,,,,,,,,,2023.875999,-86.55498370403329,,,,,,,,,,,,,,,,,,,,,,,2017.2208,-87.45953067177223,,,2022.464352,-91.45726575093457,,,,,,,,,,,,,2022.60274,-90.89519370101078,2021.311603,-95.61318475085017
,,,,,,,,,,,,,,,,,,,,,,,,,,2023.895164,-86.58174487055287,,,,,,,,,,,,,,,,,,,,,,,2017.23975,-87.45083981132787,,,2022.483745,-91.45201695294665,,,,,,,,,,,,,2022.61096,-90.89721590002121,2021.322554,-95.61859936116433
,,,,,,,,,,,,,,,,,,,,,,,,,,2023.914443,-86.60810210002673,,,,,,,,,,,,,,,,,,,,,,,2017.25897,-87.44171587419292,,,2022.506846,-91.44593654285737,,,,,,,,,,,,,2022.62192,-90.89964273293133,2021.322554,-95.61859936116433
,,,,,,,,,,,,,,,,,,,,,,,,,,2023.934578,-86.63512068625555,,,,,,,,,,,,,,,,,,,,,,,2017.27811,-87.43234283519399,,,2022.523044,-91.44182311891907,,,,,,,,,,,,,2022.62192,-90.89964273293133,2021.330083,-95.62249112768215
,,,,,,,,,,,,,,,,,,,,,,,,,,2023.953857,-86.66049088644198,,,,,,,,,,,,,,,,,,,,,,,2017.29707,-87.42276405309548,,,2022.543008,-91.43702550585984,,,,,,,,,,,,,2022.63014,-90.9014001179269,2021.330083,-95.62249112768215
,,,,,,,,,,,,,,,,,,,,,,,,,,2023.972908,-86.68508813962143,,,,,,,,,,,,,,,,,,,,,,,2017.33555,-87.4026054438813,,,2022.561831,-91.43286315991993,,,,,,,,,,,,,2022.6411,-90.90347639026184,2021.342803,-95.62971356207977
,,,,,,,,,,,,,,,,,,,,,,,,,,2023.992187,-86.70934088896867,,,,,,,,,,,,,,,,,,,,,,,2017.35478,-87.39222274112718,,,2022.580996,-91.42904539602102,,,,,,,,,,,,,2022.6411,-90.90347639026184,2021.342803,-95.62971356207977
,,,,,,,,,,,,,,,,,,,,,,,,,,2024.028977,-86.75417170832749,,,,,,,,,,,,,,,,,,,,,,,2017.37391,-87.38171804137326,,,2022.597936,-91.4260719982845,,,,,,,,,,,,,2022.64932,-90.9049718008369,2021.35113,-95.63482838458636
,,,,,,,,,,,,,,,,,,,,,,,,,,2024.048027,-86.77670147034037,,,,,,,,,,,,,,,,,,,,,,,2017.39311,-87.37101883439514,,,2022.619839,-91.42282641743114,,,,,,,,,,,,,2022.66027,-90.90670155603884,2021.35113,-95.63482838458636
,,,,,,,,,,,,,,,,,,,,,,,,,,2024.067307,-86.79892036412947,,,,,,,,,,,,,,,,,,,,,,,2017.41224,-87.36022322518866,,,2022.636722,-91.42085321569034,,,,,,,,,,,,,2022.66027,-90.90670155603884,2021.361511,-95.64154987674249
,,,,,,,,,,,,,,,,,,,,,,,,,,2024.084817,-86.8185984724403,,,,,,,,,,,,,,,,,,,,,,,2017.43182,-87.34905367289358,,,2022.656458,-91.41920364802428,,,,,,,,,,,,,2022.66849,-90.90793908149867,2021.361511,-95.64154987674249
,,,,,,,,,,,,,,,,,,,,,,,,,,2024.104096,-86.83984906587928,,,,,,,,,,,,,,,,,,,,,,,2017.45069,-87.33818430306627,,,2022.673056,-91.41836592151935,,,,,,,,,,,,,2022.67945,-90.90932863803054,2021.369953,-95.6475817212383
,,,,,,,,,,,,,,,,,,,,,,,,,,2024.123261,-86.86052384493644,,,,,,,,,,,,,,,,,,,,,,,2017.47014,-87.32690800801997,,,2022.692677,-91.41827329356369,,,,,,,,,,,,,2022.67945,-90.90932863803054,2021.369953,-95.6475817212383
,,,,,,,,,,,,,,,,,,,,,,,,,,2024.142426,-86.88071178718913,,,,,,,,,,,,,,,,,,,,,,,2017.48964,-87.3155523084002,,,2022.714238,-91.41916609933634,,,,,,,,,,,,,2022.68767,-90.91031185847628,2021.381475,-95.65596815704988
,,,,,,,,,,,,,,,,,,,,,,,,,,2024.161591,-86.90036857434595,,,,,,,,,,,,,,,,,,,,,,,2017.50823,-87.3046956370284,,,2022.730779,-91.42070129485933,,,,,,,,,,,,,2022.69863,-90.91137133187353,2021.381475,-95.65596815704988
,,,,,,,,,,,,,,,,,,,,,,,,,,2024.184578,-86.9234271571025,,,,,,,,,,,,,,,,,,,,,,,2017.5274,-87.29348553247651,,,2022.750913,-91.42347461322704,,,,,,,,,,,,,2022.69863,-90.91137133187353,2021.389004,-95.66212677994089
,,,,,,,,,,,,,,,,,,,,,,,,,,2024.204085,-86.94253347180842,,,,,,,,,,,,,,,,,,,,,,,2017.54655,-87.28228958630494,,,2022.769964,-91.42712571981721,,,,,,,,,,,,,2022.70685,-90.91210754249153,2021.389004,-95.66212677994089
,,,,,,,,,,,,,,,,,,,,,,,,,,2024.222908,-86.96062142760572,,,,,,,,,,,,,,,,,,,,,,,2017.56582,-87.27104410416064,,,2022.789357,-91.43191356634772,,,,,,,,,,,,,2022.72055,-90.91302354785604,2021.403492,-95.67414461266516
,,,,,,,,,,,,,,,,,,,,,,,,,,2024.242073,-86.97868401227922,,,,,,,,,,,,,,,,,,,,,,,2017.58494,-87.25992327420701,,,2022.81377,-91.43964781996512,,,,,,,,,,,,,2022.73699,-90.91375098947034,2021.403492,-95.67414461266516
,,,,,,,,,,,,,,,,,,,,,,,,,,2024.259812,-86.99501533705462,,,,,,,,,,,,,,,,,,,,,,,2017.60412,-87.24882714520808,,,2022.827916,-91.44481946763224,,,,,,,,,,,,,2022.74795,-90.91403679411805,2021.411705,-95.68172639266287
,,,,,,,,,,,,,,,,,,,,,,,,,,2024.279091,-87.01251143212463,,,,,,,,,,,,,,,,,,,,,,,2017.62319,-87.23786898944905,,,2022.845312,-91.45237302461517,,,,,,,,,,,,,2022.75068,-90.91406435375845,2021.411705,-95.68172639266287
,,,,,,,,,,,,,,,,,,,,,,,,,,2024.298027,-87.02943793198658,,,,,,,,,,,,,,,,,,,,,,,2017.64306,-87.22653990734645,,,2022.864477,-91.46183329430161,,,,,,,,,,,,,2022.75342,-90.9140920143499,2021.417352,-95.6869393856796
,,,,,,,,,,,,,,,,,,,,,,,,,,2024.317192,-87.04632539982282,,,,,,,,,,,,,,,,,,,,,,,2017.66162,-87.21605646682808,,,2022.883642,-91.47254455878867,,,,,,,,,,,,,2022.75616,-90.91411967494138,2021.417352,-95.6869393856796
,,,,,,,,,,,,,,,,,,,,,,,,,,2024.337555,-87.06396764254268,,,,,,,,,,,,,,,,,,,,,,,2017.68115,-87.20514058709368,,,2022.911477,-91.4902892250979,,,,,,,,,,,,,2022.7589,-90.91414733553285,2021.436174,-95.70563538667133
,,,,,,,,,,,,,,,,,,,,,,,,,,2024.356834,-87.08046809252787,,,,,,,,,,,,,,,,,,,,,,,2017.69996,-87.1947502369624,,,2022.926022,-91.50083512217586,,,,,,,,,,,,,2022.76164,-90.9141749961243,2021.436174,-95.70563538667133
,,,,,,,,,,,,,,,,,,,,,,,,,,2024.375885,-87.09662499448993,,,,,,,,,,,,,,,,,,,,,,,2017.71923,-87.18424219722063,,,2022.942563,-91.51360734088016,,,,,,,,,,,,,2022.76438,-90.91414970833078,2021.458648,-95.73017947801907
,,,,,,,,,,,,,,,,,,,,,,,,,,2024.39505,-87.112753313395,,,,,,,,,,,,,,,,,,,,,,,2017.73846,-87.17390646890902,,,2022.9615,-91.52946126516156,,,,,,,,,,,,,2022.77534,-90.91396350433796,2021.458648,-95.73017947801907
,,,,,,,,,,,,,,,,,,,,,,,,,,2024.414329,-87.12886684399719,,,,,,,,,,,,,,,,,,,,,,,2017.75764,-87.16377858552244,,,2022.980665,-91.54685422920404,,,,,,,,,,,,,2022.83562,-90.91029647078018,2021.477584,-95.75280558350542
,,,,,,,,,,,,,,,,,,,,,,,,,,2024.43184,-87.14341727682559,,,,,,,,,,,,,,,,,,,,,,,2017.77672,-87.15388595445756,,,2023.006503,-91.57276923805614,,,,,,,,,,,,,2022.85205,-90.90850376184972,2021.477584,-95.75280558350542
,,,,,,,,,,,,,,,,,,,,,,,,,,2024.451119,-87.15940629542034,,,,,,,,,,,,,,,,,,,,,,,2017.79628,-87.14392901314966,,,2023.020307,-91.58758344636406,,,,,,,,,,,,,2022.87123,-90.90604674287985,2021.493783,-95.77345407094674
,,,,,,,,,,,,,,,,,,,,,,,,,,2024.470284,-87.17528423273622,,,,,,,,,,,,,,,,,,,,,,,2017.81515,-87.13451481603069,,,2023.039357,-91.60925865038762,,,,,,,,,,,,,2022.89041,-90.9032025966292,2021.493783,-95.77345407094674
,,,,,,,,,,,,,,,,,,,,,,,,,,2024.489449,-87.19116610451029,,,,,,,,,,,,,,,,,,,,,,,2017.83458,-87.12502573743345,,,2023.058751,-91.63269329096077,,,,,,,,,,,,,2022.90959,-90.8999995748647,2021.514488,-95.80183619695309
,,,,,,,,,,,,,,,,,,,,,,,,,,2024.509812,-87.20809791721891,,,,,,,,,,,,,,,,,,,,,,,2017.85369,-87.11590400456524,,,2023.074949,-91.65328695159718,,,,,,,,,,,,,2022.92877,-90.89646492626586,2021.514488,-95.80183619695309
,,,,,,,,,,,,,,,,,,,,,,,,,,2024.547799,-87.2399308283366,,,,,,,,,,,,,,,,,,,,,,,2017.87294,-87.10693460039583,,,2023.095312,-91.68056042812798,,,,,,,,,,,,,2022.97534,-90.88669924834637,2021.536391,-95.83419422469441
,,,,,,,,,,,,,,,,,,,,,,,,,,2024.566964,-87.25614800367872,,,,,,,,,,,,,,,,,,,,,,,2017.89203,-87.09825883790305,,,2023.111968,-91.7038768387239,,,,,,,,,,,,,2022.9863,-90.88416988610956,2021.536391,-95.83419422469441
,,,,,,,,,,,,,,,,,,,,,,,,,,2024.584589,-87.27120137613794,,,,,,,,,,,,,,,,,,,,,,,2017.91124,-87.08979296405705,,,2023.131361,-91.73253423987983,,,,,,,,,,,,,2022.99452,-90.88225185873186,2021.555328,-95.86393002017898
,,,,,,,,,,,,,,,,,,,,,,,,,,2024.603754,-87.28775625394609,,,,,,,,,,,,,,,,,,,,,,,2017.93035,-87.08162982387724,,,2023.150069,-91.76141980264352,,,,,,,,,,,,,2023.00822,-90.87894317629069,2021.555328,-95.86393002017898
,,,,,,,,,,,,,,,,,,,,,,,,,,2024.625771,-87.3070045613367,,,,,,,,,,,,,,,,,,,,,,,2017.94938,-87.0737461411506,,,2023.176022,-91.80327978886953,,,,,,,,,,,,,2023.0137,-90.87760292907056,2021.574379,-95.8958328278924
,,,,,,,,,,,,,,,,,,,,,,,,,,2024.642198,-87.32153486410893,,,,,,,,,,,,,,,,,,,,,,,2017.96871,-87.06599609952835,,,2023.195529,-91.8363441180653,,,,,,,,,,,,,2023.02466,-90.87486217772964,2021.574379,-95.8958328278924
,,,,,,,,,,,,,,,,,,,,,,,,,,2024.661477,-87.33879758756872,,,,,,,,,,,,,,,,,,,,,,,2017.98793,-87.05855762090502,,,2023.214123,-91.86898365126041,,,,,,,,,,,,,2023.04384,-90.86997492169179,2021.592574,-95.92789434143981
,,,,,,,,,,,,,,,,,,,,,,,,,,2024.678988,-87.35477540649825,,,,,,,,,,,,,,,,,,,,,,,2018.00713,-87.05140013581521,,,2023.233402,-91.90390975711466,,,,,,,,,,,,,2023.05205,-90.86785300451628,2021.592574,-95.92789434143981
,,,,,,,,,,,,,,,,,,,,,,,,,,2024.698267,-87.37259390243139,,,,,,,,,,,,,,,,,,,,,,,2018.02626,-87.0445467956673,,,2023.250913,-91.93654927164107,,,,,,,,,,,,,2023.06301,-90.86497299582945,2021.609458,-95.9589502224206
,,,,,,,,,,,,,,,,,,,,,,,,,,2024.717318,-87.39046491370877,,,,,,,,,,,,,,,,,,,,,,,2018.04553,-87.03793299057517,,,2023.270078,-91.97324630751385,,,,,,,,,,,,,2023.07123,-90.86280572280995,2021.609458,-95.9589502224206
,,,,,,,,,,,,,,,,,,,,,,,,,,2024.739106,-87.41127112568942,,,,,,,,,,,,,,,,,,,,,,,2018.06496,-87.0315926270616,,,2023.289129,-92.01068161890608,,,,,,,,,,,,,2023.08219,-90.85988498993675,2021.617672,-95.97437907548786
,,,,,,,,,,,,,,,,,,,,,,,,,,2024.756731,-87.4284215016014,,,,,,,,,,,,,,,,,,,,,,,2018.08377,-87.02577729615419,,,2023.308408,-92.04954983685735,,,,,,,,,,,,,2023.09041,-90.857690641473,2021.617672,-95.97437907548786
,,,,,,,,,,,,,,,,,,,,,,,,,,2024.775896,-87.44741081674945,,,,,,,,,,,,,,,,,,,,,,,2018.10295,-87.02014953799412,,,2023.327573,-92.08912500386876,,,,,,,,,,,,,2023.10411,-90.85401313903624,2021.627824,-95.99410791699016
,,,,,,,,,,,,,,,,,,,,,,,,,,2024.79529,-87.466944437246,,,,,,,,,,,,,,,,,,,,,,,2018.12222,-87.01481807131596,,,2023.348507,-92.13322857392744,,,,,,,,,,,,,2023.10959,-90.85254143374154,2021.627824,-95.99410791699016
,,,,,,,,,,,,,,,,,,,,,,,,,,2024.81434,-87.4864470803681,,,,,,,,,,,,,,,,,,,,,,,2018.14137,-87.00985026953217,,,2023.367786,-92.17463798989439,,,,,,,,,,,,,2023.12055,-90.84959549224843,2021.636494,-96.01124187874045
,,,,,,,,,,,,,,,,,,,,,,,,,,2024.833391,-87.50629448211504,,,,,,,,,,,,,,,,,,,,,,,2018.16049,-87.0052251934391,,,2023.389004,-92.22097500480275,,,,,,,,,,,,,2023.1589,-90.83936531523558,2021.636494,-96.01124187874045
,,,,,,,,,,,,,,,,,,,,,,,,,,2024.851016,-87.52504682174406,,,,,,,,,,,,,,,,,,,,,,,2018.17965,-87.00093385796565,,,2023.406001,-92.25862888490782,,,,,,,,,,,,,2023.16712,-90.83719885585052,2021.64756,-96.03353950332126
,,,,,,,,,,,,,,,,,,,,,,,,,,2024.870295,-87.54607049151825,,,,,,,,,,,,,,,,,,,,,,,2018.1989,-86.99698000680063,,,2023.428531,-92.30919007976256,,,,,,,,,,,,,2023.17808,-90.83434862146498,2021.64756,-96.03353950332126
,,,,,,,,,,,,,,,,,,,,,,,,,,2024.88946,-87.56732280402099,,,,,,,,,,,,,,,,,,,,,,,2018.21816,-86.99343887037222,,,2023.44473,-92.34591374024659,,,,,,,,,,,,,2023.19726,-90.82944231596012,2021.655317,-96.04959846673805
,,,,,,,,,,,,,,,,,,,,,,,,,,,,,,,,,,,,,,,,,,,,,,,,,,2018.23708,-86.99035320364551,,,2023.464123,-92.39026889433777,,,,,,,,,,,,,2023.20548,-90.82737160440452,2021.655317,-96.04959846673805
,,,,,,,,,,,,,,,,,,,,,,,,,,,,,,,,,,,,,,,,,,,,,,,,,,2018.25651,-86.98757630396449,,,2023.503537,-92.48145104682786,,,,,,,,,,,,,2023.21644,-90.82467471877159,2021.667466,-96.07497857743958
,,,,,,,,,,,,,,,,,,,,,,,,,,,,,,,,,,,,,,,,,,,,,,,,,,2018.27532,-86.98528295306343,,,2023.520535,-92.52105955543725,,,,,,,,,,,,,2023.22466,-90.82267033686142,2021.667466,-96.07497857743958
,,,,,,,,,,,,,,,,,,,,,,,,,,,,,,,,,,,,,,,,,,,,,,,,,,2018.29445,-86.9833568379806,,,2023.539814,-92.56607841173056,,,,,,,,,,,,,2023.23562,-90.82007563295575,2021.678874,-96.09961994241904
,,,,,,,,,,,,,,,,,,,,,,,,,,,,,,,,,,,,,,,,,,,,,,,,,,2018.31368,-86.98184848406902,,,2023.558408,-92.60954779047174,,,,,,,,,,,,,2023.24384,-90.818150807328,2021.687201,-96.11763761674104
,,,,,,,,,,,,,,,,,,,,,,,,,,,,,,,,,,,,,,,,,,,,,,,,,,2018.33294,-86.9807805690621,,,2023.580539,-92.66127469508636,,,,,,,,,,,,,2023.27397,-90.81150063879092,2021.687201,-96.11763761674104
,,,,,,,,,,,,,,,,,,,,,,,,,,,,,,,,,,,,,,,,,,,,,,,,,,2018.35243,-86.98016663370892,,,2023.595426,-92.69602856505894,,,,,,,,,,,,,2023.29315,-90.80757588100006,2021.695415,-96.13608592490083
,,,,,,,,,,,,,,,,,,,,,,,,,,,,,,,,,,,,,,,,,,,,,,,,,,2018.37123,-86.98008271785564,,,2023.614477,-92.74036008179465,,,,,,,,,,,,,2023.31233,-90.80392807271973,2021.695415,-96.13608592490083
,,,,,,,,,,,,,,,,,,,,,,,,,,,,,,,,,,,,,,,,,,,,,,,,,,2018.39035,-86.98049632272031,,,2023.636494,-92.79134261175669,,,,,,,,,,,,,2023.33151,-90.8005823924138,2021.703058,-96.15325179040711
,,,,,,,,,,,,,,,,,,,,,,,,,,,,,,,,,,,,,,,,,,,,,,,,,,2018.40969,-86.9814161488303,,,2023.652807,-92.82885369949936,,,,,,,,,,,,,2023.35068,-90.79756399729962,2021.703058,-96.15325179040711
,,,,,,,,,,,,,,,,,,,,,,,,,,,,,,,,,,,,,,,,,,,,,,,,,,2018.42871,-86.98283077992691,,,2023.670432,-92.86913981831049,,,,,,,,,,,,,2023.36986,-90.7948919044966,2021.711271,-96.17190237620001
,,,,,,,,,,,,,,,,,,,,,,,,,,,,,,,,,,,,,,,,,,,,,,,,,,2018.44789,-86.98478064857179,,,2023.689597,-92.9125939752059,,,,,,,,,,,,,2023.38904,-90.79258670064777,2021.711271,-96.17190237620001
,,,,,,,,,,,,,,,,,,,,,,,,,,,,,,,,,,,,,,,,,,,,,,,,,,2018.46715,-86.9872829812453,,,2023.708762,-92.9556210647027,,,,,,,,,,,,,2023.40822,-90.79066924768314,2021.72188,-96.1965920642104
,,,,,,,,,,,,,,,,,,,,,,,,,,,,,,,,,,,,,,,,,,,,,,,,,,2018.48636,-86.99033717560981,,,2023.767569,-93.08438109205679,,,,,,,,,,,,,2023.4274,-90.78915698787323,2021.72188,-96.1965920642104
,,,,,,,,,,,,,,,,,,,,,,,,,,,,,,,,,,,,,,,,,,,,,,,,,,2018.50545,-86.99393969928855,,,2023.78719,-93.12603570343285,,,,,,,,,,,,,2023.44658,-90.78806411798445,2021.729751,-96.21490976939728
,,,,,,,,,,,,,,,,,,,,,,,,,,,,,,,,,,,,,,,,,,,,,,,,,,2018.52458,-86.99821061591173,,,2023.806013,-93.16533098197307,,,,,,,,,,,,,2023.46575,-90.78740682590029,2021.729751,-96.21490976939728
,,,,,,,,,,,,,,,,,,,,,,,,,,,,,,,,,,,,,,,,,,,,,,,,,,2018.56301,-87.00867469584063,,,2023.822212,-93.19861758925654,,,,,,,,,,,,,2023.48493,-90.78719707551934,2021.74173,-96.24362502399322
,,,,,,,,,,,,,,,,,,,,,,,,,,,,,,,,,,,,,,,,,,,,,,,,,,2018.58219,-87.01484628570184,,,2023.842688,-93.23995123368533,,,,,,,,,,,,,2023.50411,-90.78744862751502,2021.74173,-96.24362502399322
,,,,,,,,,,,,,,,,,,,,,,,,,,,,,,,,,,,,,,,,,,,,,,,,,,2018.60125,-87.02161986616356,,,2023.861853,-93.27786158593425,,,,,,,,,,,,,2023.52329,-90.78816957339225,2021.750457,-96.26459563733994
,,,,,,,,,,,,,,,,,,,,,,,,,,,,,,,,,,,,,,,,,,,,,,,,,,2018.62047,-87.02911078118538,,,2023.880904,-93.314776071765,,,,,,,,,,,,,2023.54247,-90.7893666794124,2021.750457,-96.26459563733994
,,,,,,,,,,,,,,,,,,,,,,,,,,,,,,,,,,,,,,,,,,,,,,,,,,2018.63966,-87.03726771105848,,,2023.900297,-93.3514752673683,,,,,,,,,,,,,2023.56164,-90.7910454665899,2021.761522,-96.29181442954919
,,,,,,,,,,,,,,,,,,,,,,,,,,,,,,,,,,,,,,,,,,,,,,,,,,2018.66207,-87.04772957285117,,,2023.917808,-93.38378448041858,,,,,,,,,,,,,2023.58082,-90.79321437914224,2021.761522,-96.29181442954919
,,,,,,,,,,,,,,,,,,,,,,,,,,,,,,,,,,,,,,,,,,,,,,,,,,2018.67801,-87.05573807234288,,,2023.939825,-93.42348767905482,,,,,,,,,,,,,2023.6,-90.79587508323803,2021.769507,-96.31156533258634
,,,,,,,,,,,,,,,,,,,,,,,,,,,,,,,,,,,,,,,,,,,,,,,,,,2018.69719,-87.06611099548486,,,2023.958876,-93.45687601084762,,,,,,,,,,,,,2023.61918,-90.79902838514228,2021.769507,-96.31156533258634
,,,,,,,,,,,,,,,,,,,,,,,,,,,,,,,,,,,,,,,,,,,,,,,,,,2018.71678,-87.0774500311073,,,2023.978041,-93.48960883520581,,,,,,,,,,,,,2023.63836,-90.8004917969158,2021.783996,-96.34802353437824
,,,,,,,,,,,,,,,,,,,,,,,,,,,,,,,,,,,,,,,,,,,,,,,,,,2018.73558,-87.08905656525928,,,2023.99732,-93.52166396604304,,,,,,,,,,,,,,,2021.783996,-96.34802353437824
,,,,,,,,,,,,,,,,,,,,,,,,,,,,,,,,,,,,,,,,,,,,,,,,,,2018.75486,-87.10169519467611,,,2024.015059,-93.55040581325052,,,,,,,,,,,,,,,2021.795061,-96.37611547435247
,,,,,,,,,,,,,,,,,,,,,,,,,,,,,,,,,,,,,,,,,,,,,,,,,,2018.83177,-87.15975672262489,,,2024.034224,-93.58061372550637,,,,,,,,,,,,,,,2021.795061,-96.37611547435247
,,,,,,,,,,,,,,,,,,,,,,,,,,,,,,,,,,,,,,,,,,,,,,,,,,2018.85121,-87.17646507239687,,,2024.053275,-93.60972033525012,,,,,,,,,,,,,,,2021.803161,-96.39707587360508
,,,,,,,,,,,,,,,,,,,,,,,,,,,,,,,,,,,,,,,,,,,,,,,,,,2018.87019,-87.19353410453985,,,2024.07244,-93.63808060078885,,,,,,,,,,,,,,,2021.803161,-96.39707587360508
,,,,,,,,,,,,,,,,,,,,,,,,,,,,,,,,,,,,,,,,,,,,,,,,,,2018.88932,-87.21148258989965,,,2024.087441,-93.65967220060142,,,,,,,,,,,,,,,2021.811488,-96.41870619400603
,,,,,,,,,,,,,,,,,,,,,,,,,,,,,,,,,,,,,,,,,,,,,,,,,,2018.90876,-87.23048711581853,,,2024.10923,-93.69019700706578,,,,,,,,,,,,,,,2021.811488,-96.41870619400603
,,,,,,,,,,,,,,,,,,,,,,,,,,,,,,,,,,,,,,,,,,,,,,,,,,2018.92745,-87.24947230873096,,,2024.147445,-93.74122976521895,,,,,,,,,,,,,,,2021.822097,-96.44646523359258
,,,,,,,,,,,,,,,,,,,,,,,,,,,,,,,,,,,,,,,,,,,,,,,,,,2018.94685,-87.26992074798291,,,2024.173398,-93.77406629712455,,,,,,,,,,,,,,,2021.822097,-96.44646523359258
,,,,,,,,,,,,,,,,,,,,,,,,,,,,,,,,,,,,,,,,,,,,,,,,,,2018.96595,-87.29077648319426,,,2024.189939,-93.79435064377753,,,,,,,,,,,,,,,2021.833391,-96.47640741102124
,,,,,,,,,,,,,,,,,,,,,,,,,,,,,,,,,,,,,,,,,,,,,,,,,,2018.98513,-87.31251243818156,,,2024.209104,-93.81718120283504,,,,,,,,,,,,,,,2021.833391,-96.47640741102124
,,,,,,,,,,,,,,,,,,,,,,,,,,,,,,,,,,,,,,,,,,,,,,,,,,2019.02352,-87.3581509359918,,,2024.228155,-93.83914595450987,,,,,,,,,,,,,,,2021.842803,-96.50147919026115
,,,,,,,,,,,,,,,,,,,,,,,,,,,,,,,,,,,,,,,,,,,,,,,,,,2019.04264,-87.38187155357691,,,2024.24732,-93.86058293134282,,,,,,,,,,,,,,,2021.842803,-96.50147919026115
,,,,,,,,,,,,,,,,,,,,,,,,,,,,,,,,,,,,,,,,,,,,,,,,,,2019.06186,-87.406351004589,,,2024.264831,-93.87964372220242,,,,,,,,,,,,,,,2021.861968,-96.55318663169385
,,,,,,,,,,,,,,,,,,,,,,,,,,,,,,,,,,,,,,,,,,,,,,,,,,2019.1293,-87.49703937276593,,,2024.283996,-93.89999089821394,,,,,,,,,,,,,,,2021.861968,-96.55318663169385
,,,,,,,,,,,,,,,,,,,,,,,,,,,,,,,,,,,,,,,,,,,,,,,,,,2019.13808,-87.50930029021004,,,2024.303161,-93.91981859189049,,,,,,,,,,,,,,,2021.889232,-96.62801413946003
,,,,,,,,,,,,,,,,,,,,,,,,,,,,,,,,,,,,,,,,,,,,,,,,,,2019.15784,-87.53741236371448,,,2024.320044,-93.93690852047256,,,,,,,,,,,,,,,2021.889232,-96.62801413946003
,,,,,,,,,,,,,,,,,,,,,,,,,,,,,,,,,,,,,,,,,,,,,,,,,,2019.19593,-87.59295458912734,,,2024.342688,-93.9592261224061,,,,,,,,,,,,,,,2021.908511,-96.68153562178983
,,,,,,,,,,,,,,,,,,,,,,,,,,,,,,,,,,,,,,,,,,,,,,,,,,2019.21535,-87.62187756363973,,,2024.361739,-93.97759427765504,,,,,,,,,,,,,,,2021.908511,-96.68153562178983
,,,,,,,,,,,,,,,,,,,,,,,,,,,,,,,,,,,,,,,,,,,,,,,,,,2019.25376,-87.68010010165663,,,2024.381361,-93.9960849786125,,,,,,,,,,,,,,,2021.928417,-96.73729326680048
,,,,,,,,,,,,,,,,,,,,,,,,,,,,,,,,,,,,,,,,,,,,,,,,,,2019.27257,-87.70902194740545,,,2024.400183,-94.0135228207384,,,,,,,,,,,,,,,2021.928417,-96.73729326680048
,,,,,,,,,,,,,,,,,,,,,,,,,,,,,,,,,,,,,,,,,,,,,,,,,,2019.28908,-87.73462739488382,,,2024.417808,-94.02962201616322,,,,,,,,,,,,,,,2021.947696,-96.79168246517047
,,,,,,,,,,,,,,,,,,,,,,,,,,,,,,,,,,,,,,,,,,,,,,,,,,2019.31086,-87.76858122827734,,,2024.436859,-94.04682029290053,,,,,,,,,,,,,,,2021.947696,-96.79168246517047
,,,,,,,,,,,,,,,,,,,,,,,,,,,,,,,,,,,,,,,,,,,,,,,,,,2019.33025,-87.79895815022806,,,2024.456138,-94.06404326826274,,,,,,,,,,,,,,,2021.966633,-96.84535154329308
,,,,,,,,,,,,,,,,,,,,,,,,,,,,,,,,,,,,,,,,,,,,,,,,,,2019.34928,-87.82885207009326,,,2024.475417,-94.08112141107861,,,,,,,,,,,,,,,2021.966633,-96.84535154329308
,,,,,,,,,,,,,,,,,,,,,,,,,,,,,,,,,,,,,,,,,,,,,,,,,,2019.36892,-87.85974159208776,,,2024.494468,-94.0978933387342,,,,,,,,,,,,,,,2021.986369,-96.90143605811683
,,,,,,,,,,,,,,,,,,,,,,,,,,,,,,,,,,,,,,,,,,,,,,,,,,2019.38798,-87.88970941980467,,,2024.514831,-94.11575885286173,,,,,,,,,,,,,,,2021.986369,-96.90143605811683
,,,,,,,,,,,,,,,,,,,,,,,,,,,,,,,,,,,,,,,,,,,,,,,,,,2019.40682,-87.91927813235287,,,2024.533882,-94.13246547414086,,,,,,,,,,,,,,,2022.003994,-96.95157837480431
,,,,,,,,,,,,,,,,,,,,,,,,,,,,,,,,,,,,,,,,,,,,,,,,,,2019.42544,-87.94840742640147,,,2024.551108,-94.1476042573027,,,,,,,,,,,,,,,2022.003994,-96.95157837480431
,,,,,,,,,,,,,,,,,,,,,,,,,,,,,,,,,,,,,,,,,,,,,,,,,,2019.44534,-87.97935418912027,,,2024.570387,-94.16460737021255,,,,,,,,,,,,,,,2022.025896,-97.01219692261358
,,,,,,,,,,,,,,,,,,,,,,,,,,,,,,,,,,,,,,,,,,,,,,,,,,2019.46455,-88.00901163900099,,,2024.589836,-94.18186574236837,,,,,,,,,,,,,,,2022.025896,-97.01219692261358
,,,,,,,,,,,,,,,,,,,,,,,,,,,,,,,,,,,,,,,,,,,,,,,,,,2019.48311,-88.03742362367308,,,2024.609116,-94.19911729330323,,,,,,,,,,,,,,,2022.0397,-97.04918750306744
,,,,,,,,,,,,,,,,,,,,,,,,,,,,,,,,,,,,,,,,,,,,,,,,,,2019.50282,-88.06729777990545,,,2024.62828,-94.21643768958388,,,,,,,,,,,,,,,2022.0397,-97.04918750306744
,,,,,,,,,,,,,,,,,,,,,,,,,,,,,,,,,,,,,,,,,,,,,,,,,,2019.52189,-88.09585808632468,,,2024.647331,-94.2338593746746,,,,,,,,,,,,,,,,
,,,,,,,,,,,,,,,,,,,,,,,,,,,,,,,,,,,,,,,,,,,,,,,,,,2019.56036,-88.15227727522394,,,2024.666496,-94.25164504604356,,,,,,,,,,,,,,,,
,,,,,,,,,,,,,,,,,,,,,,,,,,,,,,,,,,,,,,,,,,,,,,,,,,2019.57953,-88.17972226059335,,,2024.684235,-94.26837562822578,,,,,,,,,,,,,,,,
,,,,,,,,,,,,,,,,,,,,,,,,,,,,,,,,,,,,,,,,,,,,,,,,,,2019.59865,-88.20653281949701,,,2024.701233,-94.28463574292324,,,,,,,,,,,,,,,,
,,,,,,,,,,,,,,,,,,,,,,,,,,,,,,,,,,,,,,,,,,,,,,,,,,2019.61735,-88.23220378056321,,,2024.722565,-94.30538861020732,,,,,,,,,,,,,,,,
,,,,,,,,,,,,,,,,,,,,,,,,,,,,,,,,,,,,,,,,,,,,,,,,,,2019.63759,-88.25938721628445,,,2024.747891,-94.33059225158016,,,,,,,,,,,,,,,,
,,,,,,,,,,,,,,,,,,,,,,,,,,,,,,,,,,,,,,,,,,,,,,,,,,2019.65605,-88.28357911103245,,,2024.762207,-94.34512386339672,,,,,,,,,,,,,,,,
,,,,,,,,,,,,,,,,,,,,,,,,,,,,,,,,,,,,,,,,,,,,,,,,,,2019.67532,-88.30821289078294,,,2024.800423,-94.3849686801804,,,,,,,,,,,,,,,,
,,,,,,,,,,,,,,,,,,,,,,,,,,,,,,,,,,,,,,,,,,,,,,,,,,2019.69442,-88.33197746817828,,,2024.81936,-94.40538175220085,,,,,,,,,,,,,,,,
,,,,,,,,,,,,,,,,,,,,,,,,,,,,,,,,,,,,,,,,,,,,,,,,,,2019.71366,-88.35523543925645,,,2024.837213,-94.42502428262668,,,,,,,,,,,,,,,,
,,,,,,,,,,,,,,,,,,,,,,,,,,,,,,,,,,,,,,,,,,,,,,,,,,2019.73279,-88.37766950014274,,,2024.856492,-94.44664982247716,,,,,,,,,,,,,,,,
,,,,,,,,,,,,,,,,,,,,,,,,,,,,,,,,,,,,,,,,,,,,,,,,,,2019.75457,-88.40228105839743,,,2024.875999,-94.46948480066949,,,,,,,,,,,,,,,,
,,,,,,,,,,,,,,,,,,,,,,,,,,,,,,,,,,,,,,,,,,,,,,,,,,2019.77703,-88.42664242549486,,,2024.894708,-94.49203979791518,,,,,,,,,,,,,,,,
,,,,,,,,,,,,,,,,,,,,,,,,,,,,,,,,,,,,,,,,,,,,,,,,,,2019.79037,-88.44054393761895,,,,,,,,,,,,,,,,,,,,
,,,,,,,,,,,,,,,,,,,,,,,,,,,,,,,,,,,,,,,,,,,,,,,,,,2019.80971,-88.46018089306394,,,,,,,,,,,,,,,,,,,,
,,,,,,,,,,,,,,,,,,,,,,,,,,,,,,,,,,,,,,,,,,,,,,,,,,2019.82894,-88.4789692804034,,,,,,,,,,,,,,,,,,,,
,,,,,,,,,,,,,,,,,,,,,,,,,,,,,,,,,,,,,,,,,,,,,,,,,,2019.8481,-88.49696422732934,,,,,,,,,,,,,,,,,,,,
,,,,,,,,,,,,,,,,,,,,,,,,,,,,,,,,,,,,,,,,,,,,,,,,,,2019.86726,-88.51424633951164,,,,,,,,,,,,,,,,,,,,
,,,,,,,,,,,,,,,,,,,,,,,,,,,,,,,,,,,,,,,,,,,,,,,,,,2019.88651,-88.53090306958445,,,,,,,,,,,,,,,,,,,,
,,,,,,,,,,,,,,,,,,,,,,,,,,,,,,,,,,,,,,,,,,,,,,,,,,2019.90579,-88.54682097252336,,,,,,,,,,,,,,,,,,,,
,,,,,,,,,,,,,,,,,,,,,,,,,,,,,,,,,,,,,,,,,,,,,,,,,,2019.92525,-88.56219061033666,,,,,,,,,,,,,,,,,,,,
,,,,,,,,,,,,,,,,,,,,,,,,,,,,,,,,,,,,,,,,,,,,,,,,,,2019.94451,-88.57676559877083,,,,,,,,,,,,,,,,,,,,
,,,,,,,,,,,,,,,,,,,,,,,,,,,,,,,,,,,,,,,,,,,,,,,,,,2019.96278,-88.59003698415805,,,,,,,,,,,,,,,,,,,,
,,,,,,,,,,,,,,,,,,,,,,,,,,,,,,,,,,,,,,,,,,,,,,,,,,2019.99779,-88.61413545552135,,,,,,,,,,,,,,,,,,,,
,,,,,,,,,,,,,,,,,,,,,,,,,,,,,,,,,,,,,,,,,,,,,,,,,,2020.01146,-88.62303988252292,,,,,,,,,,,,,,,,,,,,
,,,,,,,,,,,,,,,,,,,,,,,,,,,,,,,,,,,,,,,,,,,,,,,,,,2020.03058,-88.6351522013166,,,,,,,,,,,,,,,,,,,,
,,,,,,,,,,,,,,,,,,,,,,,,,,,,,,,,,,,,,,,,,,,,,,,,,,2020.04971,-88.64689080176113,,,,,,,,,,,,,,,,,,,,
,,,,,,,,,,,,,,,,,,,,,,,,,,,,,,,,,,,,,,,,,,,,,,,,,,2020.06884,-88.65830189875234,,,,,,,,,,,,,,,,,,,,
,,,,,,,,,,,,,,,,,,,,,,,,,,,,,,,,,,,,,,,,,,,,,,,,,,2020.09069,-88.6710019595175,,,,,,,,,,,,,,,,,,,,
,,,,,,,,,,,,,,,,,,,,,,,,,,,,,,,,,,,,,,,,,,,,,,,,,,2020.10709,-88.68037627765982,,,,,,,,,,,,,,,,,,,,
,,,,,,,,,,,,,,,,,,,,,,,,,,,,,,,,,,,,,,,,,,,,,,,,,,2020.14261,-88.70036768037444,,,,,,,,,,,,,,,,,,,,
,,,,,,,,,,,,,,,,,,,,,,,,,,,,,,,,,,,,,,,,,,,,,,,,,,2020.16446,-88.7126545315663,,,,,,,,,,,,,,,,,,,,
,,,,,,,,,,,,,,,,,,,,,,,,,,,,,,,,,,,,,,,,,,,,,,,,,,2020.18359,-88.72352057475351,,,,,,,,,,,,,,,,,,,,
,,,,,,,,,,,,,,,,,,,,,,,,,,,,,,,,,,,,,,,,,,,,,,,,,,2020.20271,-88.73456359718077,,,,,,,,,,,,,,,,,,,,
,,,,,,,,,,,,,,,,,,,,,,,,,,,,,,,,,,,,,,,,,,,,,,,,,,2020.22184,-88.74587496761393,,,,,,,,,,,,,,,,,,,,
,,,,,,,,,,,,,,,,,,,,,,,,,,,,,,,,,,,,,,,,,,,,,,,,,,2020.24085,-88.75745575379966,,,,,,,,,,,,,,,,,,,,
,,,,,,,,,,,,,,,,,,,,,,,,,,,,,,,,,,,,,,,,,,,,,,,,,,2020.25998,-88.76953733738041,,,,,,,,,,,,,,,,,,,,
,,,,,,,,,,,,,,,,,,,,,,,,,,,,,,,,,,,,,,,,,,,,,,,,,,2020.2791,-88.78217061558854,,,,,,,,,,,,,,,,,,,,
,,,,,,,,,,,,,,,,,,,,,,,,,,,,,,,,,,,,,,,,,,,,,,,,,,2020.29823,-88.7954957825727,,,,,,,,,,,,,,,,,,,,
,,,,,,,,,,,,,,,,,,,,,,,,,,,,,,,,,,,,,,,,,,,,,,,,,,2020.31736,-88.80954421937642,,,,,,,,,,,,,,,,,,,,
,,,,,,,,,,,,,,,,,,,,,,,,,,,,,,,,,,,,,,,,,,,,,,,,,,2020.33648,-88.82439498017402,,,,,,,,,,,,,,,,,,,,
,,,,,,,,,,,,,,,,,,,,,,,,,,,,,,,,,,,,,,,,,,,,,,,,,,2020.35561,-88.84015277984132,,,,,,,,,,,,,,,,,,,,
,,,,,,,,,,,,,,,,,,,,,,,,,,,,,,,,,,,,,,,,,,,,,,,,,,2020.39386,-88.8747064113561,,,,,,,,,,,,,,,,,,,,
,,,,,,,,,,,,,,,,,,,,,,,,,,,,,,,,,,,,,,,,,,,,,,,,,,2020.43211,-88.91402170817321,,,,,,,,,,,,,,,,,,,,
,,,,,,,,,,,,,,,,,,,,,,,,,,,,,,,,,,,,,,,,,,,,,,,,,,2020.47036,-88.95906663809149,,,,,,,,,,,,,,,,,,,,
,,,,,,,,,,,,,,,,,,,,,,,,,,,,,,,,,,,,,,,,,,,,,,,,,,2020.50861,-89.01018208867967,,,,,,,,,,,,,,,,,,,,
,,,,,,,,,,,,,,,,,,,,,,,,,,,,,,,,,,,,,,,,,,,,,,,,,,2020.54686,-89.06795455928871,,,,,,,,,,,,,,,,,,,,
,,,,,,,,,,,,,,,,,,,,,,,,,,,,,,,,,,,,,,,,,,,,,,,,,,2020.58511,-89.13314879502005,,,,,,,,,,,,,,,,,,,,
,,,,,,,,,,,,,,,,,,,,,,,,,,,,,,,,,,,,,,,,,,,,,,,,,,2020.62337,-89.20648874705202,,,,,,,,,,,,,,,,,,,,
,,,,,,,,,,,,,,,,,,,,,,,,,,,,,,,,,,,,,,,,,,,,,,,,,,2020.69987,-89.3777041889387,,,,,,,,,,,,,,,,,,,,
,,,,,,,,,,,,,,,,,,,,,,,,,,,,,,,,,,,,,,,,,,,,,,,,,,2020.73812,-89.47637197111449,,,,,,,,,,,,,,,,,,,,
,,,,,,,,,,,,,,,,,,,,,,,,,,,,,,,,,,,,,,,,,,,,,,,,,,2020.77637,-89.58408915913297,,,,,,,,,,,,,,,,,,,,
,,,,,,,,,,,,,,,,,,,,,,,,,,,,,,,,,,,,,,,,,,,,,,,,,,2020.81474,-89.70075426337567,,,,,,,,,,,,,,,,,,,,
,,,,,,,,,,,,,,,,,,,,,,,,,,,,,,,,,,,,,,,,,,,,,,,,,,2020.85299,-89.82546356111473,,,,,,,,,,,,,,,,,,,,
,,,,,,,,,,,,,,,,,,,,,,,,,,,,,,,,,,,,,,,,,,,,,,,,,,2020.89397,-89.96825714556063,,,,,,,,,,,,,,,,,,,,
,,,,,,,,,,,,,,,,,,,,,,,,,,,,,,,,,,,,,,,,,,,,,,,,,,2020.92949,-90.0996543663067,,,,,,,,,,,,,,,,,,,,
,,,,,,,,,,,,,,,,,,,,,,,,,,,,,,,,,,,,,,,,,,,,,,,,,,2020.96774,-90.24774718079938,,,,,,,,,,,,,,,,,,,,
,,,,,,,,,,,,,,,,,,,,,,,,,,,,,,,,,,,,,,,,,,,,,,,,,,2021.00601,-90.40227225958637,,,,,,,,,,,,,,,,,,,,
,,,,,,,,,,,,,,,,,,,,,,,,,,,,,,,,,,,,,,,,,,,,,,,,,,2021.04711,-90.5745369064821,,,,,,,,,,,,,,,,,,,,
,,,,,,,,,,,,,,,,,,,,,,,,,,,,,,,,,,,,,,,,,,,,,,,,,,2021.08272,-90.72830535317404,,,,,,,,,,,,,,,,,,,,
,,,,,,,,,,,,,,,,,,,,,,,,,,,,,,,,,,,,,,,,,,,,,,,,,,2021.12108,-90.89717366545436,,,,,,,,,,,,,,,,,,,,
,,,,,,,,,,,,,,,,,,,,,,,,,,,,,,,,,,,,,,,,,,,,,,,,,,2021.15943,-91.0683535353391,,,,,,,,,,,,,,,,,,,,
,,,,,,,,,,,,,,,,,,,,,,,,,,,,,,,,,,,,,,,,,,,,,,,,,,2021.19779,-91.24071983984555,,,,,,,,,,,,,,,,,,,,
,,,,,,,,,,,,,,,,,,,,,,,,,,,,,,,,,,,,,,,,,,,,,,,,,,2021.23603,-91.41224326341138,,,,,,,,,,,,,,,,,,,,
,,,,,,,,,,,,,,,,,,,,,,,,,,,,,,,,,,,,,,,,,,,,,,,,,,2021.27439,-91.58263483850651,,,,,,,,,,,,,,,,,,,,
,,,,,,,,,,,,,,,,,,,,,,,,,,,,,,,,,,,,,,,,,,,,,,,,,,2021.31275,-91.75000228782051,,,,,,,,,,,,,,,,,,,,
,,,,,,,,,,,,,,,,,,,,,,,,,,,,,,,,,,,,,,,,,,,,,,,,,,2021.3511,-91.91265057093412,,,,,,,,,,,,,,,,,,,,
,,,,,,,,,,,,,,,,,,,,,,,,,,,,,,,,,,,,,,,,,,,,,,,,,,2021.38946,-92.06914201842335,,,,,,,,,,,,,,,,,,,,
,,,,,,,,,,,,,,,,,,,,,,,,,,,,,,,,,,,,,,,,,,,,,,,,,,2021.43329,-92.23879780169091,,,,,,,,,,,,,,,,,,,,
,,,,,,,,,,,,,,,,,,,,,,,,,,,,,,,,,,,,,,,,,,,,,,,,,,2021.44699,-92.28956702769013,,,,,,,,,,,,,,,,,,,,
,,,,,,,,,,,,,,,,,,,,,,,,,,,,,,,,,,,,,,,,,,,,,,,,,,2021.48535,-92.42506195605634,,,,,,,,,,,,,,,,,,,,
,,,,,,,,,,,,,,,,,,,,,,,,,,,,,,,,,,,,,,,,,,,,,,,,,,2021.5237,-92.54898481654745,,,,,,,,,,,,,,,,,,,,
,,,,,,,,,,,,,,,,,,,,,,,,,,,,,,,,,,,,,,,,,,,,,,,,,,2021.56206,-92.66098477129648,,,,,,,,,,,,,,,,,,,,
,,,,,,,,,,,,,,,,,,,,,,,,,,,,,,,,,,,,,,,,,,,,,,,,,,2021.60042,-92.75998466250982,,,,,,,,,,,,,,,,,,,,
,,,,,,,,,,,,,,,,,,,,,,,,,,,,,,,,,,,,,,,,,,,,,,,,,,2021.63877,-92.84494761213593,,,,,,,,,,,,,,,,,,,,
,,,,,,,,,,,,,,,,,,,,,,,,,,,,,,,,,,,,,,,,,,,,,,,,,,2021.67713,-92.91396293292878,,,,,,,,,,,,,,,,,,,,
,,,,,,,,,,,,,,,,,,,,,,,,,,,,,,,,,,,,,,,,,,,,,,,,,,2021.71548,-92.9674346318893,,,,,,,,,,,,,,,,,,,,
,,,,,,,,,,,,,,,,,,,,,,,,,,,,,,,,,,,,,,,,,,,,,,,,,,2021.75384,-93.00488848144917,,,,,,,,,,,,,,,,,,,,
,,,,,,,,,,,,,,,,,,,,,,,,,,,,,,,,,,,,,,,,,,,,,,,,,,2021.7922,-93.02586932246909,,,,,,,,,,,,,,,,,,,,
,,,,,,,,,,,,,,,,,,,,,,,,,,,,,,,,,,,,,,,,,,,,,,,,,,2021.83067,-93.02898066776127,,,,,,,,,,,,,,,,,,,,
,,,,,,,,,,,,,,,,,,,,,,,,,,,,,,,,,,,,,,,,,,,,,,,,,,2021.87176,-93.01392185018663,,,,,,,,,,,,,,,,,,,,
,,,,,,,,,,,,,,,,,,,,,,,,,,,,,,,,,,,,,,,,,,,,,,,,,,2021.90738,-92.98560450340717,,,,,,,,,,,,,,,,,,,,
,,,,,,,,,,,,,,,,,,,,,,,,,,,,,,,,,,,,,,,,,,,,,,,,,,2021.94574,-92.93961977934923,,,,,,,,,,,,,,,,,,,,
,,,,,,,,,,,,,,,,,,,,,,,,,,,,,,,,,,,,,,,,,,,,,,,,,,2021.96491,-92.91018716989177,,,,,,,,,,,,,,,,,,,,
,,,,,,,,,,,,,,,,,,,,,,,,,,,,,,,,,,,,,,,,,,,,,,,,,,2021.98409,-92.87696366395363,,,,,,,,,,,,,,,,,,,,
,,,,,,,,,,,,,,,,,,,,,,,,,,,,,,,,,,,,,,,,,,,,,,,,,,2022.00327,-92.84005929466127,,,,,,,,,,,,,,,,,,,,
,,,,,,,,,,,,,,,,,,,,,,,,,,,,,,,,,,,,,,,,,,,,,,,,,,2022.02245,-92.79957771944153,,,,,,,,,,,,,,,,,,,,
,,,,,,,,,,,,,,,,,,,,,,,,,,,,,,,,,,,,,,,,,,,,,,,,,,2022.04163,-92.75562969443101,,,,,,,,,,,,,,,,,,,,
,,,,,,,,,,,,,,,,,,,,,,,,,,,,,,,,,,,,,,,,,,,,,,,,,,2022.04437,-92.74902060442517,,,,,,,,,,,,,,,,,,,,
,,,,,,,,,,,,,,,,,,,,,,,,,,,,,,,,,,,,,,,,,,,,,,,,,,2022.0608,-92.7083594406572,,,,,,,,,,,,,,,,,,,,
,,,,,,,,,,,,,,,,,,,,,,,,,,,,,,,,,,,,,,,,,,,,,,,,,,2022.07998,-92.6578426566031,,,,,,,,,,,,,,,,,,,,
,,,,,,,,,,,,,,,,,,,,,,,,,,,,,,,,,,,,,,,,,,,,,,,,,,2022.09916,-92.6041938994523,,,,,,,,,,,,,,,,,,,,
,,,,,,,,,,,,,,,,,,,,,,,,,,,,,,,,,,,,,,,,,,,,,,,,,,2022.11834,-92.5471982843725,,,,,,,,,,,,,,,,,,,,
,,,,,,,,,,,,,,,,,,,,,,,,,,,,,,,,,,,,,,,,,,,,,,,,,,2022.13752,-92.48746933215429,,,,,,,,,,,,,,,,,,,,
,,,,,,,,,,,,,,,,,,,,,,,,,,,,,,,,,,,,,,,,,,,,,,,,,,2022.15669,-92.42520681269504,,,,,,,,,,,,,,,,,,,,
,,,,,,,,,,,,,,,,,,,,,,,,,,,,,,,,,,,,,,,,,,,,,,,,,,2022.17587,-92.36051272185067,,,,,,,,,,,,,,,,,,,,
,,,,,,,,,,,,,,,,,,,,,,,,,,,,,,,,,,,,,,,,,,,,,,,,,,2022.19505,-92.29358791137707,,,,,,,,,,,,,,,,,,,,
,,,,,,,,,,,,,,,,,,,,,,,,,,,,,,,,,,,,,,,,,,,,,,,,,,2022.21697,-92.21452534535187,,,,,,,,,,,,,,,,,,,,
,,,,,,,,,,,,,,,,,,,,,,,,,,,,,,,,,,,,,,,,,,,,,,,,,,2022.23329,-92.15421768184603,,,,,,,,,,,,,,,,,,,,
,,,,,,,,,,,,,,,,,,,,,,,,,,,,,,,,,,,,,,,,,,,,,,,,,,2022.25247,-92.08166082236204,,,,,,,,,,,,,,,,,,,,
,,,,,,,,,,,,,,,,,,,,,,,,,,,,,,,,,,,,,,,,,,,,,,,,,,2022.27165,-92.0074456505358,,,,,,,,,,,,,,,,,,,,
,,,,,,,,,,,,,,,,,,,,,,,,,,,,,,,,,,,,,,,,,,,,,,,,,,2022.29083,-91.93200172002587,,,,,,,,,,,,,,,,,,,,
,,,,,,,,,,,,,,,,,,,,,,,,,,,,,,,,,,,,,,,,,,,,,,,,,,2022.31275,-91.84455297670654,,,,,,,,,,,,,,,,,,,,
,,,,,,,,,,,,,,,,,,,,,,,,,,,,,,,,,,,,,,,,,,,,,,,,,,2022.32918,-91.77826261869126,,,,,,,,,,,,,,,,,,,,
,,,,,,,,,,,,,,,,,,,,,,,,,,,,,,,,,,,,,,,,,,,,,,,,,,2022.34836,-91.70032385378055,,,,,,,,,,,,,,,,,,,,
,,,,,,,,,,,,,,,,,,,,,,,,,,,,,,,,,,,,,,,,,,,,,,,,,,2022.36754,-91.62195075566363,,,,,,,,,,,,,,,,,,,,
,,,,,,,,,,,,,,,,,,,,,,,,,,,,,,,,,,,,,,,,,,,,,,,,,,2022.38672,-91.54334263013497,,,,,,,,,,,,,,,,,,,,
,,,,,,,,,,,,,,,,,,,,,,,,,,,,,,,,,,,,,,,,,,,,,,,,,,2022.4059,-91.46470311223933,,,,,,,,,,,,,,,,,,,,
,,,,,,,,,,,,,,,,,,,,,,,,,,,,,,,,,,,,,,,,,,,,,,,,,,2022.44425,-91.30836647367946,,,,,,,,,,,,,,,,,,,,
,,,,,,,,,,,,,,,,,,,,,,,,,,,,,,,,,,,,,,,,,,,,,,,,,,2022.46343,-91.23102063641622,,,,,,,,,,,,,,,,,,,,
,,,,,,,,,,,,,,,,,,,,,,,,,,,,,,,,,,,,,,,,,,,,,,,,,,2022.48261,-91.15448998852627,,,,,,,,,,,,,,,,,,,,
,,,,,,,,,,,,,,,,,,,,,,,,,,,,,,,,,,,,,,,,,,,,,,,,,,2022.50179,-91.07895976325615,,,,,,,,,,,,,,,,,,,,
,,,,,,,,,,,,,,,,,,,,,,,,,,,,,,,,,,,,,,,,,,,,,,,,,,2022.52096,-91.00464870467944,,,,,,,,,,,,,,,,,,,,
,,,,,,,,,,,,,,,,,,,,,,,,,,,,,,,,,,,,,,,,,,,,,,,,,,2022.55932,-90.86023145971834,,,,,,,,,,,,,,,,,,,,
,,,,,,,,,,,,,,,,,,,,,,,,,,,,,,,,,,,,,,,,,,,,,,,,,,2022.5785,-90.79079184244617,,,,,,,,,,,,,,,,,,,,
,,,,,,,,,,,,,,,,,,,,,,,,,,,,,,,,,,,,,,,,,,,,,,,,,,2022.59768,-90.72326835542658,,,,,,,,,,,,,,,,,,,,
,,,,,,,,,,,,,,,,,,,,,,,,,,,,,,,,,,,,,,,,,,,,,,,,,,2022.63603,-90.5946078525422,,,,,,,,,,,,,,,,,,,,
,,,,,,,,,,,,,,,,,,,,,,,,,,,,,,,,,,,,,,,,,,,,,,,,,,2022.67439,-90.47530204027161,,,,,,,,,,,,,,,,,,,,
,,,,,,,,,,,,,,,,,,,,,,,,,,,,,,,,,,,,,,,,,,,,,,,,,,2022.69357,-90.41948541424446,,,,,,,,,,,,,,,,,,,,
,,,,,,,,,,,,,,,,,,,,,,,,,,,,,,,,,,,,,,,,,,,,,,,,,,2022.73192,-90.3166788243793,,,,,,,,,,,,,,,,,,,,
,,,,,,,,,,,,,,,,,,,,,,,,,,,,,,,,,,,,,,,,,,,,,,,,,,2022.77028,-90.22601425258537,,,,,,,,,,,,,,,,,,,,
,,,,,,,,,,,,,,,,,,,,,,,,,,,,,,,,,,,,,,,,,,,,,,,,,,2022.81138,-90.14270749193886,,,,,,,,,,,,,,,,,,,,
,,,,,,,,,,,,,,,,,,,,,,,,,,,,,,,,,,,,,,,,,,,,,,,,,,2022.82793,-90.11325113743176,,,,,,,,,,,,,,,,,,,,
,,,,,,,,,,,,,,,,,,,,,,,,,,,,,,,,,,,,,,,,,,,,,,,,,,2022.84711,-90.08221799696246,,,,,,,,,,,,,,,,,,,,
,,,,,,,,,,,,,,,,,,,,,,,,,,,,,,,,,,,,,,,,,,,,,,,,,,2022.86628,-90.05456057112976,,,,,,,,,,,,,,,,,,,,
,,,,,,,,,,,,,,,,,,,,,,,,,,,,,,,,,,,,,,,,,,,,,,,,,,2022.8882,-90.0273354787802,,,,,,,,,,,,,,,,,,,,
,,,,,,,,,,,,,,,,,,,,,,,,,,,,,,,,,,,,,,,,,,,,,,,,,,2022.90464,-90.01026028750758,,,,,,,,,,,,,,,,,,,,
,,,,,,,,,,,,,,,,,,,,,,,,,,,,,,,,,,,,,,,,,,,,,,,,,,2022.92382,-89.99315195209286,,,,,,,,,,,,,,,,,,,,
,,,,,,,,,,,,,,,,,,,,,,,,,,,,,,,,,,,,,,,,,,,,,,,,,,2022.943,-89.9794019880161,,,,,,,,,,,,,,,,,,,,
,,,,,,,,,,,,,,,,,,,,,,,,,,,,,,,,,,,,,,,,,,,,,,,,,,2022.96491,-89.96783937427023,,,,,,,,,,,,,,,,,,,,
,,,,,,,,,,,,,,,,,,,,,,,,,,,,,,,,,,,,,,,,,,,,,,,,,,2022.98135,-89.96191662843798,,,,,,,,,,,,,,,,,,,,
,,,,,,,,,,,,,,,,,,,,,,,,,,,,,,,,,,,,,,,,,,,,,,,,,,2023.00053,-89.95812405871276,,,,,,,,,,,,,,,,,,,,
,,,,,,,,,,,,,,,,,,,,,,,,,,,,,,,,,,,,,,,,,,,,,,,,,,2023.01971,-89.95763710780746,,,,,,,,,,,,,,,,,,,,
,,,,,,,,,,,,,,,,,,,,,,,,,,,,,,,,,,,,,,,,,,,,,,,,,,2023.03889,-89.96083381022049,,,,,,,,,,,,,,,,,,,,
,,,,,,,,,,,,,,,,,,,,,,,,,,,,,,,,,,,,,,,,,,,,,,,,,,2023.05806,-89.96715956757912,,,,,,,,,,,,,,,,,,,,
,,,,,,,,,,,,,,,,,,,,,,,,,,,,,,,,,,,,,,,,,,,,,,,,,,2023.0745,-89.97505748750756,,,,,,,,,,,,,,,,,,,,
,,,,,,,,,,,,,,,,,,,,,,,,,,,,,,,,,,,,,,,,,,,,,,,,,,2023.09916,-89.9909249358702,,,,,,,,,,,,,,,,,,,,
,,,,,,,,,,,,,,,,,,,,,,,,,,,,,,,,,,,,,,,,,,,,,,,,,,2023.1156,-90.00423960397816,,,,,,,,,,,,,,,,,,,,
,,,,,,,,,,,,,,,,,,,,,,,,,,,,,,,,,,,,,,,,,,,,,,,,,,2023.13478,-90.02237314020397,,,,,,,,,,,,,,,,,,,,
,,,,,,,,,,,,,,,,,,,,,,,,,,,,,,,,,,,,,,,,,,,,,,,,,,2023.15396,-90.04324717271147,,,,,,,,,,,,,,,,,,,,
,,,,,,,,,,,,,,,,,,,,,,,,,,,,,,,,,,,,,,,,,,,,,,,,,,2023.17313,-90.06679106617207,,,,,,,,,,,,,,,,,,,,
,,,,,,,,,,,,,,,,,,,,,,,,,,,,,,,,,,,,,,,,,,,,,,,,,,2023.19231,-90.09324889181883,,,,,,,,,,,,,,,,,,,,
,,,,,,,,,,,,,,,,,,,,,,,,,,,,,,,,,,,,,,,,,,,,,,,,,,2023.21149,-90.12210111526863,,,,,,,,,,,,,,,,,,,,
,,,,,,,,,,,,,,,,,,,,,,,,,,,,,,,,,,,,,,,,,,,,,,,,,,2023.23055,-90.15303266976616,,,,,,,,,,,,,,,,,,,,
,,,,,,,,,,,,,,,,,,,,,,,,,,,,,,,,,,,,,,,,,,,,,,,,,,2023.24973,-90.1863138615336,,,,,,,,,,,,,,,,,,,,
,,,,,,,,,,,,,,,,,,,,,,,,,,,,,,,,,,,,,,,,,,,,,,,,,,2023.26891,-90.22164300688755,,,,,,,,,,,,,,,,,,,,
,,,,,,,,,,,,,,,,,,,,,,,,,,,,,,,,,,,,,,,,,,,,,,,,,,2023.28809,-90.25889745415952,,,,,,,,,,,,,,,,,,,,
,,,,,,,,,,,,,,,,,,,,,,,,,,,,,,,,,,,,,,,,,,,,,,,,,,2023.30727,-90.29795317187606,,,,,,,,,,,,,,,,,,,,
,,,,,,,,,,,,,,,,,,,,,,,,,,,,,,,,,,,,,,,,,,,,,,,,,,2023.32644,-90.33869348236055,,,,,,,,,,,,,,,,,,,,
,,,,,,,,,,,,,,,,,,,,,,,,,,,,,,,,,,,,,,,,,,,,,,,,,,2023.34836,-90.38727170600926,,,,,,,,,,,,,,,,,,,,
,,,,,,,,,,,,,,,,,,,,,,,,,,,,,,,,,,,,,,,,,,,,,,,,,,2023.3648,-90.42506010433245,,,,,,,,,,,,,,,,,,,,
,,,,,,,,,,,,,,,,,,,,,,,,,,,,,,,,,,,,,,,,,,,,,,,,,,2023.38672,-90.47666598171135,,,,,,,,,,,,,,,,,,,,
,,,,,,,,,,,,,,,,,,,,,,,,,,,,,,,,,,,,,,,,,,,,,,,,,,2023.40316,-90.51637005631561,,,,,,,,,,,,,,,,,,,,
,,,,,,,,,,,,,,,,,,,,,,,,,,,,,,,,,,,,,,,,,,,,,,,,,,2023.42233,-90.56352924929655,,,,,,,,,,,,,,,,,,,,
,,,,,,,,,,,,,,,,,,,,,,,,,,,,,,,,,,,,,,,,,,,,,,,,,,2023.44151,-90.61155962107544,,,,,,,,,,,,,,,,,,,,
,,,,,,,,,,,,,,,,,,,,,,,,,,,,,,,,,,,,,,,,,,,,,,,,,,2023.46069,-90.66031325712832,,,,,,,,,,,,,,,,,,,,
,,,,,,,,,,,,,,,,,,,,,,,,,,,,,,,,,,,,,,,,,,,,,,,,,,2023.47987,-90.70967367498385,,,,,,,,,,,,,,,,,,,,
,,,,,,,,,,,,,,,,,,,,,,,,,,,,,,,,,,,,,,,,,,,,,,,,,,2023.48809,-90.73104169470456,,,,,,,,,,,,,,,,,,,,
,,,,,,,,,,,,,,,,,,,,,,,,,,,,,,,,,,,,,,,,,,,,,,,,,,2023.51822,-90.8096948528126,,,,,,,,,,,,,,,,,,,,
,,,,,,,,,,,,,,,,,,,,,,,,,,,,,,,,,,,,,,,,,,,,,,,,,,2023.5374,-90.86005465877675,,,,,,,,,,,,,,,,,,,,
,,,,,,,,,,,,,,,,,,,,,,,,,,,,,,,,,,,,,,,,,,,,,,,,,,2023.55658,-90.91048707330809,,,,,,,,,,,,,,,,,,,,
,,,,,,,,,,,,,,,,,,,,,,,,,,,,,,,,,,,,,,,,,,,,,,,,,,2023.57576,-90.96088233058407,,,,,,,,,,,,,,,,,,,,
,,,,,,,,,,,,,,,,,,,,,,,,,,,,,,,,,,,,,,,,,,,,,,,,,,2023.59494,-91.01113178155676,,,,,,,,,,,,,,,,,,,,
,,,,,,,,,,,,,,,,,,,,,,,,,,,,,,,,,,,,,,,,,,,,,,,,,,2023.61412,-91.06113006501737,,,,,,,,,,,,,,,,,,,,
,,,,,,,,,,,,,,,,,,,,,,,,,,,,,,,,,,,,,,,,,,,,,,,,,,2023.63329,-91.11074482069961,,,,,,,,,,,,,,,,,,,,
,,,,,,,,,,,,,,,,,,,,,,,,,,,,,,,,,,,,,,,,,,,,,,,,,,2023.65247,-91.15985593213098,,,,,,,,,,,,,,,,,,,,
,,,,,,,,,,,,,,,,,,,,,,,,,,,,,,,,,,,,,,,,,,,,,,,,,,2023.67165,-91.21793617980295,,,,,,,,,,,,,,,,,,,,
