alt_01D0_x_interp,alt_01D0_smoothed_curve,altMPI_01D0_x_interp,altMPI_01D0_smoothed_curve,asc_01D0_x_interp,asc_01D0_smoothed_curve,ato_01D0_x_interp,ato_01D0_smoothed_curve,azr_01D0_x_interp,azr_01D0_smoothed_curve,bal_01D0_x_interp,bal_01D0_smoothed_curve,bikMPI_01D0_x_interp,bikMPI_01D0_smoothed_curve,brw_01D0_x_interp,brw_01D0_smoothed_curve,brwIMAU_01D0_x_interp,brwIMAU_01D0_smoothed_curve,bsc_01D0_x_interp,bsc_01D0_smoothed_curve,cba_01D0_x_interp,cba_01D0_smoothed_curve,cgo_01D0_x_interp,cgo_01D0_smoothed_curve,cgoIMAU_01D0_x_interp,cgoIMAU_01D0_smoothed_curve,cvoMPI_01D0_x_interp,cvoMPI_01D0_smoothed_curve,eom_01D0_x_interp,eom_01D0_smoothed_curve,gvnMPI_01D0_x_interp,gvnMPI_01D0_smoothed_curve,gvnIMAU_01D0_x_interp,gvnIMAU_01D0_smoothed_curve,jfjMPI_01D0_x_interp,jfjMPI_01D0_smoothed_curve,kjnMPI_01D0_x_interp,kjnMPI_01D0_smoothed_curve,kum_01D0_x_interp,kum_01D0_smoothed_curve,lef_01D0_x_interp,lef_01D0_smoothed_curve,mhd_01D0_x_interp,mhd_01D0_smoothed_curve,mlo_01D0_x_interp,mlo_01D0_smoothed_curve,mloIMAU_01D0_x_interp,mloIMAU_01D0_smoothed_curve,namMPI_01D0_x_interp,namMPI_01D0_smoothed_curve,nyaNIPR_01D0_x_interp,nyaNIPR_01D0_smoothed_curve,oxkMPI_01D0_x_interp,oxkMPI_01D0_smoothed_curve,sisMPI_01D0_x_interp,sisMPI_01D0_smoothed_curve,smo_01D0_x_interp,smo_01D0_smoothed_curve,smoIMAU_01D0_x_interp,smoIMAU_01D0_smoothed_curve,spo_01D0_x_interp,spo_01D0_smoothed_curve,syoNIPR_01D0_x_interp,syoNIPR_01D0_smoothed_curve,vrsMPI_01D0_x_interp,vrsMPI_01D0_smoothed_curve,zep_01D0_x_interp,zep_01D0_smoothed_curve,zepIMAU_01D0_x_interp,zepIMAU_01D0_smoothed_curve,zotMPI_01D0_x_interp,zotMPI_01D0_smoothed_curve
2005.300462329,-82.0684566332444,2011.050994,-85.9999275576754,2005.316086377,-70.23121954740743,2021.690282,-79.41104429462752,2005.111472603,-80.98046560438608,2004.822518215,-95.73958868419307,2012.5397,-86.9228914796923,2005.249221842,-85.47426874949208,2022.208219,-96.61367725605021,2005.198021309,-92.51983511196585,2005.342104262,-82.42677016098033,2005.27408105,-65.94385752855868,2023.084932,-77.68810838581336,2011.075634,-83.1932971132543,2006.938552,-73.4036786376003,2018.001598,-71.65871212509461,1988.56011,-81.32261048910198,2012.646761,-73.28098409076874,2014.762207,-87.79166592271355,2005.333774734,-80.19186024456538,2005.281495434,-84.2327118056091,2005.201141553,-85.69462782888735,2005.262595129,-77.29159621490241,2022.756164,-86.24622087791047,2013.212185,-68.52760193018152,2005.66106,-82.24216715876297,2012.716975,-90.87548012121475,2010.94781,-87.407380296064,2005.257460046,-68.92617498564302,2022.10411,-77.64550332888723,2005.112749239,-64.59554779004273,1995.17156,-75.16148917805201,2020.066736,-88.85989469846797,2008.312259032,-83.37950385314964,2012.71311,-86.96513126258614,2010.136152,-90.19910751334679
2005.319431126,-81.70428449245549,2011.173969,-85.99448293031715,2005.354452055,-70.42539839520539,2021.709447,-80.51955267518693,2005.245719178,-82.82657015178857,2005.474077245,-80.51230576873517,2012.580768,-87.31159506326036,2005.26293379,-85.22198533642306,2022.208219,-96.61367725605021,2005.217380137,-91.17516304478612,2005.349969559,-82.48321964847356,2005.397264079,-70.31521481247395,2023.09863,-77.74520746131532,2011.08516,-83.11072947402499,2006.938636,-73.40253218265043,2018.036734,-70.93933905803645,1992.11749,-78.0829586463553,2012.68355,-73.22109652812816,2014.781372,-87.99253349887734,2005.429539574,-79.64586923271769,2005.338928843,-83.70327966247682,2005.220766743,-85.630220507031,2005.339288432,-76.64167211213746,2022.756164,-86.24622087791047,2013.214009,-68.54723545963719,2005.6834,-82.75566116973147,2012.736254,-91.09571299980507,2010.961614,-87.3948125523331,2005.301160578,-69.22199559868001,2022.10411,-77.64550332888723,2005.125827626,-64.91521472047232,1995.27555,-76.88532315245249,2020.173512,-87.61180769564338,2008.331367638,-83.00280247763725,2012.73224,-87.24396478497495,2010.144365,-89.95924544725585
2005.377049087,-80.94326644595753,2011.215265,-85.68717305477546,2005.379394977,-70.39267244005161,2021.728612,-81.62806105575949,2005.264726027,-82.20657528763954,2005.501263318,-80.70912101646326,2012.595655,-87.4524986925726,2005.306078767,-84.45939150985774,2022.219178,-96.60823784529062,2005.236558219,-89.84304566827481,2005.361101598,-82.56311464751721,2005.413751903,-70.7919665803195,2023.09863,-77.74520746131532,2011.093373,-83.03954240484867,2006.938716,-73.40144032079327,2018.098507,-69.80091442396231,1992.61202,-80.12819628756012,2013.339266,-81.51939065630343,2014.816736,-88.28930169232699,2005.467897641,-78.09474757427749,2005.358150685,-83.71957879048297,2005.379252283,-80.34469424530988,2005.358439878,-76.62083107507698,2023.309589,-84.97464868342631,2013.214694,-68.55460879717944,2005.72408,-83.73178366869331,2013.353754,-87.98390475554895,2010.980779,-87.34534194055475,2005.320576484,-69.40825051233033,2022.556164,-78.79305705133889,2005.131337519,-65.04988962971741,1995.35775,-78.19115819400068,2020.192677,-87.58738697280656,2008.388807301,-82.13197325024954,2012.74044,-87.32425379848927,2010.152693,-89.71602478655177
2005.396636225,-80.72786620526703,2011.248005,-85.60367022572746,2005.392893836,-70.34599559979452,2021.747777,-82.7365694363189,2005.28390411,-81.58099484744224,2005.512214612,-80.81896621096202,2013.080768,-88.76212383924468,2005.325268265,-84.23109226191052,2022.219178,-96.60823784529062,2005.25553653,-88.64931484320886,2005.426982496,-82.50394238521842,2005.565036149,-70.32130541437697,2023.136986,-78.0365067546088,2011.112424,-82.84342546469361,2006.938796,-73.40034845893922,2018.131703,-69.56532424440144,1992.84426,-79.34798421242252,2013.452715,-80.8014795911182,2014.837213,-88.41037765101274,2005.492631279,-76.99743294931186,2005.377355403,-83.85148925989293,2005.414973364,-78.89993398832547,2005.377635084,-76.64938608151873,2023.309589,-84.97464868342631,2013.215151,-68.55952794354097,2005.74099,-84.13604694942258,2013.372805,-87.6664510995474,2011.023387,-87.03948597281722,2005.375302511,-69.93811336235082,2022.556164,-78.79305705133889,2005.150401446,-65.51585741504337,1995.4509,-79.34597875757505,2020.211842,-87.57893671941784,2008.407881755,-81.96166613466437,2012.75137,-87.4309647391888,2010.178645,-88.96375095909008
2005.418173516,-80.44651626487224,2011.284452,-85.59413937790828,2005.398401826,-70.32144359883418,2021.768139,-83.53588484725711,2005.59086758,-78.7782942385148,2005.53293379,-81.13126881832834,2013.109344,-89.6824370166083,2005.382802511,-83.5421142625123,2022.542466,-91.12255467956605,2005.274733638,-87.60736307048836,2005.475974125,-81.88500795974667,2005.73716895,-69.67064767226192,2023.20274,-78.53292945318124,2011.126113,-82.6881731647034,2006.938876,-73.39925659708206,2018.158853,-69.64038346128632,1993.4411,-76.29699732896793,2013.491045,-80.2744192356403,2014.856492,-88.39839193268018,2005.50917618,-76.31331953462933,2005.415664003,-84.24614487452763,2005.727283105,-86.36194839915008,2005.377657915,-76.64943002733851,2023.331507,-84.66312573021911,2013.259469,-68.98011934080638,2005.77937,-84.95896822014906,2013.467204,-85.420428400443,2011.039471,-86.8608758268419,2005.391590563,-70.08653702278693,2022.589041,-79.01779374981312,2005.161898782,-65.56296353828846,1995.5961,-80.22309127990833,2020.231007,-87.57985839269797,2008.446142608,-81.76652509669685,2012.75956,-87.47585848346854,2010.518025,-87.52124737473251
2005.434453957,-80.18531662522965,2011.323011,-85.45603285554402,2005.455802892,-70.21974835786312,2021.787304,-82.77729073841711,2005.610045662,-79.46183140105146,2005.534141933,-81.14969691941644,2013.181726,-89.74015042239746,2005.383390411,-83.53503043892239,2022.542466,-91.12255467956605,2005.293997336,-86.56179702584191,2005.484415906,-81.7638854966549,2005.819075342,-66.89417032719594,2023.20274,-78.53292945318124,2011.265402,-81.24022616230808,2006.938956,-73.3981647352249,2018.189711,-69.99230650012417,1993.57808,-77.6433747888409,2013.530573,-79.91319582987845,2014.876228,-88.37359948836551,2005.525684932,-75.6324138917212,2005.451223364,-84.72604619964463,2005.760711568,-86.62142676118677,2005.396835997,-76.67606691259601,2023.331507,-84.66312573021911,2013.259698,-68.98183043564197,2005.79856,-85.27442028184343,2013.48614,-85.04764671710531,2011.061374,-86.57929458420723,2005.43239726,-70.32530824460628,2022.608219,-79.10385736333302,2005.161908295,-65.56298989112256,1995.78252,-79.95540078349069,2020.306127,-87.30513249753872,2008.465372647,-81.64651336079703,2012.77049,-87.53521561103146,2010.523501,-87.78534768857688
2005.472792998,-79.34047273221144,2011.36231,-84.89065580175534,2005.475028539,-70.31622180319158,2021.806469,-82.0186966295681,2005.667579909,-81.1868983847234,2005.549391172,-81.44670322221323,2013.195415,-89.43295324874147,2005.402214612,-83.30821070920724,2022.542466,-91.12255467956605,2005.313099315,-86.57313025349404,2005.497888128,-81.57058639165062,2005.841219559,-66.89215240143626,2023.20274,-78.53292945318124,2011.270991,-81.20402361735668,2006.939034,-73.39710016991408,2018.214694,-70.4111660402249,1993.65205,-78.11586422451587,2013.569017,-79.6544483664062,2014.894936,-88.25501800117925,2005.547408676,-75.02180206483428,2005.473251522,-85.10885691055077,2005.773820396,-86.56287516288725,2005.454349315,-76.27519658729922,2023.389041,-84.85887911886512,2013.297343,-69.20988335707187,2005.81783,-85.4963668329013,2013.506503,-84.80191418013699,2011.077687,-86.36075590221823,2005.531035008,-70.15121795458796,2022.608219,-79.10385736333302,2005.17005898,-65.58556885116077,1995.85101,-79.70624246554678,2020.325292,-87.14365753829111,2008.485048573,-81.52371891224303,2012.77869,-87.55189964027366,2010.534224,-88.28242067798826
2005.511130137,-78.46881027657318,2011.47884,-81.34029315320957,2005.507876712,-70.64056465314026,2021.825634,-81.26010252072808,2005.686748478,-81.66264163843493,2005.55761796,-81.61707432692279,2013.236483,-88.60746142183295,2005.459509132,-82.89757388283927,2022.542466,-91.12255467956605,2005.33238204,-86.75530119245224,2005.514197108,-81.39112090040314,2005.860197869,-66.89042297381077,2023.20274,-78.53292945318124,2011.281829,-81.14016571306595,2006.93911,-73.39606290114963,2018.239449,-70.85879594313549,1994.2274,-73.75946858345414,2013.605579,-79.36367425481576,2014.914215,-88.12700559782317,2005.563839422,-74.55996602809083,2005.527968037,-86.46561513444837,2005.801027397,-86.44135298001225,2005.492695967,-75.34751574073151,2023.389041,-84.85887911886512,2013.31685,-69.30912978045487,2005.83947,-85.60530178004444,2013.525554,-84.72084252920682,2011.09554,-86.13540251165146,2005.545038052,-70.10686861112409,2022.610959,-79.10555251227866,2005.189307458,-65.63889082539522,1995.94142,-78.07780899407416,2020.345312,-86.94603671077537,2008.599233455,-80.2929993423414,2012.79781,-87.57077605046273,2010.544833,-88.73408554725819
2005.588078387,-78.76486398063606,2011.520877,-80.90833481338088,2005.565391933,-71.36082612616124,2021.843259,-80.72254573284538,2005.725095129,-82.29477117030602,2005.568517884,-81.87798613694063,2013.250172,-88.50676258826194,2005.459952435,-82.90233752234064,2022.561644,-90.73840741648092,2005.351560122,-87.1512159632168,2005.717161339,-85.30020654867864,2005.9343379,-68.15986917485779,2023.20274,-78.53292945318124,2011.290042,-81.0927986293396,2006.939186,-73.39502563238517,2018.262093,-71.23223201597754,1994.51507,-76.496602172537,2013.644023,-79.04668275278424,2014.954199,-87.85004655942959,2005.698200152,-76.10343314641754,2005.569151446,-88.05501550264707,2005.908694825,-87.6627430097923,2005.511879756,-74.6751656035722,2023.408219,-85.23123965567662,2013.337213,-69.41637382232864,2005.85591,-85.58993213087508,2013.563884,-84.92387995395472,2011.111739,-85.95289628510697,2005.545078006,-70.10674207194691,2022.610959,-79.10555251227866,2005.200372907,-65.45665371098069,1996.09185,-75.67572812273137,2020.34554,-86.94343944339052,2008.618463494,-80.24590387122848,2012.80874,-87.5666038330636,2010.552818,-89.07178409780514
2005.626259513,-80.35001422944316,2011.556355,-81.3229677423847,2005.571033105,-71.4043492503956,2021.862424,-80.57366358977889,2005.782648402,-82.91384158515709,2005.598671994,-82.73266701430474,2013.2897,-88.25552051934272,2005.487579909,-83.19921646616974,2022.561644,-90.73840741648092,2005.370633562,-88.06361806623319,2005.725190259,-85.43621956230918,2005.948445586,-68.2727011475769,2023.224658,-78.46092374630209,2011.301108,-81.02880625700465,2006.939268,-73.39390647398166,2018.286619,-71.55486645703428,1996.11749,-72.80439589914378,2013.680813,-78.80914380361881,2014.969827,-87.8052393339693,2005.736480213,-77.35090360082381,2005.588293379,-88.83845042212977,2005.913508371,-87.74232950631084,2005.550192161,-73.38342456410291,2023.408219,-85.23123965567662,2013.356606,-69.53701808785046,2005.87505,-85.46744267480277,2013.583505,-85.24049340246772,2011.136494,-85.72386377917108,2005.586491629,-70.00493986827527,2022.641096,-79.12419729467733,2005.247399163,-64.67149885149276,1996.61906,-78.25396078779436,2020.345883,-86.93953215079225,2008.665253112,-81.0762941009681,2012.82787,-87.53683754677823,2010.561146,-89.34392266997666
2005.626274734,-80.35073712738385,2011.590407,-82.28161325102987,2005.584570015,-71.50879006795734,2021.881589,-80.42478144671063,2005.801826484,-83.15530558777891,2005.668660578,-85.20647475858378,2013.317078,-88.58086244248753,2005.48766172,-83.20009558972862,2022.580822,-90.61711023129779,2005.389916286,-88.98603153383411,2005.733333333,-85.57416638889893,2005.964902968,-68.34796983865087,2023.224658,-78.46092374630209,2011.348849,-80.73857852092665,2006.939348,-73.3928146121245,2018.316736,-71.81792956780109,1997.07945,-74.062389032422,2013.719142,-79.13557623931197,2015.009583,-87.76882404222992,2005.813245814,-78.90057057245653,2005.607431507,-89.62176473459124,2005.957420091,-87.49979321216966,2005.550228311,-73.38223295846188,2023.465753,-86.33746302945974,2013.408739,-69.96345511587711,2005.89138,-85.29815585358831,2013.600902,-85.57413393026515,2011.150526,-85.62222413978346,2005.698635845,-69.22449589551115,2022.728767,-79.07935092912676,2005.287473364,-64.4599569210104,1996.96071,-76.66972818187932,2020.362424,-86.75110495871921,2008.695630313,-82.07094291283899,2012.84699,-87.50361565014576,2010.571641,-89.68687347628034
2005.645711568,-81.40050189190714,2011.631817,-83.83373970176238,2005.685958904,-70.85521129149612,2021.900754,-80.27589930364412,2005.821004566,-83.39676959040075,2005.747895738,-87.55235838596417,2013.330768,-88.74354528739407,2005.498023212,-83.31143797309065,2022.580822,-90.61711023129779,2005.40913242,-89.5845968903567,2005.74446347,-85.65694481816054,2005.989121005,-68.45873228831496,2023.238356,-78.31415606007133,2011.359915,-80.66623694665867,2006.939431,-73.39168180544937,2018.342574,-71.94819964602833,1998.0411,-74.66226884854856,2013.75867,-80.0540959078975,2015.032285,-87.80736212492566,2005.832486682,-79.03515124340755,2005.626584855,-90.16985604740094,2005.965658295,-87.45429138558335,2005.588593988,-72.56614931014876,2023.484932,-86.06644378689087,2013.572668,-70.78003838125998,2005.90794,-85.08745820347357,2013.620067,-85.99665052428098,2011.178645,-85.4755320641774,2005.720624049,-68.78240049213522,2022.728767,-79.07935092912676,2005.331872146,-65.38595620185475,1997.08937,-74.30353226727546,2020.383985,-86.48689021139256,2008.713930631,-82.68060878529393,2012.86612,-87.4808571614849,2010.57974,-89.88733928814342
2005.645730594,-81.40155169098064,2011.706481,-86.25037392796332,2005.7,-70.67059368642231,2022.090179,-81.37888802413337,2005.840182648,-83.569827728896,2005.75212519,-87.64107678693274,2013.373033,-88.9371540968488,2005.498611111,-83.317755410371,2022.6,-90.53961947959444,2005.428281963,-90.05730568806678,2005.763694825,-85.72323449935247,2006.005549848,-68.40238236109086,2023.238356,-78.31415606007133,2011.432182,-80.32691693675427,2007.062948,-72.52156628533422,2018.364477,-72.0301414409348,1998.15068,-74.07398758352915,2013.796886,-81.31389283767211,2015.056469,-87.86936800262403,2005.870768645,-78.9620317545691,2005.68423516,-90.7984757432953,2006.042399163,-84.35782316572796,2005.624233257,-72.68270444010109,2023.484932,-86.06644378689087,2013.595769,-70.79168431192467,2005.95493,-84.42012346934067,2013.639346,-86.44717469806736,2011.19781,-85.39886822803156,2005.739811644,-68.39613524016718,2022.745205,-79.15114112535939,2005.342732116,-65.72170788931207,1997.28651,-74.73445435454457,2020.403149,-86.24454792369782,2008.831692092,-85.21188238661045,2012.88525,-87.47519413056226,2010.589836,-90.09338352209122
2005.665203577,-82.44825602561689,2011.81993,-87.7431754196779,2005.705422374,-70.59929827603074,2022.147674,-92.63866403573066,2005.859360731,-83.5693509638858,2005.761727549,-87.83114561112919,2013.400412,-88.95912597677994,2005.517273592,-83.70889392619053,2022.6,-90.53961947959444,2005.447526636,-90.40895975740659,2005.829708904,-85.21269314042283,2006.060606925,-67.79784987526497,2023.260274,-78.03860319274023,2011.454085,-80.33984008972773,2007.063026,-72.52223414497485,2018.389917,-72.13762194604482,1999.03562,-72.53894631107792,2013.87212,-83.58704515032454,2015.067078,-87.8965686458797,2005.928304795,-79.05286435768001,2005.722572298,-90.0094275725403,2006.179223744,-82.19144341743535,2005.703651065,-75.39455815981711,2023.564384,-83.47373549204448,2013.603982,-70.79590147060091,2005.97156,-84.21562254995514,2013.658511,-86.88143112507633,2011.217204,-85.32724341973896,2005.767161339,-67.76427552503341,2022.745205,-79.15114112535939,2005.364381659,-66.5931651010561,1998.05923,-73.6168681344201,2020.420774,-86.01947158737178,2008.848009639,-85.21959050272731,2012.90437,-87.48554697093647,2010.59805,-90.2408603719736
2005.665226408,-82.4494418837821,2011.856948,-87.74344394041438,2005.718835616,-70.43895358373338,2022.459104,-95.42712642340456,2006.377054795,-80.68264495237754,2005.790483257,-88.26753517192485,2013.414101,-88.76438841819864,2005.582943303,-86.29587644770872,2022.6,-90.53961947959444,2005.466571537,-90.07696573432575,2005.848902207,-85.04055916415741,2006.109509132,-67.7064692605056,2023.334247,-77.71521982979267,2011.462413,-80.36597126666587,2007.063102,-72.52288488000936,2018.414557,-72.2835953501101,1999.4411,-75.32388716938438,2013.910564,-83.85318667521828,2015.090521,-87.88422925761819,2005.947446728,-79.1857285770028,2005.741723744,-89.45119647464514,2006.195776256,-82.2913671478101,2005.722840563,-76.11016052767944,2023.564384,-83.47373549204448,2013.617101,-70.82055318652554,2005.9937,-84.00672667464805,2013.67625,-87.269444576023,2011.238992,-85.24136316333208,2005.794600457,-67.20204712440238,2022.745205,-79.15114112535939,2005.370319635,-66.8325834129791,1998.12772,-73.28716888139246,2020.431383,-85.89362028009765,2008.886323619,-85.01721619002268,2012.9235,-87.50429976172997,2010.609001,-90.32842227019704
2005.684583333,-83.44786510863737,2011.973136,-87.66948958373594,2005.724343607,-70.37725409162317,2022.786962,-88.70267905785383,2006.390839041,-80.29182914727366,2005.798601598,-88.37075897335646,2013.456366,-88.03474653847265,2005.651417428,-89.26668162457955,2022.6,-90.53961947959444,2005.60087519,-89.70749533621522,2005.862442922,-84.93034211022238,2006.139648021,-67.74128011054667,2023.334247,-77.71521982979267,2011.497891,-80.61699147689804,2007.06318,-72.52355273964997,2018.436745,-72.45723354753824,1999.99178,-74.16628293655239,2013.991159,-83.28373101817344,2015.122919,-87.78236439531008,2005.966609589,-79.44741851615291,2005.760939878,-88.80908311360115,2006.23413242,-82.4374815384584,2005.799562405,-76.82567350912775,2023.643836,-82.16920200911359,2013.625885,-70.83705906903789,2006.00995,-83.89851143294989,2013.714352,-87.92542803343332,2011.275668,-85.07057786924709,2005.819244673,-66.7916878695081,2022.745205,-79.15114112535939,2005.370338661,-66.83335053847892,1998.20991,-74.0512493232899,2020.439939,-85.79406967354775,2008.905320279,-84.76474786764415,2012.94262,-87.51962074605825,2010.61961,-90.40003311398308
2005.705842846,-84.28646759802166,2012.01004,-88.17869110844644,2005.738013699,-70.2315368837376,2022.789015,-88.60971042582327,2006.415410959,-79.59515746017573,2005.819292237,-88.62550180828745,2013.483745,-87.81161502490974,2005.652045282,-89.29158834498051,2022.630137,-91.13821259948722,2005.619977169,-90.3062970755243,2005.91755137,-84.97862421503619,2006.156563927,-67.78060656002782,2023.350685,-78.01082067749809,2011.515516,-80.82585079122435,2007.063256,-72.52420347468254,2018.462527,-72.69248164517468,2001.23562,-72.02630679680114,2014.025097,-82.96699747465144,2015.142541,-87.67080277974169,2005.988515982,-79.73858174292798,2005.895176941,-88.53397130621602,2006.25336758,-82.29140602702702,2005.818723364,-76.59751248920466,2023.643836,-82.16920200911359,2013.633985,-70.85227965742041,2006.02844,-83.82749200077615,2013.733402,-88.17928222394603,2011.292666,-84.9839979066741,2005.8769121,-66.57343502008924,2022.772603,-79.3076912990997,2005.381227169,-67.2723735666501,1998.31665,-75.035700603374,2020.447696,-85.70381557642372,2008.924449757,-84.51051437509295,2012.96175,-87.51853582880362,2010.628395,-90.3785803930611
2005.70585997,-84.28714307111181,2012.053617,-89.10087980451192,2005.76538242,-70.0103022927346,2022.956366,-85.27983135066147,2006.453767123,-78.59416507212026,2005.82901446,-88.74137980470252,2013.497434,-87.72066465894741,2005.689733638,-90.24861740886188,2022.630137,-91.13821259948722,2005.639136225,-90.90688804340706,2005.923318113,-85.02014375371168,2006.175487062,-67.8245994571631,2023.350685,-78.01082067749809,2011.534795,-81.09890847632049,2007.063336,-72.52488845892928,2018.486825,-72.92201765456892,2002.69589,-73.53340576095701,2014.063541,-82.75625770916562,2015.168493,-87.46087149126004,2006.013245814,-80.00106559492991,2005.914478691,-88.89789179953831,2006.29423516,-81.64167868236818,2005.837895738,-76.28842255526183,2023.643836,-82.16920200911359,2013.644936,-70.89137813732523,2006.048,-83.79358028732652,2013.753879,-88.36480997825264,2011.31377,-84.87966687362608,2005.895576484,-66.7640296019303,2022.772603,-79.3076912990997,2005.413957382,-68.05247362674749,1998.3687,-75.50888770914642,2020.459104,-85.59791036910114,2008.943736718,-84.06312245486434,2012.98087,-87.49001621970666,2010.635923,-90.36019723049958
2005.727773973,-84.87213534183331,2012.085274,-89.7777230836616,2005.822945205,-69.6493828592567,2022.975531,-85.20809271817737,2006.472945205,-78.11134869559615,2005.838599696,-88.86155381159266,2013.664101,-91.86426905656849,2005.7280879,-90.66948439408573,2022.657534,-92.08099760097717,2005.696641933,-90.66910806012787,2005.936339422,-85.12540495098631,2006.205742009,-67.49352999917767,2023.350685,-78.01082067749809,2011.553846,-81.3913544952362,2007.063414,-72.5255563185699,2018.511979,-73.140306741586,2003.71507,-74.50815851397803,2014.18355,-81.8284246268895,2015.300537,-86.5644989242233,2006.024233257,-80.1170019390464,2005.936251903,-89.30147839621247,2006.313356164,-81.19951028009149,2005.876305175,-75.7547847738818,2023.643836,-82.16920200911359,2013.678874,-71.0279808482263,2006.0645,-83.79130297760918,2013.773044,-88.46057235372999,2011.327345,-84.81669496864858,2005.917513318,-67.00691191534379,2022.772603,-79.3076912990997,2005.41396309,-68.05260962886048,1998.47829,-76.50144776755589,2020.478269,-85.43644243131996,2009.039316971,-80.70054211774112,2013.0,-87.42749858136787,2010.64756,-90.28149452165229
2005.741552511,-85.13684479546346,2012.123604,-90.34679524225326,2005.839383562,-69.52184818173548,2023.012321,-85.07037999764204,2006.492123288,-77.6285322939026,2005.848183029,-88.98686790400595,2013.678988,-92.42457937258645,2005.74739726,-90.55082121914651,2022.657534,-92.08099760097717,2005.735017123,-89.05081624655818,2005.944710807,-85.22493655497004,2006.243759513,-67.04788995754132,2023.350685,-78.01082067749809,2011.570273,-81.65171479054816,2007.063494,-72.52624130281664,2018.536619,-73.32137614561802,2004.15574,-71.32033225937032,2014.297,-82.07793316269134,2015.317421,-86.42206939705434,2006.046078767,-80.03425858482852,2005.952598935,-89.36847911195258,2006.332667428,-80.7290331125711,2005.876314688,-75.75467363636308,2023.643836,-82.16920200911359,2013.69781,-71.11367567461714,2006.08322,-83.81081914613368,2013.792095,-88.49975786452947,2011.351473,-84.71347838895825,2005.936582953,-67.34449938708515,2022.786301,-79.39825889404696,2005.419611872,-68.1867853720621,1998.54131,-77.06576019359362,2020.497434,-85.37644063068586,2009.058508371,-79.85987103649624,2013.03836,-87.20344096160972,2010.656116,-90.20165083661013
2005.741571537,-85.13696846040676,2012.171003,-90.474851342133,2005.891400304,-68.93522307140647,2023.087441,-85.28344603181654,2006.547012938,-77.60707068324514,2005.856223364,-89.09200536330508,2013.709104,-93.83764220059244,2005.785648782,-90.04589567964125,2022.684932,-93.14467881961751,2005.754223744,-88.35865178588851,2006.002530441,-85.87024814695064,2006.263122146,-66.88345733041972,2023.378082,-78.55132589147397,2011.587898,-81.91901607490347,2007.063572,-72.52690916245727,2018.56126,-73.47567437824824,2004.80874,-71.65350115126262,2014.374858,-82.84852022330028,2015.343145,-86.19000972291195,2006.062515221,-79.972002893136,2005.971866438,-89.3905052540096,2006.404119102,-79.25045009802801,2005.91462519,-75.58639881554173,2023.643836,-82.16920200911359,2013.719371,-71.20393139608132,2006.10517,-83.85954580945894,2013.811374,-88.4742718335358,2011.368128,-84.64477429762087,2005.950363394,-67.58845288890599,2022.786301,-79.39825889404696,2005.454590944,-67.92915732654332,1998.66459,-77.53921597360024,2020.517797,-85.41315794992057,2009.096925419,-78.34796045866841,2013.05753,-87.05789876091363,2010.666496,-90.09354433101063
2005.763523592,-85.27965213718421,2012.209218,-90.28850849841787,2005.948972603,-68.18402133402262,,,2006.566200533,-77.84003877963434,2005.865827626,-89.23325857005796,2013.803389,-98.98299102126612,2005.823934551,-89.14334400916294,2022.684932,-93.14467881961751,2005.88847032,-90.71404306243839,2006.021489726,-85.97046939428876,2006.299084855,-66.58935514612594,2023.378082,-78.55132589147397,2011.612538,-82.24643977139169,2007.063654,-72.52761127131014,2018.585388,-73.6211100844017,2005.0274,-69.54016672208527,2014.413188,-82.9683233625091,2015.408739,-85.49607772162116,2006.081660959,-79.54810941544847,2006.010393836,-88.83548950573066,2006.412328767,-79.13090825848442,2005.914634703,-75.58638474380601,2023.676712,-83.10323192100893,2013.735912,-71.25064147617292,2006.12474,-83.92487624889628,2013.830653,-88.36551666431633,2011.392655,-84.53172891979222,2005.967245053,-67.88746840847561,2022.805479,-79.49213704917167,2005.460673516,-67.82183359998955,1998.7824,-76.78149147577582,2020.556127,-85.82395640105848,2009.252987062,-76.48287667070552,2013.07671,-86.90622966994123,2010.673512,-90.00980045326247
2005.763540715,-85.27976343303403,2012.284338,-89.63626046280979,2005.968864155,-67.99528773597753,,,2006.588013699,-78.47262549683506,2005.89608067,-89.71067056788301,2013.817078,-99.23952374876622,2005.881546804,-87.38354678101068,2022.69589,-93.57858646928065,2005.907648402,-91.47741270504528,2006.032246956,-86.02733351171274,2006.334581431,-67.44656049846218,2023.39726,-79.00781148194103,2011.770877,-82.30998629241805,2007.063734,-72.52829625555688,2018.609001,-73.78159432185991,2005.24658,-69.0919816628208,2014.449977,-83.08280663919328,2015.690053,-87.07386958434131,2006.100842846,-79.12292513292354,2006.029480594,-88.38888836815644,2006.491875951,-78.4721670206942,2005.933788052,-75.6756089292351,2023.676712,-83.10323192100893,2013.759583,-71.28778397264782,2006.14671,-84.0310817800501,2013.848164,-88.23379001219007,2011.412048,-84.41844782034156,2006.049583333,-69.08868786893045,2022.805479,-79.49213704917167,2005.50690449,-66.43655375745584,1998.88663,-75.66354587412985,2020.592917,-86.72430869980859,2009.338066971,-75.44576038699978,2013.09589,-86.76106193455212,2010.684235,-89.88201576862383
2005.780138889,-85.24977364519556,2012.322668,-89.0185031557402,2005.974257991,-67.9520574659858,,,2006.607191781,-79.02879418572115,2005.905669711,-89.87016962719777,2013.859344,-99.75212855075554,2005.895350076,-87.00443754386465,2022.723288,-94.40443234142113,2005.926855023,-92.24191832184209,2006.040235921,-86.00055657886816,2006.372943303,-68.53359619837444,2023.39726,-79.00781148194103,2011.781829,-82.22151742778892,2007.063817,-72.52900692671183,2018.633756,-73.98483301013668,2005.90411,-70.52334297497187,2014.491159,-83.31051024673062,2015.701347,-87.18104089722932,2006.120062785,-78.49161589845401,2006.048573059,-87.82326140677526,2006.513337139,-78.43905043050539,2005.933799467,-75.67569028943886,2023.715068,-84.49509204809223,2013.778178,-71.27173451232775,2006.1631,-84.13613594004877,2013.867672,-88.05098278138472,2011.429787,-84.286776441901,2006.07364726,-69.22619680757778,2022.805479,-79.49213704917167,2005.534493912,-65.64678871154459,1999.09485,-74.60740752908974,2020.612082,-87.34329578142103,2009.384592846,-74.9561306307334,2013.11507,-86.63174783758728,2010.694958,-89.7700881340753
2005.780184551,-85.2496182687595,2012.35672,-88.0639063318712,2006.006678082,-67.79816204029825,,,2006.626455479,-79.58070113153191,2005.915258752,-90.02777521349424,2013.997434,-91.85957736677294,2005.939197108,-85.98571147547874,2022.723288,-94.40443234142113,2005.946023592,-92.78239166340218,2006.05168379,-85.95875041544096,2006.44390411,-70.25440017153687,2023.413699,-79.3235203602826,2011.806583,-82.01233245174866,2007.094249,-72.78957493409085,2018.658283,-74.21892775031411,2006.0137,-69.49849815613473,2014.527835,-83.60684871562847,2015.720969,-87.36723848015022,2006.142178463,-77.77788539462054,2006.067897641,-87.25057847530773,2006.579280822,-79.93291578499112,2005.952987062,-75.81244952170968,2023.715068,-84.49509204809223,2013.795175,-71.2225175835636,2006.18232,-84.29499162150752,2013.886608,-87.85346805682875,2011.443476,-84.15223495853549,2006.092939498,-69.31805832622383,2022.824658,-79.56132319583892,2005.585989346,-65.75275634128657,1999.13868,-74.56544893036032,2020.631247,-88.03570584516072,2009.40363965,-74.83101637134122,2013.13425,-86.52226395166021,2010.706366,-89.65263118935914
2005.799385464,-85.1725597165344,2012.400526,-86.37512149700643,2006.012728311,-67.79907570090488,,,2006.722260274,-81.55013631829438,2005.934436834,-90.33582736792454,2014.012321,-91.39191684361387,2005.952792998,-85.80249602086701,2022.723288,-94.40443234142113,2005.965125571,-93.02915111576677,2006.0595586,-85.9299926096155,2006.50972793,-69.70641802658068,2023.435616,-79.64365495378317,2011.837898,-81.74198003269504,2007.094327,-72.79024279373148,2018.682182,-74.45277955480563,2006.28767,-69.08853348385419,2014.566165,-83.90383339192515,2015.739906,-87.71487467913643,2006.177608447,-76.77507782587735,2006.089769787,-86.60189864955862,2006.604004947,-80.9539397130079,2005.972153729,-75.99739548524776,2023.734247,-85.25148941459132,2013.805899,-71.1775949664875,2006.19839,-84.45118315935166,2013.905773,-87.67533411048429,2011.461043,-83.95933628181368,2006.112376332,-69.29186423873747,2022.863014,-79.50760131767835,2005.621708524,-66.66771860348358,1999.21265,-74.6901369440264,2020.686859,-89.98751611935913,2009.441936834,-74.76652220785553,2013.1726,-86.3464417660011,2010.721994,-89.56167155460498
2005.823991629,-85.05212950622658,2012.437201,-84.81454431448617,2006.026208143,-67.80111132492544,,,2006.741438356,-81.72598742509133,2005.944044901,-90.46734687948702,2014.262321,-86.42506798257949,2005.974714612,-85.5070847991783,2022.723288,-94.40443234142113,2005.984436834,-93.2786140998035,2006.070996956,-85.83856471733098,2006.526255708,-69.35280965828359,2023.435616,-79.64365495378317,2011.918493,-81.25351511233565,2007.094407,-72.79092777797823,2018.709104,-74.67198047936154,2006.61644,-72.18919798084595,2014.641399,-83.51907879991876,2015.838012,-89.79281674272058,2006.215873288,-76.36695963097092,2006.106149163,-86.13119509246977,2006.620395738,-81.63082473159706,2005.972172755,-75.99757912154183,2023.734247,-85.25148941459132,2013.830425,-71.03334736595042,2006.22066,-84.68704276038876,2013.92625,-87.52338854842947,2011.538901,-83.09563767527426,2006.11250761,-69.2916873216831,2022.882192,-79.4061300671602,2005.621719939,-66.66809862890416,1999.30295,-74.85154270633677,2020.687316,-90.00207213891314,2009.461177702,-74.733488864296,2013.19178,-86.25756087851893,2010.738764,-89.53178739076726
2005.837621766,-85.03872972947508,2012.475531,-83.5480527777807,2006.044863014,-67.84387358137587,,,2006.760730594,-81.89954267814302,2005.950903729,-90.56123357994686,2014.276011,-86.37272219659165,2006.015831431,-85.50579709143047,2022.734247,-94.66568870596201,2006.003500761,-93.71368194919496,2006.090041857,-85.60029103724627,2006.603015601,-69.41223344305497,2023.454795,-79.6691288327587,2011.93492,-81.2262541012998,2007.094485,-72.79159563761884,2018.73055,-74.76478311215683,2006.72603,-72.0568219441494,2014.716405,-82.72685056505296,2015.857405,-90.02263748110522,2006.235136986,-76.5398173856973,2006.125414764,-85.66595797185278,2006.642503805,-82.40173541670947,2005.991333714,-76.16140682009286,2023.753425,-85.67675838083782,2013.853412,-70.86446587557543,2006.24199,-84.90721034565148,2013.945643,-87.46291380274502,2011.614135,-83.75944291208374,2006.123236301,-69.27722878020106,2022.882192,-79.4061300671602,2005.649691781,-67.59933042956031,1999.3824,-75.78272901506286,2020.689825,-90.0819869158323,2009.480312024,-74.68631611312134,2013.21096,-86.14733371717503,2010.750571,-89.54141506168618
2005.837642694,-85.03870915517516,2012.510154,-83.04009479569763,2006.064003044,-67.9164030667936,,,2006.779908676,-82.06357156025729,2005.960445205,-90.67310578176497,2014.2897,-86.44954203767324,2006.034994292,-85.53875539429227,2022.764384,-94.87571181816271,2006.022659817,-94.18122681290306,2006.097844368,-85.5026726243224,2006.624680365,-70.17343769357001,2023.463014,-79.63638371332365,2011.959675,-81.24656374434622,2007.094561,-72.79224637265335,2018.756617,-74.7445560425015,2006.89041,-70.90294251704965,2014.756046,-82.98082421935673,2015.914786,-90.29616485535865,2006.257087139,-76.76480462831614,2006.144552892,-85.20403790021024,2006.699657534,-83.62318209007518,2005.99135274,-76.161516769346,2023.753425,-85.67675838083782,2013.873033,-70.70380837956073,2006.2585,-85.04918594010249,2013.964352,-87.51779413593137,2011.633185,-84.2564300088506,2006.254575723,-68.23599948611262,2022.939726,-79.0449328469736,2005.690359589,-68.46096625110071,1999.4509,-76.69579430789236,2020.725189,-90.98411948928059,2009.502273592,-74.60508356697412,2013.23014,-85.99993949942035,2010.773159,-89.69991072228873
2005.856938737,-85.08041939420895,2012.547913,-83.22745283469374,2006.069520548,-67.94265448740603,,,2006.81826484,-82.39162932448387,2005.972688356,-90.7783696386281,2014.359344,-87.4856405125217,2006.054356925,-85.60473877062837,2022.764384,-94.87571181816271,2006.061035008,-96.07325678051151,2006.119798326,-85.10032562558017,2006.638637747,-70.66383853544406,2023.512329,-78.91190482242168,2011.978726,-81.31229805922764,2007.094637,-72.7928971076859,2018.781144,-74.57044853850533,2007.10959,-69.0956744528809,2014.794262,-83.58468755939212,2015.935034,-90.2209121037589,2006.273514079,-77.06783960171637,2006.163738584,-84.84540957979178,2006.733523592,-83.574206011665,2006.010504186,-76.27219096161313,2023.772603,-85.85375149211882,2013.905659,-70.45113856586674,2006.27804,-85.15430271681247,2014.020192,-88.28098435687951,2011.664672,-85.26034579465731,2006.358563546,-68.58413375978589,2022.939726,-79.0449328469736,2005.704358828,-68.47813217655779,1999.53309,-77.41836470401174,2020.744354,-91.28682194303971,2009.540877093,-74.35177156280862,2013.24932,-85.80263565954075,2010.781258,-89.79427219920798
2005.856952055,-85.08050102866777,2012.584703,-83.95956356724479,2006.088670091,-68.04016745269713,,,2006.873059361,-82.47799888588058,2005.978139269,-90.82523536182394,2014.678988,-90.90148285451544,2006.07390411,-85.67135105750876,2022.764384,-94.87571181816271,2006.156820776,-100.69907257204487,2006.128099315,-84.94724324721888,2006.654980974,-71.2380674473977,2023.528767,-78.60757724680818,2011.992415,-81.3756683608806,2007.094715,-72.79356496732653,2018.805899,-74.25626504703145,2007.43836,-70.74365289883052,2014.832706,-84.25191651475181,2015.954199,-90.14813981684237,2006.350180746,-77.74264257704338,2006.221217656,-83.93936119076463,2006.75738204,-83.04477633735105,2006.010519406,-76.27227891639257,2023.772603,-85.85375149211882,2013.923284,-70.35644762348807,2006.2971,-85.16240820292556,2014.039586,-88.73632074890249,2011.714238,-86.8011681203561,2006.39141933,-69.05636792475666,2022.969863,-79.03552147222521,2005.704368341,-68.47814384143808,1999.62898,-77.92675570123777,2020.764717,-91.5177073022721,2009.625656393,-74.72341209560514,2013.26849,-85.54801614952338,2010.791981,-89.91920590917547
2005.875998858,-85.19828827283966,2012.703743,-85.77408718911609,2006.184560502,-68.70412304828271,,,2006.914155251,-81.61500156581282,2006.002929985,-90.894637569143,2016.080768,-91.75040455386295,2006.101295662,-85.54167408692547,2022.764384,-94.87571181816271,2006.233732877,-96.2511731806661,2006.193702435,-83.75046144781442,2006.704223744,-72.29145222403689,2023.528767,-78.60757724680818,2011.997891,-81.40855284896686,2007.094789,-72.79419857775491,2018.830996,-73.83663931441454,2007.9863,-69.41264532361241,2014.869496,-84.72112631658997,2015.976216,-90.0547883515303,2006.369360731,-77.61340343568506,2006.275979833,-83.57019981848957,2006.771575342,-82.70486027181549,2006.029687976,-76.30551128398197,2023.791781,-86.0307446034019,2013.942335,-70.28300043808585,2006.31603,-85.030395743053,2014.058979,-89.2546986681665,2011.733745,-87.23447395493295,2006.410542237,-69.33056577892829,2022.969863,-79.03552147222521,2005.75310312,-68.15759437552198,1999.88115,-76.75670508870448,2020.783882,-91.66756259298442,2009.639520548,-75.16044638455692,2013.28767,-85.23470785221444,2010.800423,-90.03594883412521
2005.876015982,-85.19848476920092,2012.736483,-85.62567427627886,2006.22292618,-69.10840126900578,,,2006.933333333,-80.99805381481687,2006.009680365,-90.8822281201431,2016.109344,-92.5628521662988,2006.101350837,-85.5412211188917,2022.783562,-94.79323447930929,2006.252796804,-94.2338024416019,2006.204861111,-83.61714816368624,2006.717945205,-72.5617423796504,2023.627397,-79.16747808042845,2012.034681,-81.65218422514755,2007.094863,-72.7948321881833,2018.853412,-73.42130852923361,2008.10929,-68.88849524476053,2014.907826,-84.60656125449063,2016.029776,-89.89872611029045,2006.388535008,-77.1135495062966,2006.297929985,-83.60096555203053,2006.809313166,-82.0328647643732,2006.029703196,-76.30549124821779,2023.791781,-86.0307446034019,2013.958762,-70.26393838617021,2006.33498,-84.76076899990177,2014.075064,-89.71319198680486,2011.751484,-87.50829865874577,2006.432990868,-69.65211848718322,2022.972603,-79.03994912120642,2005.753112633,-68.15747031208303,1999.95512,-76.1816887679959,2020.839836,-91.90686794848608,2009.672294521,-76.29675871478577,2013.30685,-84.86819030716718,2010.808636,-90.15405247753861
2005.895036149,-85.41673947771798,2012.814455,-84.74779859145173,2006.236615297,-69.26241410015652,,,2006.99086758,-78.70413868002983,2006.017897641,-90.84014398678906,2016.123147,-92.68258835201681,2006.120424277,-85.38463464634548,2022.783562,-94.79323447930929,2006.272108067,-92.19025826987415,2006.223645358,-83.42715468619247,2006.731790335,-72.46690031976493,2023.646575,-79.79680350332842,2012.048256,-81.74639328615952,2007.094943,-72.79551717243005,2018.878166,-72.96383330092766,2008.1776,-68.75499992350584,2014.985684,-83.44393925042388,2016.051564,-89.84646141851287,2006.410509893,-76.51227117069693,2006.35542618,-84.0075858761615,2006.831297565,-81.7727270258396,2006.048854642,-76.28028008782947,2023.830137,-85.47369298633369,2014.003765,-70.48613146769668,2006.35197,-84.40895324081393,2014.09554,-90.28445269497752,2011.791981,-87.74675276889117,2006.451931126,-69.88405490680942,2022.986301,-79.06208413425266,2005.764699391,-68.00636203292467,2000.0536,-75.42664828923563,2020.844741,-91.93010943560638,2009.729699391,-79.11126623750967,2013.32603,-84.45949170439421,2010.819702,-90.31422512570256
2005.89505137,-85.41691413732644,2012.851359,-84.30272977669907,2006.261282344,-69.52619036942752,,,2007.010045662,-77.86532484759283,2006.030365297,-90.77629186624377,2016.184007,-92.62964127538145,2006.120504186,-85.38397862056055,2022.791781,-94.65631988881333,2006.291219559,-90.65773688939188,2006.231740868,-83.35899313762526,2006.838443683,-71.15267470921688,2023.646575,-79.79680350332842,2012.083962,-81.96789215387236,2007.095023,-72.7962021566768,2018.902807,-72.53895489772415,2008.23224,-68.84699537676892,2015.135809,-81.71276492475582,2016.087669,-89.69054166415343,2006.446067352,-75.22718479202113,2006.410150304,-84.3852447363803,2006.853196347,-81.69185127792134,2006.048877473,-76.28025003286633,2023.830137,-85.47369298633369,2014.147331,-73.58111400055111,2006.37076,-83.92015973500102,2014.11482,-90.80288877031292,2011.81126,-87.70615880989583,2006.509465373,-70.43347714980496,2022.986301,-79.06208413425266,2005.822193683,-67.42440556050136,2000.22027,-74.72631545526093,2020.859001,-91.99767795881398,2009.818156393,-82.4573665771484,2013.34521,-84.02373102290338,2010.844741,-90.66665900064014
2005.914695586,-85.64763617946828,2012.889574,-83.87052197331745,2006.280479452,-69.69840599474308,,,2007.029223744,-77.46560351618018,2006.039935312,-90.67096963754163,2016.300651,-90.83522355340163,2006.188538813,-84.1876811411866,2022.791781,-94.65631988881333,2006.310350076,-89.76698365119694,2006.242861492,-83.32414828331012,2006.849537671,-71.1832361778654,2023.780822,-79.74630610589215,2012.104439,-82.05190962830619,2007.095105,-72.79690426552966,2018.928531,-72.13118911356325,2008.29508,-69.2129887486823,2015.180927,-81.17034209736914,2016.161477,-88.92271934381347,2006.4844121,-73.96175394861089,2006.43206621,-84.45911816374591,2006.924743151,-82.25766433282809,2006.068032725,-76.15306339943312,2023.849315,-85.1192560568697,2014.153149,-73.70128256555546,2006.41515,-82.51033938325259,2014.152921,-91.62639848870931,2011.830425,-87.60640745791352,2006.531278539,-70.60840722685258,2022.986301,-79.06208413425266,2005.835302511,-67.36073039121331,2000.39229,-75.70614887616883,2020.859686,-92.00092371185717,,,2013.38356,-83.14107018126317,2010.853297,-90.7752797351737
2005.936657154,-85.87939580737687,2012.934692,-83.48297522795175,2006.299714612,-69.80953001926252,,,2007.0456621,-77.40870738013001,2006.049524353,-90.5631554984844,2016.370295,-90.55681583472823,2006.284861111,-82.95126997058856,2022.791781,-94.65631988881333,2006.329509132,-88.87490158291403,2006.300547945,-83.32477262224832,2007.172808219,-68.19554978202237,2023.780822,-79.74630610589215,2012.126228,-82.10203349946762,2007.19126,-74.90406880827598,2018.953971,-71.73966633706954,2008.36066,-69.59494045667154,2015.219257,-80.80034184747824,2016.22325,-87.96832642683704,2006.522751142,-73.20300751563377,2006.451314688,-84.44351561821492,2006.971118721,-82.01901686457423,2006.068049848,-76.15293436994543,2023.849315,-85.1192560568697,2014.2115,-74.57952181862652,2006.42863,-82.06970081432131,2014.23614,-92.5824368721337,2011.84805,-87.48663089518851,2006.548042237,-70.74665373112335,2022.986301,-79.06208413425266,2005.835308219,-67.36070266502304,2000.56442,-76.88854896032915,2020.878166,-92.10821296218074,,,2013.40274,-82.72856342969709,2010.864363,-90.89858669075431
2005.93667618,-85.87952747657644,2012.967432,-83.37944483956399,2006.313508371,-69.83335710616204,,,2007.067579909,-77.33284586193555,2006.068702435,-90.29009939756446,2016.453629,-89.17912482239623,2006.399355023,-82.31744939247466,2022.791781,-94.65631988881333,2006.348744292,-89.09875576936886,2006.338761416,-83.34797585233562,2007.408261035,-73.23408790606796,2023.813699,-78.62262801409281,2012.13946,-82.11488613577798,2007.191334,-74.90593042503086,2018.977927,-71.34678489371602,2008.43716,-70.41943116715586,2015.255932,-80.68278005115147,2016.242758,-87.6476441566815,2006.544737443,-73.1385861453618,2006.470410959,-84.42756007422904,2007.007267884,-81.21913453495706,2006.087208904,-76.00068453465126,2023.906849,-84.13590279032219,2014.442677,-73.13301639137609,2006.45069,-81.42066698959293,2014.253765,-92.6496877076014,2011.865048,-87.36303089044324,2006.605507991,-71.24833317142284,2023.019178,-79.34148002306736,2005.847012938,-67.31360449186242,2000.78846,-77.27034791475761,2020.897331,-92.2183091335811,,,2013.42192,-82.35609512423397,2010.87212,-90.96999750349856
2005.9581621,-86.02680338387138,2013.01312,-83.44342082156345,2006.357210807,-69.69420004885882,,,2007.086757991,-77.35863172221151,2006.075561263,-90.1833834413002,2016.536962,-88.96500557696118,2006.456797945,-81.31143604102073,2022.813699,-94.29120115338915,2006.367922374,-89.50883128595429,2006.347070015,-83.32364172135496,2007.44402968,-73.85998217511418,2023.813699,-78.62262801409281,2012.159082,-82.10077065897428,2007.191414,-74.90794298367861,2019.00137,-70.91345169736415,2008.50273,-71.49240017434043,2015.294148,-80.809257714864,2016.259469,-87.37085399891807,2006.583184932,-73.36021391215358,2006.508877473,-84.54613443778572,2007.026141553,-80.70225775535016,2006.087231735,-76.0004457794703,2023.906849,-84.13590279032219,2014.47017,-73.17518999418527,2006.489,-80.63261347266862,2014.330425,-92.0328907983473,2011.905773,-87.08816753839268,2006.624752664,-71.39890624900144,2023.019178,-79.34148002306736,2005.860821918,-67.27103987255711,2000.8924,-76.22098118374869,2020.937087,-92.38077855840024,,,2013.4411,-82.03679923153743,2010.8833,-91.06461958155867
2005.958177321,-86.02677840593678,2013.04529,-83.5356248258845,2006.370871385,-69.58672247991299,,,2007.144292237,-79.13613368541701,2006.085163623,-90.02253374907923,2016.603868,-89.83550513650862,2006.476048326,-81.03974457953457,2022.813699,-94.29120115338915,2006.406164384,-90.64206780459739,2006.358181126,-83.29109962485855,2007.490506088,-72.62998409968587,2023.830137,-78.08016230341435,2012.171231,-82.0685908389965,2007.191492,-74.90990522836587,2019.025554,-70.40908767012668,2008.56831,-72.56553281871105,2015.369382,-81.05533585275214,2016.351587,-85.59939025996171,2006.599512938,-73.5597177873916,2006.528053653,-84.77645563884603,2007.157562785,-81.14842609072753,2006.106388889,-75.80010984302339,2023.926027,-84.04363957025637,2014.483288,-73.19066719059701,2006.50832,-80.4223653936521,2014.367101,-91.07553248270729,2011.926364,-86.95264893512807,2006.649105784,-71.549587660893,2023.019178,-79.34148002306736,2005.90446347,-66.87179093922728,2001.08115,-72.92301973606212,2021.011979,-91.96487785348839,,,2013.46027,-81.78208843611999,2010.894822,-91.12145489264968
2005.971653349,-86.00466400177501,2013.120752,-83.28933588812691,2006.376369863,-69.54345430902532,,,2007.16347032,-79.46010079395789,2006.135778158,-89.10726692932404,2016.784224,-92.06274484080403,2006.511957763,-80.78852571501267,2022.841096,-93.73205343586709,2006.425418569,-91.30091663463399,2006.377283105,-83.09552220644815,2007.586440259,-70.70376178751862,2023.915068,-77.00069001951577,2012.182411,-82.03597732588837,2007.19157,-74.91186747305314,2019.050309,-69.85368107226424,2008.63388,-73.23502217294961,2015.41045,-81.06786471921838,2016.44861,-84.75322939846181,2006.618673896,-73.99483704927452,2006.547254566,-85.07349108421931,2007.176484018,-81.82324378950221,2006.10641172,-75.79987108784243,2023.926027,-84.04363957025637,2014.51734,-73.17860094936307,2006.54648,-80.33742422421008,2014.389004,-90.33683916841711,2011.945073,-86.81643129199023,2006.65723554,-71.59988935169937,2023.019178,-79.34148002306736,2005.915095129,-66.72456709628455,2001.17156,-72.6486158942324,2021.043008,-91.56010162347565,,,2013.49863,-81.50268147238786,2010.902465,-91.15915601074231
2005.971674277,-86.00462965855101,2013.159424,-82.88836495388266,2006.390039954,-69.42483873421116,,,2007.182648402,-79.67508144755222,2006.154965753,-88.76262482580474,2016.811603,-92.6015185050345,2006.55277968,-81.03249359046663,2022.879452,-93.16687927151654,2006.463755708,-91.63819516372686,2006.385253044,-83.00262970914699,2007.701957763,-72.54577140632729,2023.915068,-77.00069001951577,2012.190396,-82.00167444921492,2007.191648,-74.9138297177404,2019.077687,-69.25326826086715,2008.72678,-73.7727801277421,2015.44724,-81.24118603808971,2016.46766,-85.11254063973094,2006.637924277,-74.4323375855968,2006.601942542,-86.36543889438497,2007.384969559,-80.97499922951049,2006.125565068,-75.60061763839859,2023.983562,-83.79925140113332,2014.537076,-73.13182872219532,2006.58486,-80.56905799152769,2014.408283,-89.6017692286726,2011.95899,-86.703467169453,2006.717404871,-71.37660084006019,2023.052055,-79.6445500779971,2005.936373668,-66.14393525329173,2001.35775,-73.68610000810772,2021.045404,-91.52706543320652,,,2013.51781,-81.4923662397449,2010.913644,-91.16880632108298
2005.990880898,-85.92500955056909,2013.201119,-82.59321451387687,2006.409646119,-69.27642415105453,,,2007.221014079,-79.93630058609254,2006.174181887,-88.42389425862739,2016.86482,-92.76875776493124,2006.571952055,-81.50105368598334,2022.879452,-93.16687927151654,2006.482905251,-91.6875338208604,2006.396092085,-82.85812098128889,2007.78891172,-71.04692999108683,2023.953425,-76.72955600157287,2012.203743,-81.93433313303211,2007.191724,-74.91574164846146,2019.103526,-68.77966274080451,2008.78689,-74.12073094219512,2015.48557,-81.82419238746772,2016.501598,-85.98441566573908,2006.678976408,-75.5552688303744,2006.643028919,-87.16597532174889,2007.623382801,-82.48010123153335,2006.144773592,-75.40219433861922,2023.983562,-83.79925140113332,2014.561146,-73.00532160161687,2006.60404,-80.75464019633664,2014.425793,-88.94152397166118,2011.989106,-86.3943553617493,2006.733881279,-71.18287954781326,2023.052055,-79.6445500779971,2005.956651446,-65.54316685647636,2001.50569,-75.0810645013301,2021.050309,-91.45943500195459,,,2013.53699,-81.57380556018192,2010.922713,-91.17375102871266
2005.990903729,-85.9247719391583,2013.359458,-84.49829992915083,2006.437138508,-69.16949467247866,,,2007.336044521,-77.87266444625178,2006.184994292,-88.23139543879995,2016.892198,-91.81502375673026,2006.61043379,-82.49402855973005,2022.879452,-93.16687927151654,2006.559560502,-91.57556928210452,2006.405136986,-82.66765231316228,2007.978137367,-69.4713539755786,2023.953425,-76.72955600157287,2012.262321,-81.43897211008577,2007.191802,-74.91770389314873,2019.130904,-68.45233152632329,2008.84699,-73.56469400523338,2015.563427,-83.95826282662146,2016.526467,-86.8384899986624,2006.752912861,-77.1309089010912,2006.662187976,-87.22144284640851,2007.656582953,-84.44233532182993,2006.144790715,-75.40201745870155,2024.002732,-83.73536927600578,2014.633756,-72.4199982747898,2006.62358,-80.97549833000487,2014.445073,-88.23396155008423,2012.058751,-85.53075281828006,2006.777728311,-70.4916155029475,2023.065753,-79.75539358701263,2005.973112633,-64.96164135147723,2001.68651,-76.1756999415796,2021.054188,-91.40787492569348,,,2013.55616,-81.74652848784058,2010.933322,-91.14646881085753
2006.015778158,-85.64829239455567,2013.392312,-84.27348914346882,2006.450313927,-69.16010164231703,,,2007.393607306,-77.69562124285223,2006.212545662,-87.72712323077171,2017.434464,-86.85708110605883,2006.629967656,-83.10313299143006,2022.879452,-93.16687927151654,2006.578843227,-91.7892405074261,2006.434465373,-82.00662670619192,2008.019173118,-68.28986755845115,2023.983562,-76.29405990199258,2012.278863,-81.2249805183547,2007.191876,-74.9195655099036,2019.158397,-68.35090667661163,2008.9071,-72.95507805176953,2015.638547,-85.56208067775393,2016.545632,-87.58233404423403,2006.772144216,-77.22363531913447,2006.681392694,-87.21472502725805,2007.713422755,-86.18897284602862,2006.202294521,-74.89025517562496,2024.002732,-83.73536927600578,2014.659082,-72.18968053562644,2006.64237,-81.21222936195493,2014.483402,-87.19974382100722,2012.075406,-85.36872701416308,2006.791413623,-70.25016212645338,2023.065753,-79.75539358701263,2005.989387367,-64.38670268465481,2001.86471,-75.48765450172169,2021.057837,-91.36366327432208,,,2013.57534,-82.0052850532979,2010.944844,-91.1058820266826
2006.032182268,-85.38090653945602,2013.429102,-83.31419115897917,2006.456307078,-69.19813583513205,,,2007.470062785,-77.88177189529851,2006.22211758,-87.54479634893575,2017.461842,-86.92334867851498,2006.648563546,-83.68298948325045,2022.887671,-93.08182492025615,2006.598144977,-92.26890294471079,2006.443377093,-81.766875146558,2008.035676609,-67.75383490656814,2023.983562,-76.29405990199258,2012.295632,-80.9687018494397,2007.191958,-74.92162838252327,2019.192335,-68.54125648235153,2008.94809,-72.53937088270209,2015.713667,-85.80862149198457,2016.560006,-88.1406436892187,2006.791261416,-77.31531636572711,2006.697846271,-86.87352719660589,2007.730022831,-86.26056896682618,2006.202305936,-74.8901613682235,2024.027322,-83.64936208512218,2014.695415,-71.86549377535933,2006.66162,-81.48063699854319,2014.523044,-86.7769482508435,2012.09554,-85.23016626798666,2006.810519406,-69.93095157829401,2023.090411,-79.82958713942074,2006.003797565,-63.991143846949896,2002.04279,-73.47728382698624,2021.061831,-91.31527156821794,,,2013.59452,-82.3387179986091,2010.9534,-91.05322276068864
2006.053976408,-85.00332974140882,2013.467318,-82.04200662566093,2006.48597793,-69.46257593320198,,,2007.489459665,-78.06417525371599,2006.248030822,-87.0191782776513,2017.515059,-87.5056190517536,2006.665108447,-84.1320883629158,2022.887671,-93.08182492025615,2006.617085236,-92.73958206939578,2006.450751395,-81.56848466686242,2008.081914086,-66.78446770671447,2024.010929,-75.7136558747593,2012.303846,-80.83500218801309,2007.19204,-74.9236912551372,2019.220398,-68.85485704016958,2009.0274,-71.86114019312842,2015.753194,-85.76878069341319,2016.65931,-90.65255202156929,2006.810483257,-77.20316653604424,2006.719663242,-86.42110866313743,2007.787671233,-85.27517571557794,2006.278989726,-74.34317484263944,2024.027322,-83.64936208512218,2014.736483,-71.49016758833164,2006.68086,-81.77909780302684,2014.58111,-87.47215259887773,2012.112196,-85.1674752799813,2006.829796423,-69.60916106004616,2023.090411,-79.82958713942074,2006.020066591,-63.624921231077685,2002.17156,-71.80239921303344,2021.079968,-91.09552185023357,,,2013.61096,-82.67320083609252,2010.961386,-90.99649497471643
2006.068335236,-84.74740711545375,2013.512435,-80.80123160701855,2006.491497336,-69.53564093938856,,,2007.547003425,-78.9303371608208,2006.260372907,-86.75347093512904,2017.542438,-88.02477382595464,2006.725380518,-85.39323350472245,2022.887671,-93.08182492025615,2006.636358447,-92.98006407806183,2006.462773973,-81.24919821851623,2008.101252277,-66.4486159065632,2024.046448,-74.90410362559022,2012.317535,-80.58308093466174,2007.192129,-74.92593022664138,2019.273159,-69.49486792861813,2009.06575,-71.58564503454762,2015.791524,-85.76540068212022,2016.695301,-91.00185619120643,2006.829640411,-77.09088895151211,2006.738915525,-85.80155181282089,2007.80673516,-84.83534672419589,2006.298177321,-74.29231616941372,2024.027322,-83.64936208512218,2014.753994,-71.32030023223744,2006.69997,-82.10714606482931,2014.597822,-87.83972107818208,2012.150526,-85.22332573540523,2006.851611492,-69.33598753616289,2023.10411,-79.84657016341629,2006.038489346,-63.337073968211875,2002.34405,-71.60437412421419,2021.087099,-91.03858665717104,,,2013.63288,-83.15413595528713,2010.972337,-90.90837019024704
2006.087142314,-84.44510342978468,2013.545404,-80.47651466782516,2006.505022831,-69.74056354583145,,,2007.566210046,-79.54971840784805,2006.269977169,-86.54162862814134,2017.595655,-89.31593931045443,2006.744465373,-85.62874188937587,2022.887671,-93.08182492025615,2006.655555556,-92.89884889188089,2006.473055556,-80.987527490225,2008.114625076,-66.37121190665657,2024.046448,-74.90410362559022,2012.323125,-80.47406360568459,2007.280082,-75.88126772465135,2019.300537,-69.74512527428978,2009.14247,-71.03451104324893,2015.829968,-85.58162597440675,2016.715037,-91.13265656674587,2006.848864155,-76.93562958821421,2006.758097412,-85.18209149342138,2008.036752429,-81.01762915223716,2006.317376332,-74.26671043228897,2024.040984,-83.5987342403261,2014.833163,-70.40073459468601,2006.71872,-82.45708271184965,2014.617329,-88.26063806681383,2012.17317,-85.33243649177642,2006.868057458,-69.15457319973548,2023.10411,-79.84657016341629,2006.085403349,-63.680268260377886,2002.52487,-73.78284888363928,2021.106264,-90.89111448623075,,,2013.65205,-83.58610136813532,2010.98055,-90.82437173913678
2006.130473744,-83.86037132893493,2013.620295,-81.3046469643332,2006.51337519,-69.89133890464397,,,2007.604623288,-80.78848090190988,2006.279493912,-86.33057775719442,2017.623033,-89.72262792694315,2006.763654871,-85.79931869506903,2022.956164,-92.8042047251317,2006.693978311,-92.00684363436285,2006.481333714,-80.77684479352905,2008.136545613,-66.43320777354415,2024.095628,-74.40951621154578,2012.345997,-79.99604169259354,2007.28016,-75.88198094231628,2019.327687,-69.93475922997825,2009.19452,-70.9394089787346,2015.866758,-85.16611441609328,2016.734316,-91.2226182015577,2006.868066971,-76.78088984653456,2006.796510654,-84.28161923140543,2008.055783242,-80.52789236950262,2006.336542998,-74.32739570635553,2024.040984,-83.5987342403261,2014.845312,-70.23951996957831,2006.73838,-82.84591655543599,2014.636608,-88.6594479296941,2012.192563,-85.42818514326916,2006.909153349,-68.87010689866462,2023.150685,-79.52813766593889,2006.085410959,-63.680422926299855,2002.69199,-74.90193762137918,2021.14813,-90.8526786732362,,,2013.69041,-84.36265967167553,2010.991502,-90.71082350827204
2006.130496575,-83.86009739084695,2013.658739,-82.23795513734217,2006.529680365,-70.19363721184911,,,2007.700428082,-82.66769404931416,2006.289109589,-86.11346249297623,2017.709104,-90.69866066193109,2006.801984399,-85.74829893936905,2022.956164,-92.8042047251317,2006.770633562,-88.2332783081746,2006.492252664,-80.49895279978685,2008.150406041,-66.47240796509506,2024.095628,-74.40951621154578,2012.354211,-79.81538243154962,2007.280236,-75.88267587234883,2019.411249,-70.65366424357576,2009.25479,-71.60964825454406,2015.905088,-84.45895230437468,2016.754564,-91.3087971362968,2006.906394597,-76.81178597843358,2006.815825723,-84.1812113679388,2008.078485504,-80.38962115585566,2006.336586758,-74.32753425875701,2024.040984,-83.5987342403261,2014.867672,-69.93211792938195,2006.75739,-83.22836858957365,2014.655545,-88.9622739673435,2012.211956,-85.49233240814753,2007.734084855,-69.24547564388426,2023.150685,-79.52813766593889,2006.142714992,-64.80383908328005,2002.86197,-74.5094302722993,2021.227927,-91.09116587173936,,,2013.70959,-84.66012634717681,2011.000058,-90.5996479987326
2006.147490487,-83.65619568896615,2013.698495,-83.3019565943995,2006.543340944,-70.4604669138114,,,2007.892237443,-82.3641408019968,2006.298702435,-85.89686273677711,2017.762321,-92.25596380258257,2006.818563546,-85.62838190203702,2022.972603,-92.63335529179928,2006.789821157,-87.94748360899229,2006.500437595,-80.36973211099912,2008.245844718,-66.69716650507142,2024.125683,-74.4742762391147,2012.362424,-79.62968691955967,2007.28032,-75.88344395291088,2019.437087,-71.02032931461767,2009.30411,-72.15811683066825,2015.944502,-83.65284603649421,2016.929102,-89.06374708998146,2006.925549848,-77.12140287210771,2006.834895358,-84.21630514162356,2008.181551685,-83.03905443761214,2006.355721081,-74.4149990172735,2024.065574,-83.50761004888055,2014.92066,-69.18611534512638,2006.7958,-83.91719085793167,2014.673056,-89.15964997971626,2012.234087,-85.4991610102043,2008.079358303,-68.70557853270769,2023.164384,-79.38996514185799,2006.16167618,-64.92057762087417,2003.04279,-73.08807064055463,2021.234202,-91.08376953180638,,,2013.72877,-84.8771214867333,2011.014831,-90.40287168435478
2006.183125951,-83.13378906688861,2013.733859,-84.24970380134751,2006.549048706,-70.57176885177833,,,2007.911406012,-81.93240836396464,2006.308352359,-85.6841362598999,2017.803389,-93.67347502732234,2006.85700723,-85.08854641802537,2022.972603,-92.63335529179928,2007.077454338,-87.02298727675466,2006.51146309,-80.20313913823627,2008.289820507,-67.02269003464215,2024.125683,-74.4742762391147,2012.390031,-78.99804804671945,2007.2804,-75.88417545820819,2019.46458,-71.45522754886882,2009.36164,-72.79788563002748,2015.982946,-83.32577284616004,2016.951462,-88.56937907554742,2006.944765982,-77.43237858436808,2006.854105784,-84.50301400388864,2008.192452186,-83.52542158913167,2006.374906773,-74.53868321997818,2024.117486,-83.77050409843004,2014.940168,-68.92660033935574,2006.81511,-84.17824796134148,2014.686973,-89.27644032466762,2012.249944,-85.44451223290488,2008.136295158,-69.1012766355566,2023.20274,-79.10728761580013,2006.180882801,-64.93359008228941,2003.20717,-72.28335402096555,2021.247092,-91.05407651568164,,,2013.74795,-85.01023902743933,2011.047,-89.88106391356993
2006.18314688,-83.13339735764326,2013.773501,-85.24541359964037,2006.568007991,-70.90073606861354,,,2008.239374621,-82.58603441316814,2006.317893836,-85.47641386564855,2017.873033,-94.59583692938008,2006.878938356,-84.66833904204246,2022.972603,-92.63335529179928,2007.13500761,-88.04743053564832,2006.514326484,-80.15987384097157,2008.323104508,-68.27348523086253,2024.163934,-74.77077335072873,2012.401097,-78.75116854951844,2007.28048,-75.88490696350341,2019.491959,-71.8785928040942,2009.41644,-72.76230793757846,2016.019622,-83.50013183754922,2016.970398,-88.28360842221436,2006.974895358,-78.26845222969989,2006.87886796,-85.11614067393504,2008.217175167,-84.57051960462522,2006.413268645,-74.70520069468219,2024.174863,-84.31482570681212,2014.964238,-68.63148948053775,2006.83442,-84.36555578172516,2014.73055,-89.2323294232233,2012.289357,-85.0892062324446,2008.179969262,-69.3833147199901,2023.20274,-79.10728761580013,2006.200135084,-64.70385681249549,2003.28925,-72.30891814403981,2021.253651,-91.00452011459939,,,2013.76712,-85.06592072678222,2011.055556,-89.73142036646809
2006.202229833,-82.77623891373233,2013.817307,-86.1168657985395,2006.58173516,-71.09712216419393,,,2008.255919854,-82.44063294922289,2006.327511416,-85.26892927057274,2017.920774,-93.49695328820302,2006.917265982,-83.86898983193602,2022.972603,-92.63335529179928,2007.192418189,-86.50627924792165,2006.530677321,-80.0010838164634,2008.380196949,-70.92390020502806,2024.163934,-74.77077335072873,2012.414672,-78.46954992504408,2007.280558,-75.88562018116833,2019.520421,-72.25655864522973,2009.47945,-72.50971393826968,2016.057951,-84.13460546846417,2017.11539,-88.41055361529143,2007.081718037,-79.53889915074507,2006.8925,-85.51036603098481,2008.230788934,-84.83972248675202,2006.432414384,-74.5965871742803,2024.174863,-84.31482570681212,2014.975531,-68.51762088320481,2006.85351,-84.47710110871672,2014.751027,-89.0849408480934,2012.308408,-84.81364161932945,2008.212788403,-69.53838710241733,2023.260274,-79.27480821072463,2006.2193379,-64.36930004673799,2003.44542,-75.85406210637703,2021.264717,-90.92091115982214,,,2013.7863,-85.05940493481732,2011.066622,-89.52367150738196
2006.24592656,-81.71084142307001,2013.854211,-86.55779919428193,2006.587290715,-71.16490170364501,,,2008.274476321,-82.20035178319829,2006.338337139,-85.05646022123,2017.975417,-92.31517333723981,2006.936451674,-83.5274252722406,2022.983562,-92.51945818741315,2007.422574201,-77.9511572318978,2006.539472983,-80.02310417860292,2008.464589026,-73.45628559348496,2024.199454,-74.88405723323766,2012.432525,-78.12491823488644,2007.280636,-75.88633339883326,2019.547799,-72.53674678688782,2009.53699,-72.27904803253705,2016.094856,-85.02474208482616,2017.15931,-88.52786910677084,2007.098175419,-79.30345488745233,2006.930780061,-86.65981008546619,2008.249772313,-85.21510575424435,2006.470818113,-74.03088214207118,2024.213115,-84.0478058057809,2014.994696,-68.34317294090177,2006.87298,-84.52392489657284,2014.770078,-88.89668269228389,2012.325064,-84.52367750349595,2008.234530586,-69.61802107825447,2023.263014,-79.31342885767339,2006.254480594,-63.76326007903975,2003.5824,-75.40788568379133,2021.283882,-90.6970603050575,,,2013.80548,-85.01196722482709,2011.08379,-89.19585110582231
2006.245943683,-81.71038949832854,2013.889803,-86.69510297878227,2006.600884703,-71.31339138860056,,,2008.313296903,-81.42097194796823,2006.346660959,-84.8930943081811,2018.066964,-94.70135664792149,2006.955538432,-83.18762204323815,2022.983562,-92.51945818741315,2007.537880518,-76.87817992078924,2006.549762177,-80.04886366981627,2008.50012333,-72.81023031522254,2024.199454,-74.88405723323766,2012.440053,-78.01262402762019,2007.280712,-75.88702832886581,2019.575178,-72.7449621076069,2009.59178,-72.44670405668496,2016.133185,-85.72563128459977,2017.27681,-87.46473013403816,2007.139271309,-78.01011605748783,2007.045884703,-86.90465458695682,2008.285699378,-85.41727777825963,2006.49266933,-73.43524682465913,2024.26776,-82.83024054222754,2015.014374,-68.2282666949703,2006.89186,-84.52217624803723,2014.808408,-88.48465744309476,2012.348621,-84.0672796511437,2008.27569065,-69.70396499657164,2023.263014,-79.31342885767339,2006.27119102,-63.64420457874244,2003.70021,-75.13246989080308,2021.322212,-90.01750875635447,,,2013.86301,-84.85782300949319,2011.092118,-89.03348332574743
2006.278879376,-80.88326396957616,2013.926364,-86.62401597547544,2006.606592466,-71.34501047892047,,,2008.332422587,-81.03699593120861,2006.35625,-84.72007903744716,2018.092803,-95.93946781926512,2007.204746956,-79.88414455482221,2023.010959,-92.088446720988,2007.557039574,-77.08606881256412,2006.55841895,-80.07053631667549,2008.543748103,-71.9117112729059,2024.218579,-74.81760427038286,2012.465151,-77.6873226938664,2007.280792,-75.8877598341631,2019.601016,-72.9050921263594,2009.70137,-73.81729407348162,2016.175451,-86.1102350210416,2017.301222,-86.94589165452068,2007.155707763,-77.47805961902549,2007.065078006,-86.55241689555409,2008.296827565,-85.28525172143291,2006.492711187,-73.43391712068764,2024.26776,-82.83024054222754,2015.036619,-68.19080263311164,2006.91104,-84.49554456704612,2014.864477,-88.12373659665879,2012.36482,-83.72479737130212,2008.275804493,-69.70418472931138,2023.312329,-80.06899274699968,2006.284944825,-63.706335210932764,2003.85101,-75.3098836024062,2021.32244,-90.01292732045977,,,2013.88219,-84.86360748668943,2011.102841,-88.82539452926082
2006.298047945,-80.49770395788889,2013.965037,-86.58295713650608,2006.620062785,-71.41963152277062,,,2008.447176685,-79.06805519008519,2006.384969559,-84.27413937316268,2018.106492,-96.5953950542372,2008.030012902,-84.95507567042662,2023.010959,-92.088446720988,2007.576445967,-77.74560752075217,2006.568985921,-80.30799538864338,2008.554815574,-71.73162480951316,2024.218579,-74.81760427038286,2012.481121,-77.53929198395834,2007.280874,-75.8885096270928,2019.628395,-73.07193890860131,2009.7589,-74.53679442630899,2016.213781,-86.12208550328656,2017.338468,-85.93083237655316,2007.232410578,-76.21855859464613,2007.330711568,-84.03891517076026,2008.313069217,-85.0925589431866,2006.509166667,-72.9111630511883,,,2015.055556,-68.22049085773135,2006.93037,-84.47467732861428,2014.902921,-88.2274210034134,2012.386266,-83.2508682176486,2008.295044019,-69.73750971295851,2023.312329,-80.06899274699968,2006.284952435,-63.706369587900575,2003.95786,-75.74606015910594,2021.342574,-89.54892854460459,,,2013.90137,-84.91220047603845,2011.125543,-88.39648839640095
2006.317380137,-80.19580736000245,2014.004678,-86.76854815526089,2006.626484018,-71.4323543050802,,,2008.466302368,-78.69055967022808,2006.394606164,-84.14639065153527,2018.14756,-97.1921039645693,2008.095429189,-86.68582519933986,2023.024658,-91.84159005531225,2007.595395738,-78.70403721291487,2006.577231735,-80.49524365589151,2008.582418792,-71.28247378775733,,,2012.486825,-77.51943851469132,2007.280955,-75.88925027620525,2019.655773,-73.25347035801498,2009.8137,-73.94762775012931,2016.250342,-85.90488230028079,2017.362881,-85.18325176604979,2007.270753425,-76.53212131924174,2007.448548326,-84.75658978607095,2008.329538555,-84.8115253347152,2006.509179985,-72.91073996789655,,,2015.11482,-68.81641634391852,2006.94944,-84.48776280427262,2014.923512,-88.44793287518898,2012.405431,-82.80871188580034,2008.311409001,-69.764272946201,2023.375342,-80.94262846177726,2006.298325723,-63.76678129490972,2004.03994,-74.47457953957988,2021.361739,-89.07975457661932,,,2013.92055,-85.00112772232688,2011.144708,-88.05712155875148
2006.317399163,-80.19566451498103,2014.059207,-87.28307645308365,2006.639240868,-71.42087794045584,,,2008.485428051,-78.40728059709427,2006.404204718,-84.02979455202332,2018.181612,-96.93880668063184,2008.122552368,-86.9575117147651,2023.043836,-91.50978042992483,2007.614421613,-79.66631604570104,2006.588133562,-80.74280541457097,2008.609361718,-71.37478908293551,,,2012.495039,-77.49084868359724,2007.357951,-77.3391781243808,2019.681612,-73.42187485755107,2009.86849,-73.25958971220054,2016.288787,-85.43371225197235,2017.659424,-88.78371551298987,2007.309115297,-77.0227475110611,2007.467751142,-84.786662733098,2008.422102687,-81.97772501651045,2006.528312405,-72.2591047533821,,,2015.136037,-69.1682468163819,2006.96887,-84.54794756198152,2014.942677,-88.73490192768766,2012.42066,-82.44840829252925,2008.333145492,-69.79791810242519,2023.394521,-81.0659778107833,2006.317564688,-64.29881245269038,2004.19568,-71.62806573125414,2021.380904,-88.59299283363866,,,2013.93973,-85.12226018964361,2011.170546,-87.65485473173965
2006.355487062,-80.0349269952779,2014.081567,-87.46260730585135,2006.68325723,-71.18426035186535,,,2008.504553734,-78.12400152396383,2006.413774734,-83.9312012151999,2018.236369,-94.35053012005181,2008.144698695,-86.82038504680172,2023.043836,-91.50978042992483,2008.170271706,-88.75321165593014,2006.596362253,-81.01131563223998,2008.636748634,-71.6482710553512,,,2012.507188,-77.45564474586502,2007.358037,-77.34089802177625,2019.70899,-73.55077996209494,2009.92329,-72.57142609697287,2016.327116,-84.65469778564879,2017.677049,-89.24379417485218,2007.331084475,-77.23092403953653,2007.563555936,-86.09369448149329,2008.45736946,-80.93850237697613,2006.528340944,-72.25812185212533,,,2015.192677,-70.1626049947634,2006.98804,-84.65695713147511,2014.978041,-89.48445507686709,2012.442221,-81.92845336989485,2008.346801002,-69.8166378957684,2023.394521,-81.0659778107833,2006.331185312,-64.74468951492746,2004.3677,-70.3447414612689,2021.417694,-87.71618573947315,,,2013.9589,-85.2642227202456,2011.189369,-87.39138905407604
2006.355506088,-80.03495519639485,2014.101473,-87.5388241641736,2006.702996575,-71.0230856870932,,,2008.523679417,-77.84072245083001,2006.423373288,-83.83231387085982,2018.262207,-93.13002025445441,2008.160676609,-86.72145224824713,2023.043836,-91.50978042992483,2008.189492259,-88.05248160999207,2006.626921613,-82.22917163908167,2008.653250228,-71.76824518542499,,,2012.515516,-77.4682809237214,2007.358122,-77.34259792036711,2019.736369,-73.5743385882488,2009.97808,-71.85400165861178,2016.385809,-82.93808759634891,2017.69359,-89.67681463149279,2007.350190259,-77.16394186223154,2007.582753044,-86.647675491548,2008.517863919,-79.90981628026577,2006.547524734,-71.62611664168963,,,2015.222565,-70.59652145045042,2007.02907,-85.01234792857052,2015.017797,-90.46598361319334,2012.456138,-81.59314552896413,2008.346952793,-69.81684597998871,2023.446575,-81.23597761904821,2006.33119863,-64.74512548546538,2004.54802,-72.52470717045118,2021.436859,-87.3072873423552,,,2013.98082,-85.43698872179213,2011.208876,-87.13734024504039
2006.379946728,-80.12618688561936,2014.15372,-87.30529713311836,2006.715981735,-70.9149343650604,,,2008.5428051,-77.88815246191209,2006.432945205,-83.7514011526185,2018.316964,-90.95442665810893,2008.18284191,-86.25603583378793,2023.079452,-91.10058380122778,2008.227715164,-86.65897654400055,2006.635273973,-82.61758181143524,2008.669453931,-71.7403174451984,,,2012.572896,-77.73337362826912,2007.358206,-77.34427782014882,2019.764945,-73.44332702144133,2010.09589,-70.20740705977032,2016.405088,-82.32219253870437,2017.712641,-90.17556320896618,2007.407726408,-76.24757212277183,2007.601925419,-87.28744458663024,2008.599726776,-81.37955181313583,2006.566647641,-71.16794956941968,,,2015.239335,-70.79134030210584,2007.04553,-85.17036966904219,2015.036734,-90.88124483152103,2012.479068,-81.06527505275693,2008.365736946,-69.8425964252151,2023.473973,-81.29326991216983,2006.347971842,-65.39880720732508,2004.68464,-74.95627610204791,2021.456024,-86.99924632066993,,,2013.99726,-85.56608719517887,2011.233288,-86.81032324987373
2006.379965753,-80.12631029425489,2014.198267,-86.78782862773075,2006.721423135,-70.86961381423949,,,2008.619307832,-79.13306637604984,2006.442553272,-83.67453872405422,2018.34554,-90.0971998526607,2008.210040984,-85.60647918293658,2023.079452,-91.10058380122778,,,2006.654417808,-83.50782843056601,2008.762370978,-69.79377607291022,,,2012.590521,-77.85106345406567,2007.358288,-77.34591772231224,2019.792438,-73.162564250087,2010.20548,-70.31299578190827,2016.441764,-81.16556981780533,2017.733402,-90.73785763258235,2007.443339041,-75.21477220606435,2007.621177702,-87.93039172585476,2008.648622495,-83.53981586521917,2006.5666914,-71.16690114446051,,,2015.256617,-70.95511109962379,2007.06445,-85.3373523270693,2015.056013,-91.22353753870192,2012.494696,-80.74977016548318,2008.365763509,-69.8426328393712,2023.473973,-81.29326991216983,2006.38907344,-67.17142388084751,2004.85961,-74.96723206567063,2021.475189,-86.77502286312,,,2014.01644,-85.71001137520169,2011.244468,-86.6409832851581
2006.394012557,-80.21742708335479,2014.236711,-86.3564180132773,2006.740591705,-70.72903469591546,,,2008.638433515,-79.61774361182951,2006.452144216,-83.6018359372762,2018.400297,-88.72088967503848,2008.254079387,-84.56995624559886,2023.09863,-91.0076126565957,,,2006.664600457,-83.94730466463712,2008.78159912,-69.12487274889925,,,2012.620638,-78.0336360990481,2007.358372,-77.34759762209396,2019.819702,-72.76798299439601,2010.30411,-71.94788848475456,2016.480094,-80.58935883569966,2017.755021,-91.32344523007185,2007.520121766,-73.77369302435939,2008.119446342,-89.12225018982528,2008.667833561,-84.09596965317967,2006.585877093,-70.88301466982874,,,2015.32552,-71.3455626274224,2007.08409,-85.46621129698586,2015.093031,-91.52945135688915,2012.518139,-80.37049470768807,2008.390408698,-69.8367955412748,2023.493151,-81.34470961457419,2006.413833714,-68.0265246640654,2005.01265,-71.58768459168935,2021.514717,-86.65371908199157,,,2014.03562,-85.84502375150196,2011.318789,-85.12084338870568
2006.394037291,-80.21758752431013,2014.273387,-86.04419610022948,2006.754680365,-70.63395076727708,,,2008.65693306,-80.08655344903708,2006.461719939,-83.5425155078813,2018.428874,-88.19594442312459,2008.349258121,-83.06929944132142,2023.09863,-91.0076126565957,,,2006.673072679,-84.30245284405994,2008.937564511,-67.51209362006976,,,2012.648359,-78.15789000427155,2007.358452,-77.34919752664818,2019.845655,-72.34074538677997,2010.39726,-73.12859003818168,2016.519622,-80.68103035108543,2017.771334,-91.71665883437389,2007.654358828,-76.11678178038622,2008.138754174,-88.51612345775239,2008.690507362,-84.64445199960842,2006.585888508,-70.882985481134,,,2015.353297,-71.48591609616787,2007.1035,-85.5357310021801,2015.112082,-91.44763154303018,2012.536962,-80.19727732385421,2008.390440953,-69.83677777835845,2023.493151,-81.34470961457419,2006.413843227,-68.02685319733048,2006.33309,-68.08433158071026,2021.533882,-86.82554186550992,,,2014.05479,-85.97212651079344,2011.347251,-84.45358852084412
2006.41304414,-80.33344968670417,2014.314569,-85.6807532027528,2006.774001142,-70.51037148689184,,,2009.001940639,-77.16768241590368,2006.47130137,-83.48315971812583,2018.514945,-88.09782134877703,2008.354935109,-82.99434654429807,2023.158904,-92.03180086401883,,,2006.684265601,-84.77165040177645,2008.95654789,-67.47703727851348,,,2012.667409,-78.2190650473,2007.358528,-77.35071743597493,2019.872919,-71.9000080788274,2010.58904,-74.67355722548886,2016.558066,-81.33478735919363,2017.791753,-92.20884473434214,2007.75021309,-78.03897577961838,2008.177003643,-87.3131556348172,2008.727933364,-84.92531154741108,2006.605026636,-70.8340483830064,,,2015.370638,-71.59771312275028,2007.12218,-85.54725429677359,2015.130904,-91.24197044749788,2012.556013,-80.16813172445707,2008.406800243,-69.82776867279031,2023.545205,-81.49228733261924,2006.452304033,-68.40672822218474,2006.52761,-69.97122458993509,2021.553047,-87.10906631148383,,,2014.07397,-86.09407951685434,2011.358773,-84.2154596119919
2006.413070776,-80.33361061056793,2014.351359,-85.1160441604812,2006.798259132,-70.3460730047216,,,2009.040182648,-76.50076551799116,2006.48212519,-83.43009614461843,2018.57244,-89.45530491887651,2008.376844262,-82.68427257470923,2023.158904,-92.03180086401883,,,2006.692425799,-85.07812398034918,2009.342480974,-67.95026048653537,,,2012.68492,-78.26863596413877,2007.358604,-77.35223734530166,2019.89756,-71.54629319810115,2010.69315,-75.08497327981458,2016.594627,-82.31816103609563,2017.809778,-92.46015706686195,2007.826938737,-77.52367701282697,2008.19609707,-86.71151444316152,2008.790926685,-84.35727546634844,2006.60505137,-70.83398513699923,,,2015.392541,-71.75296702726205,2007.14115,-85.50922995457964,2015.176136,-90.14854841311109,2012.574721,-80.30242301133734,2008.406950137,-69.82768612575614,2023.545205,-81.49228733261924,2006.496025495,-67.9319637421474,2006.62076,-70.95073979289342,2021.572212,-87.51686922930818,,,2014.09315,-86.21282002850344,2011.366758,-84.07493415778374
2006.432102359,-80.40865868864385,2014.392541,-84.04790693041666,2006.812119482,-70.22892695291175,,,2009.193607306,-80.3457795105818,2006.490334855,-83.39444477834236,2018.598278,-89.8373246715985,2008.393533698,-82.38380576271035,2023.175342,-92.39263902243898,,,2006.703812785,-85.38489203699419,,,,,2012.715037,-78.36329261243944,2007.358684,-77.3538372498559,2019.928874,-71.15864146524795,2010.78904,-74.96194451919672,2016.633185,-83.46967257699869,2017.828715,-92.71766162969345,2007.870793379,-76.86557988872093,2008.236987705,-85.561681460278,2008.801571038,-84.23632999815908,2006.624208524,-71.11974632069631,,,2015.408853,-71.87996513675803,2007.16033,-85.42820198647514,2015.195073,-89.55601984847266,2012.595883,-80.67221930477871,2008.425954387,-69.78160083405292,2023.589041,-81.41675481166244,2006.515173135,-67.74508257527295,2006.80432,-71.32082153074717,2021.609001,-88.61684151431525,,,2014.11233,-86.3275787176399,2011.377824,-83.93073363760058
2006.432121385,-80.40868267184288,2014.426707,-82.93471543318586,2006.817437215,-70.18398209758601,,,2009.807305936,-77.45367377269837,2006.509598554,-83.33771896943318,2018.67066,-89.91581158409379,2008.404064208,-82.19422064021836,2023.175342,-92.39263902243898,,,2006.71178653,-85.5997065856158,,,,,2012.723136,-78.3938550632814,2007.358764,-77.35543715441013,2019.956252,-70.8351335452771,2010.88493,-74.4426629988746,2016.669975,-84.53338110625292,2017.848392,-92.70347784165433,2007.884471081,-76.74762121021364,2008.253360276,-85.24180378463836,2008.878415301,-84.63499290975926,2006.624229452,-71.1202053533892,,,2015.431155,-72.05496200500522,2007.17981,-85.31286665475851,2015.214466,-88.91956922589036,2012.615048,-81.18533428467451,2008.447802823,-69.70645162870697,2023.589041,-81.41675481166244,2006.534724125,-67.61688589747412,2006.95512,-69.4695740156374,2021.628166,-89.258755822344,,,2014.13151,-86.4332714500212,2011.386494,-83.82966343299199
2006.456900685,-80.40643481776871,2014.470626,-81.70629032006053,2006.831364155,-70.02888114042932,,,,,2006.51923516,-83.3209001811922,2018.744582,-89.97129354049949,2008.445061096,-81.48242076593353,2023.208219,-92.97208153457676,,,2006.722461948,-85.88730483450477,,,,,2012.781829,-78.83855725336463,2007.358843,-77.3570170601552,2019.983745,-70.4676655675898,2010.98082,-73.56223719054934,2016.708191,-85.64368651327531,2017.865619,-92.66338199159243,2007.903704338,-76.58264043580918,2008.27255806,-84.90864311710023,2008.902787265,-84.95069988524507,2006.643388508,-71.5404382043834,,,2015.445643,-72.16314354300648,2007.19875,-85.17854067547039,2015.233402,-88.29221585169452,2012.650412,-82.51237613609207,2008.485991576,-69.55321474829736,2023.630137,-81.03363009338207,2006.548232496,-67.78750011406237,2006.97156,-69.2573181328092,2021.647331,-89.8901852756065,,,2014.15068,-86.51991249814749,2011.503537,-87.30603310075873
2006.456923516,-80.40633072713692,2014.507302,-81.2790970091228,2006.839640411,-69.9312215513187,,,,,2006.531449772,-83.32879675639198,2018.770421,-90.57218828742086,2008.469664542,-81.07102497052449,2023.208219,-92.97208153457676,,,2006.742195586,-86.02763493251734,,,,,2012.801336,-79.07848518242703,2007.455008,-78.18430405279392,2020.111739,-68.21247598809532,2011.06301,-72.53338623877397,2016.750457,-86.8536001035243,2017.886608,-92.3482954385196,2007.974824962,-77.22957985474936,2008.291604053,-84.73431044599714,2008.924749545,-85.23519255040645,2006.643405632,-71.54081380051386,,,2015.48135,-72.35485254274909,2007.21798,-85.02515704555223,2015.26985,-87.15987748718464,2012.695643,-84.41804261582891,2008.505083106,-69.48663386896266,2023.684932,-80.24832703416712,2006.58130137,-68.45369867654897,2007.13594,-68.55736515424356,2021.703286,-91.32594308587971,,,2014.16986,-86.57340049362034,2011.514374,-87.94202349458992
2006.470650685,-80.3437460969163,2014.542666,-81.65583104789201,2006.850199772,-69.78579499677272,,,,,2006.538422755,-83.34356706026067,2018.825178,-92.18674486245158,2008.50487629,-80.89595134313558,2023.263014,-92.59246191432285,,,2006.769324581,-85.95209602293235,,,,,2012.820273,-79.37071010589196,2007.455094,-78.18481719666786,2020.13638,-68.03020712303264,2011.15068,-71.67443594366853,2016.785935,-87.77245747614187,2017.906915,-91.99300194374688,2008.076035974,-76.89795870265687,2008.348859669,-84.99614942780295,2008.941266318,-84.98126727889046,2006.662560883,-72.30108870661903,,,2015.506503,-72.41614387024131,2007.23696,-84.85332885111772,2015.327573,-85.56579577454067,2012.709104,-84.93730277093644,2008.521990741,-69.47679939948046,2023.684932,-80.24832703416712,2006.603236301,-69.22552820306066,2007.29473,-70.4869359809906,2021.722451,-91.59795384512536,,,2014.18904,-86.57696501953713,2011.52293,-88.44088114222552
2006.470675419,-80.34363333016607,2014.583505,-82.95005587274869,2006.855679224,-69.69979242268754,,,,,2006.554851598,-83.41109064371493,2018.986369,-90.88530745443991,2008.543436931,-81.11004644815388,2023.263014,-92.59246191432285,,,2006.780277778,-85.8177879123035,,,,,2012.838012,-79.67631041321667,2007.455177,-78.18531244017485,2020.161135,-68.0387961507162,2011.23288,-71.3941153916339,2016.824493,-88.09874707271506,2017.924425,-91.54694355954247,2008.114219035,-75.53331316115212,2008.368156117,-85.23180172792729,2008.95492752,-84.70482774767139,2006.662576104,-72.30169299163995,,,2015.523501,-72.40541263621411,2007.2562,-84.64953475839313,2015.34805,-85.021962381421,2012.767569,-86.6121930329253,2008.540680024,-69.46592861930884,2023.709589,-79.92099830521693,2006.619214231,-69.80952595202352,2007.43994,-71.83328317008825,2021.741616,-91.7808950896431,,,2014.20822,-86.51385596744518,2011.530915,-88.90511537108945
2006.489876332,-80.2240104767614,2014.623033,-84.59815789245326,2006.869492009,-69.48299427110133,,,,,2006.563070776,-83.47115250309488,2019.012207,-91.06793216563366,2008.543454007,-81.11035135105215,2023.320548,-91.08591541124648,,,2006.799587139,-85.45418606207367,,,,,2012.85672,-80.02588684762345,2007.455259,-78.18580171689194,2020.189825,-68.26609424625427,2011.40274,-71.52769073961925,2016.861168,-87.63337683657869,2017.945301,-91.01026758378028,2008.136152854,-74.61925924219632,,,2008.965714177,-84.4865557094882,2006.681759893,-73.08586976103628,,,2015.542552,-72.36423334694055,2007.29454,-84.10827810488969,2015.367215,-84.51642324659248,2012.783996,-86.88278890602149,2008.562869991,-69.56415617867228,2023.709589,-79.92099830521693,2006.619315068,-69.81328180326825,2007.67555,-73.04816820219759,2021.781144,-91.89245756820723,,,2014.2274,-86.3701130682919,2011.58687,-91.52030008968806
2006.489899163,-80.22384174737157,2014.655887,-85.88918120658263,2006.877939498,-69.32341013973364,,,,,2006.57532344,-83.57337824411216,2019.025896,-91.16468693270348,2008.584109366,-81.87661616306278,2023.320548,-91.08591541124648,,,2006.810273973,-85.198879903042,,,,,2012.867786,-80.24660177924808,2007.455339,-78.18627906003061,2020.214352,-68.5947527045135,2011.48493,-71.94716411231212,2016.899498,-86.39280033005765,2017.96287,-90.57320346743589,2008.15256527,-74.0302379124713,,,2009.050561263,-80.28484088864421,2006.720104642,-74.65626215287018,,,2015.56126,-72.29688007032519,2007.31371,-83.75338956033644,2015.405659,-83.57442539534485,2012.917922,-88.44630710320877,2008.579178051,-69.65684184180307,2023.780822,-79.44616526314528,2006.666002664,-71.09786833281672,2007.8098,-72.90261301653548,2021.800309,-91.92259353367632,,,2014.24658,-86.13714713094892,2011.597708,-91.8212187611168
2006.513968798,-80.07022326493453,2014.695415,-87.14465926707115,2006.888907915,-69.11612325097217,,,,,2006.583523592,-83.68237557710059,2019.053275,-91.55148905676879,2008.603198998,-82.44524655059067,2023.353425,-90.40443026228137,,,2006.818321918,-85.00661623298977,,,,,2012.897902,-80.8654168082071,2007.455417,-78.18674446958948,2020.238878,-68.97117855540549,2011.5726,-72.63186093356627,2016.939026,-84.42799479266228,2017.983973,-90.04870343749195,2008.171649211,-73.34533885164547,,,2009.072564688,-79.09044851606191,2006.720127473,-74.65703266466957,,,2015.583163,-72.1873077511961,2007.37353,-82.3590416201689,2015.520763,-83.85165876453254,2012.942335,-88.72913502998385,2008.598389117,-69.80118854503016,2023.80274,-79.35060895550767,2006.68516172,-71.35346739922299,2007.9606,-71.18463181362047,2021.819474,-91.96868268190963,,,2014.26575,-85.81373615171273,2011.605921,-92.03194386519148
2006.513989726,-80.07013186265888,2014.734202,-87.97227407065165,2006.908066971,-68.73469251267521,,,,,2006.59593417,-83.84733836106571,2019.092803,-92.4568571153692,2008.61968731,-82.93639039465627,2023.353425,-90.40443026228137,,,2006.837891933,-84.51479859206525,,,,,2012.908968,-81.0925051879974,2007.455495,-78.1872098791497,2020.262093,-69.31236730484872,2011.65479,-73.38147716738415,2016.977356,-82.50556699205207,2018.000515,-89.7529216381649,2008.229016773,-73.28641264975163,,,2009.111339422,-77.74014695967362,2006.739343607,-75.3055481904839,,,2015.597936,-72.11203270002243,2007.40961,-81.58084544519254,2015.539243,-84.53045525017927,2012.95899,-88.86643482954905,2008.619911202,-70.00382424542342,2023.80274,-79.35060895550767,2006.705751522,-70.88412236618996,2008.10552,-68.50797688277342,2021.837099,-92.08988218585456,,,2014.30411,-84.92876491386755,2011.614249,-92.15018207872127
2006.527810122,-80.00977178830291,2014.773273,-88.4196112533421,2006.913194444,-68.63065108027402,,,,,2006.606887367,-84.04487404511863,2019.167922,-91.90818992407347,2008.672074226,-84.48748264784098,2023.391781,-90.28019791162083,,,2006.846004566,-84.30892449366031,,,,,2012.92933,-81.50241564751906,2007.455573,-78.18767528870993,2020.311374,-69.85665170069971,2011.82466,-73.64568564205614,2017.01426,-81.26309239289834,2018.01871,-89.42875834429005,2008.343784153,-77.44791753501276,,,2009.149166667,-77.2189402564585,2006.758432268,-75.64764663340873,,,2015.617215,-72.01450698109358,2007.43132,-81.2821605239363,2015.558408,-85.46735256866087,2012.981121,-88.96921159182178,2008.639069141,-70.16575203898603,2023.821918,-79.25644815544179,2006.715203577,-70.66547695693072,2008.30486,-68.37616279368142,2021.856264,-92.2745605307939,,,2014.32329,-84.40185175683487,2011.625086,-92.30404225163716
2006.566103501,-80.20772969109326,2014.811717,-88.51230463129248,2006.926997717,-68.35892421624683,,,,,2006.61510274,-84.20134952044918,2019.230893,-90.11679483601378,2008.767239678,-86.4151834150547,2023.391781,-90.28019791162083,,,2006.857132801,-84.04741679353837,,,,,2012.951005,-81.90926154371468,2007.455653,-78.1881526318486,2020.337213,-70.05254300861348,2011.90685,-73.38700093675114,2017.05259,-80.62027916989902,2018.037076,-89.21868929354612,2008.362923118,-77.9560349173177,,,2009.486063546,-76.96586980383381,2006.758464612,-75.64814182235025,,,2015.635923,-71.93341621068862,2007.44646,-81.1933389447313,2015.595198,-87.44577646681817,2013.017569,-88.87309143826403,2008.65535633,-70.27115059143371,2023.821918,-79.25644815544179,2006.715214992,-70.66521290457909,2008.49338,-71.18449222029392,2021.875428,-92.52052161640145,,,2014.34247,-83.84977745801486,2011.632957,-92.34046630043433
2006.585306317,-80.53760389608742,2014.845883,-88.34090942081615,2007.003633942,-67.31519416069764,,,,,2006.624657534,-84.39254341195294,2019.270421,-89.47165833965182,2008.775861415,-86.5253697026306,2023.416438,-90.50558900427094,,,2006.876103501,-83.7128100995269,,,,,2013.029319,-82.77682495137118,2007.455739,-78.18866577572255,2020.361853,-70.22786451175237,2011.99726,-71.04730919469843,2017.12771,-81.14155936485714,2018.058294,-89.01096530419719,2008.420309654,-77.68210408920459,,,2009.513394216,-76.72238915283003,2006.777636986,-75.89329381250866,,,2015.656116,-71.85584372384791,2007.46971,-81.25120909368127,2015.614363,-88.48423933100716,2013.031372,-88.76473795312856,2008.655527095,-70.27225565528613,2023.852055,-79.0026582981005,2006.733274353,-69.9798334355781,2008.68737,-71.64938118698821,2021.894593,-92.84286655534045,,,2014.36164,-83.2987376847127,2011.644023,-92.36721329524279
2006.585332953,-80.53806146071409,2014.884213,-87.93862618628958,2007.022802511,-67.23282418309023,,,,,2006.634303653,-84.61778348526528,2019.28411,-89.7153600918613,2008.813892684,-86.73296606553883,2023.416438,-90.50558900427094,,,2006.895665906,-83.47617408737091,,,,,2013.104325,-82.40550048863687,2007.45582,-78.18914908564975,2020.386266,-70.43119526477093,2012.06831,-69.20862875810026,2017.172713,-81.97129435935904,2018.077573,-88.91024780811567,2008.439458106,-77.30887974845855,,,2009.590192161,-77.90860709054594,2006.777652207,-75.89325543407283,,,2015.672827,-71.80771559263883,2007.52478,-82.35068615088468,2015.708762,-91.56661667032401,2013.050765,-88.53384369558347,2008.67765255,-70.40673555861648,2023.879452,-78.69797171287601,2006.749575723,-69.1466934451825,2008.85961,-71.94468669478697,2021.913758,-93.17069790291924,,,2014.38082,-82.77333310053801,2011.652579,-92.35291469365778
2006.604476788,-81.0465652278214,2014.923626,-87.48768419190894,2007.028339041,-67.22831925225697,,,,,2006.643807078,-84.83969160642381,2019.297799,-89.98751116481304,2008.813905965,-86.7329875488855,2023.443836,-90.86346913418545,,,2006.903778539,-83.43833063806692,,,,,2013.137179,-81.95956451287942,2007.455904,-78.18965029594527,2020.410906,-70.6913048795438,2012.15847,-68.48757169511212,2017.210929,-82.74752667239811,2018.09383,-88.83659703816622,2008.4694767,-76.47514990797163,,,,,2006.796851218,-75.84484678738973,,,2015.692221,-71.75423967271877,2007.54386,-82.98854790154977,2015.728155,-91.63044793426839,2013.070044,-88.24803089103658,2008.696347526,-70.3673896958596,2023.953425,-77.89118328345447,2006.768666286,-68.12552571356588,2008.99349,-70.23842317134604,2021.934121,-93.50627884158051,,,2014.4,-82.29657217798605,2011.663188,-92.28800824546258
2006.604503425,-81.04731560030581,2014.96207,-87.26352671655823,2007.080336758,-67.35674336577041,,,,,2006.651997717,-85.03982574966514,2019.325178,-90.53183319172794,2008.852254098,-86.6840221400303,2023.443836,-90.86346913418545,,,2006.914459665,-83.38850579694746,,,,,2013.168607,-81.49403779735684,2007.586014,-77.40483861407897,2020.434235,-70.9904656131329,2012.24317,-68.52054778966367,2017.249259,-83.50372042143469,2018.113109,-88.77627302893933,2008.480413251,-76.17374977682707,,,,,2006.796860731,-75.84482280118279,,,2015.761636,-71.47555906818823,2007.56296,-83.68633962317844,2015.786391,-90.81378876435727,2013.087784,-87.9588850921607,2008.715571873,-70.32692970710883,2023.953425,-77.89118328345447,2006.793514079,-66.68443249951125,2009.04827,-69.19553970535816,2022.009241,-93.92237832682194,,,2014.41918,-81.88768361070402,2011.669861,-92.24718246274834
2006.643255327,-82.26772270385432,2015.004222,-87.47660004319644,2007.08581621,-67.38507263494387,,,,,2006.663099315,-85.31949615278279,2019.351016,-91.17183535541558,2008.871135018,-86.52830036219264,2023.473973,-91.11917436131826,,,2006.922697869,-83.3825357852791,,,,,2013.187201,-81.23737247386931,2007.586094,-77.40589564025304,2020.458762,-71.33926706989327,2012.32514,-68.76787981458115,2017.286049,-84.13688121628329,2018.132274,-88.7266571217344,2008.51592289,-75.32454506848755,,,,,2006.816017884,-75.71499434270899,,,2015.789471,-71.24885832592821,2007.58214,-84.40549292889729,2015.825178,-89.8159537752866,2013.131475,-87.21358143597902,2008.734545765,-70.1691438794959,2023.991781,-77.82679446157736,2006.793519787,-66.68410145361487,2009.20991,-67.5967273448812,2022.028406,-93.74435114776172,,,2014.43836,-81.56210405774627,2011.681041,-92.12908354414539
2006.665829528,-82.90935380963872,2015.03719,-87.91398482739898,2007.099524353,-67.46794788215597,,,,,2006.67266933,-85.55970143814493,2019.405773,-92.14178062357334,2008.917810792,-86.0990723771433,2023.473973,-91.11917436131826,,,2006.953833714,-83.64612861574811,,,,,2013.206823,-80.99273556728853,2007.586172,-77.40692624077285,2020.483402,-71.69134802439511,2012.40984,-69.34513565812289,2017.324379,-84.40467053123615,2018.153264,-88.6724380953088,2008.537790301,-75.0588375670119,,,,,2006.835157915,-75.47684205637348,,,2015.827916,-70.78495881378801,2007.6013,-85.11239310199213,2015.900183,-88.16081080371643,2013.145278,-86.97654428382259,2008.753749241,-69.9678990030806,2024.005464,-77.88505693832576,2006.812528539,-65.71084854281233,2009.40158,-68.80156637805737,2022.047571,-93.50482303524136,,,2014.47671,-81.20554610100713,2011.700206,-91.91402270667177
2006.665865677,-82.91038128002143,2015.0786,-88.54118533095479,2007.118892694,-67.6003303319849,,,,,2006.682267884,-85.79138547331618,2019.45899,-92.15921406967288,2008.917862022,-86.09855823992466,2023.482192,-91.16536757362425,,,2006.961272831,-83.76949425066074,,,,,2013.225988,-80.78285177911265,2007.58625,-77.40795684129264,2020.509127,-72.02346540281411,2012.4918,-69.94093611060762,2017.363906,-84.08711287408092,2018.196328,-88.537367695089,2008.556906497,-74.86076109280984,,,,,2006.835180746,-75.4765579787325,,,2015.84554,-70.50489331637908,2007.62065,-85.7930314076292,2015.92066,-87.93891789572608,2013.17066,-86.53311761215198,2008.772873027,-69.74691456632995,2024.030055,-78.00153996107846,2006.865270167,-63.60893635874138,2009.56596,-69.8520388118566,2022.066736,-93.21163807918849,,,2014.49589,-81.18967509853292,2011.711271,-91.78299986247373
2006.684977169,-83.26176127069162,2015.112538,-88.78497454186133,2007.124543379,-67.6450301607318,,,,,2006.691856925,-86.02283988949404,2019.514945,-91.78167795113221,2008.991702717,-85.73636502818235,2023.482192,-91.16536757362425,,,2006.991324201,-84.27510141607672,,,,,2013.242073,-80.63108861783445,2007.586328,-77.40898744181244,2020.53411,-72.28801372886423,2012.56831,-70.9652511167196,2017.402236,-83.36897621875313,2018.21709,-88.45002067856144,2008.595119915,-75.02956424559684,,,,,2006.854356925,-75.23903753793046,,,2015.883528,-69.79594561031386,2007.65881,-86.99931263905809,2015.939825,-87.89403909907851,2013.189825,-86.18092971561943,2008.791974044,-69.50085217204602,2024.030055,-78.00153996107846,2006.871489726,-63.40712086234424,2009.71665,-71.06334119148775,2022.084361,-92.92194657590177,,,2014.51507,-81.28810827151632,2011.719827,-91.69075099391064
2006.685024734,-83.26249047301164,2015.150868,-88.6749956398389,2007.143493151,-67.79924203882115,,,,,2006.701455479,-86.23658173742304,2019.569702,-91.51120649724169,2009.005287291,-85.78218654721613,2023.50137,-91.14990156171176,,,2007.010216895,-84.61385959542635,,,,,2013.262778,-80.45744143682955,2007.586406,-77.41001804232924,2020.558408,-72.49055590196038,2012.65847,-72.17231216692093,2017.439026,-82.48333167738517,2018.252397,-88.19964899101838,2008.614308212,-75.36938418715117,,,,,2006.854374049,-75.23882582433306,,,2015.92625,-68.88119097275606,2007.67798,-87.53733667486325,2015.977927,-88.09117117063462,2013.20899,-85.80356946664693,2008.811171828,-69.26712586120027,2024.043716,-78.0794764814089,2007.181392694,-68.6408464149475,2009.86197,-72.00558021238918,2022.103526,-92.62784301490889,,,2014.53425,-81.50190804105989,2011.727813,-91.60913031694896
2006.705812405,-83.43609845958834,2015.201119,-88.0773376110915,2007.201617199,-68.44856100513144,,,,,2006.711035008,-86.43318633111174,2019.728155,-89.62253886447104,2009.062851979,-86.15698536593301,2023.50137,-91.14990156171176,,,2007.018550228,-84.76328162676995,,,,,2013.31993,-79.94736927122969,2007.586486,-77.41107506850331,2020.583163,-72.66177345636702,2012.73224,-72.72009744602926,2017.477356,-81.62700675733026,2018.273044,-87.91562963059715,2008.671757362,-76.72313685976123,,,,,2006.873508371,-75.00225748931433,,,2015.945301,-68.46321568650495,2007.6972,-88.03506897326317,2015.997092,-88.35663495753833,2013.249944,-84.88728282088219,2008.832915908,-69.08458921796667,2024.043716,-78.0794764814089,2007.201436327,-68.37158798173525,2010.04827,-69.34046829118147,2022.122691,-92.3603615907875,,,2014.55342,-81.8283666594338,2011.738878,-91.50414145859206
2006.722656012,-83.39225282150528,2015.233745,-87.59596433349763,2007.259284627,-69.31714979850771,,,,,2006.731537291,-86.80070769403216,2019.789586,-91.53247873008971,2009.11749239,-86.25663751668468,2023.539726,-90.89279850426068,,,2007.029699391,-84.90451383889713,,,,,2013.340636,-79.69321160487964,2007.586566,-77.41213209467739,2020.603297,-72.79589096562617,2012.81421,-73.11854241873556,2017.536163,-81.12050640722644,2018.349192,-86.20287830125613,2008.688091985,-77.15973316040952,,,,,2006.873523592,-75.00206930356988,,,2015.964466,-68.06237675121842,2007.7354,-88.92933028772347,2016.015059,-88.63211032448302,2013.264831,-84.52143593082974,2008.849157559,-68.94824422410382,2024.068306,-78.16887069714043,2007.225136986,-67.92962096334541,2010.19896,-67.37057880376327,2022.453514,-88.8301159008705,,,2014.5726,-82.26064677101313,2011.747092,-91.44459943413602
2006.722684551,-83.39217853155887,2015.270649,-87.0962783445153,2007.277682648,-69.58910787052241,,,,,2006.739802131,-86.92796348151138,2019.842803,-93.66822082673188,2009.15069825,-86.0532154158658,2023.578082,-90.73446643743962,,,2007.056915906,-85.19449970204029,,,,,2013.414672,-78.47409205898579,2007.586644,-77.41316269519719,2020.630904,-72.9974571386535,2012.90437,-72.68074982170126,2017.574379,-81.13419917798448,2018.369839,-85.59176585654245,2008.726354736,-78.02815996221527,,,,,2006.892728311,-74.88971552427451,,,2016.130904,-67.38170120130711,2007.75747,-89.38078666712521,2016.033996,-88.93891954702146,2013.287304,-83.96590028304382,2008.868586825,-68.90407869516315,2024.095628,-78.15161678156237,2007.273995434,-66.84799341410584,2010.39062,-69.23223691290892,2022.472679,-88.43705475619178,,,2014.59178,-82.7860741859603,2011.759241,-91.36002902973388
2006.744746956,-83.0003648984512,2015.308865,-86.52306254867379,2007.387186073,-70.51712206917934,,,,,2006.759006849,-87.15523793096463,2019.89756,-94.01002624186124,2009.158578767,-85.96154072000502,2023.578082,-90.73446643743962,,,2007.0956621,-85.17847202583776,,,,,2013.435034,-78.13098186011818,2007.586724,-77.41421972137127,2020.655545,-73.20583923205604,2012.99454,-70.4130184420639,2017.600103,-81.14660926788757,2018.388889,-85.04002454503872,2008.745550622,-78.36943573112188,,,,,2006.911891172,-74.8131340974283,,,2016.149841,-67.6769308485808,2007.77386,-89.67156781090505,2016.072326,-89.41497151967263,2013.308865,-83.4511866745107,2008.88757969,-68.8806704373257,2024.122951,-77.89802791440002,2007.413951674,-69.97066652710011,2010.5687,-71.28935444207288,2022.491844,-88.1185590006219,,,2014.61096,-83.38627331023818,2011.767226,-91.3259810109365
2006.758894597,-82.65452567643791,2015.351244,-85.58522143403161,2007.392694064,-70.55224300979089,,,,,2006.778148782,-87.32127941116153,2020.009469,-92.55281062174856,2009.172269787,-85.76443711936199,2023.646575,-91.99367441643379,,,2007.163584475,-84.13834320081558,,,,,2013.445758,-77.96242731071894,2007.586806,-77.41530317319962,2020.678645,-73.41383155426615,2013.09315,-68.50852206731957,2017.630333,-81.16080747387537,2018.406801,-84.52930752518074,2008.786407104,-78.46135315323816,,,,,2006.931065449,-74.8252155120421,,,2016.173741,-68.07888998152009,2007.79595,-89.98845975316858,2016.087213,-89.53806761847697,2013.34246,-82.75133410454109,2008.887824454,-68.88036877147249,2024.122951,-77.89802791440002,2007.581185312,-67.93198738281286,2010.74679,-71.88492833678228,2022.512207,-87.8711556480558,,,2014.63014,-84.03749267073138,2011.77852,-91.27782342492473
2006.75891933,-82.65377628045349,2015.392198,-84.23784764709735,2007.431421233,-70.87359751216265,,,,,2006.787775875,-87.38269117720607,2020.023159,-92.62110542905315,2009.210513699,-85.22599944529924,2023.646575,-91.99367441643379,,,2007.172264079,-83.94536742630478,,,,,2013.453971,-77.85276807336399,2007.586887,-77.41637341219933,2020.7034,-73.61988831806853,2013.26849,-68.44028653406552,2017.667123,-81.1652686301232,2018.424425,-84.20628022609715,2008.802840392,-78.22251802048588,,,,,2006.931097793,-74.82523589149491,,,2016.192791,-68.41071962437802,2007.81225,-90.16216865255187,2016.128509,-89.43975220161272,2013.364591,-82.38894751338697,2008.903855495,-68.89829957607778,2024.142077,-77.67029209914897,2007.690780061,-70.67415052935539,2010.93594,-70.29409777748545,2022.531372,-87.7485668674538,,,2014.64932,-84.71196253689429,2011.83379,-91.14965766477984
2006.779828767,-82.02023210157714,2015.423512,-83.05830646022052,2007.463964992,-71.35387878038827,,,,,2006.826227169,-87.58415715834649,2020.108887,-94.15209469636225,2009.23277968,-84.95817725521158,2023.761644,-94.8407101982432,,,2007.191038813,-83.52354826988456,,,,,2013.526353,-77.43334418796046,2007.677595,-78.44464201632123,2020.727927,-73.76703714473842,2013.3589,-69.20155770818988,2017.746407,-82.16749681135525,2018.443705,-83.85290038460933,2008.824654675,-77.90189244392171,,,,,2006.950247336,-74.84861368714976,,,2016.28719,-69.73449678488073,2007.85112,-90.30767114834042,2016.147331,-89.26822898788058,2013.437201,-81.75565698950975,2008.904219794,-68.8995584433431,2024.142077,-77.67029209914897,2007.748192542,-70.47068469347423,2011.09211,-68.46311393714112,2022.550537,-87.83618467721634,,,2014.66849,-85.37979181170341,2011.842232,-91.1241265448304
2006.779931507,-82.0170996002578,2015.46458,-81.71342398345001,2007.617399163,-73.24004454013998,,,,,2006.83445586,-87.63029937596173,2020.122919,-94.24698215695616,2009.246128234,-84.79761666878167,2023.769863,-94.84968554763596,,,2007.202151826,-83.27023780923969,,,,,2013.720284,-80.27763104257977,2007.67769,-78.44546794095419,2020.753765,-73.82358636656912,2013.45205,-69.9859002573524,2017.824379,-84.4316837747888,2018.464123,-83.8214080653971,2008.882026032,-76.75139917245357,,,,,2006.969440639,-74.88055319568706,,,2016.325634,-70.21590637118317,2007.86724,-90.25764313745292,2016.303047,-88.26481942538665,2013.454199,-81.6979995705374,2008.944947253,-69.04303825357314,2024.161202,-77.36040194276032,2007.786662861,-69.928736562672,2011.28377,-68.47897541242739,2022.569702,-88.06149479623622,,,2014.68767,-86.01320456658807,2011.852841,-91.07604558766197
2006.796375571,-81.50009147561049,2015.501256,-81.1395282433542,2007.622802511,-73.17020518486281,,,,,2006.883761416,-88.04588664565577,2020.136266,-94.2489492450351,2009.265186454,-84.61085089583231,2023.769863,-94.84968554763596,,,2007.21042618,-83.0816318548295,,,,,2013.739335,-80.58926072302921,2007.677768,-78.44614606854871,2020.778406,-73.76678873289823,2013.54247,-70.18038314244689,2017.858659,-85.05384384792133,2018.48192,-83.80446651978264,2008.898937462,-76.48213437440194,,,,,2006.969450152,-74.88056902623735,,,2016.345883,-70.4989875152063,2007.91333,-89.91634203086922,2016.322097,-88.33854618802853,2013.481235,-81.66355006513108,2008.96421524,-69.11959932943695,2024.161202,-77.36040194276032,2007.811434551,-69.66266867975045,2011.49747,-70.14525683200934,2022.587327,-88.37841026623136,,,2014.70685,-86.58740484777083,2011.861625,-91.02968983439249
2006.796400304,-81.49931385993686,2015.5397,-81.47039637193483,2007.737871005,-70.81895688220074,,,,,2006.902929985,-88.27152205058162,2020.150297,-93.73820711029926,2009.292697869,-84.43079516568332,2023.8,-94.55479950641339,,,2007.221232877,-82.85008964591614,,,,,2013.76004,-80.89345887230589,2007.677843,-78.44679811431179,2020.802932,-73.6150698714423,2013.63014,-70.32503471980752,2017.896875,-85.25324338745267,2018.502397,-84.11471071652137,2008.91805935,-76.47765144821354,,,,,2006.988584475,-74.81921312986573,,,2016.367672,-70.86782859354341,2007.9466,-89.59362488282959,2016.342803,-88.38315812671757,2013.494354,-81.67343316221918,2008.999857696,-69.2385402465492,2024.177596,-77.10040090618187,2007.879138128,-69.33359658497504,2011.66185,-70.73913203070852,2022.606492,-88.94085342231412,,,2014.71507,-86.8022847920586,2011.872348,-90.96034974710723
2006.815856164,-80.95650969515661,2015.578144,-82.69802055207967,2007.757039574,-70.55526809225496,,,,,2006.995966514,-89.05468557255476,2020.173398,-92.8973080970722,2009.407562785,-82.94107378610614,2023.819178,-94.32730397644377,,,2007.2295586,-82.68418874495634,,,,,2013.779205,-81.13889980020993,2007.677921,-78.44747624190633,2020.850902,-73.18411913692442,2013.72329,-69.95861415287075,2017.936288,-84.96879699069466,2018.521448,-84.41953549824555,2008.994093427,-77.75243429837182,,,,,2007.161219559,-72.19879096610771,,,2016.399955,-71.4794476576828,2007.96467,-89.4275080843199,2016.361739,-88.37956078653112,2013.518368,-81.76434401740418,2008.999962052,-69.23881029994936,2024.210383,-76.65117726187756,2007.920458524,-68.91468762615308,2011.8098,-70.20934684674808,2022.625657,-89.58874077351669,,,2014.72603,-87.0845731249156,2011.880676,-90.89375330532546
2006.815880898,-80.9559314829118,2015.620295,-84.64033475990048,2007.790249239,-70.30662423660694,,,,,2007.027587519,-88.85118160682491,2020.200662,-91.83869367785532,2009.421472603,-82.66477632735361,2023.827397,-94.23352823710849,,,2007.249495814,-82.28917577740967,,,,,2014.007074,-81.79522171357729,2007.678,-78.44816306344535,2020.875771,-72.97335491022898,2013.8137,-69.43630356411174,2017.974618,-84.40364615317044,2018.59805,-86.34437816354686,2009.013314307,-78.29895576536822,,,,,2007.218730974,-72.66693335779208,,,2016.44302,-72.34815588383837,2007.99004,-89.2219818819927,2016.38079,-88.26853636093668,2013.533882,-81.86965453579923,2009.021537291,-69.29464289843436,2024.210383,-76.65117726187756,2007.920468037,-68.91451185299064,2012.00989,-68.59574476201102,2022.663987,-91.07074245280083,,,2014.74521,-87.4952578088964,2011.891513,-90.80215888260005
2006.873495053,-80.30744061129093,2015.655887,-86.33196143743886,2007.795395738,-70.28223873165683,,,,,2007.200171233,-84.65817948012646,2020.214466,-91.23365457376647,2009.438476027,-82.31799512819765,2023.827397,-94.23352823710849,,,2007.287096651,-81.71258702466164,,,,,2014.045518,-81.83094568645545,2007.678078,-78.4488411910379,2020.900183,-72.80591173526402,2013.90411,-69.13878793228679,2018.011522,-84.02255859973155,2018.615733,-86.6895177370622,2009.032435312,-78.72700161182314,,,,,2007.21874239,-72.66714219616118,,,2016.478041,-72.95788489312889,2008.00647,-89.09889768180672,2016.436859,-87.61074965449151,2013.555784,-82.1315716658535,2009.059912481,-69.38514997967206,2024.234973,-76.49387496904716,2007.953906012,-68.29222523815535,2012.1547,-67.90787267098005,2022.681612,-91.74095203867888,,,2014.76438,-87.81866140274582,2011.899727,-90.7155427431887
2006.892635084,-80.43118736730815,2015.692791,-87.81167402496833,2007.828510274,-70.1506412335354,,,,,2007.209722222,-84.37169141763408,2020.238764,-90.16865601166526,2009.607553272,-83.98720065183635,2023.849315,-94.01480832695559,,,2007.325152207,-81.22653508043275,,,,,2014.064569,-81.8407791031706,2007.67816,-78.44955409440642,2020.926022,-72.66060124990554,2014.0137,-68.9430200347642,2018.052476,-83.91780574054849,2018.634669,-87.0591135615294,2009.070810502,-79.26687549053267,,,,,2007.237817732,-73.04142059901292,,,2016.497206,-73.23380441212376,2008.04239,-88.81139278361039,2016.475303,-87.15758181437376,2013.574721,-82.47070922625103,2009.06000761,-69.38537046632865,2024.248634,-76.42203911750909,2008.038384183,-67.61076274436668,2012.25294,-67.82253186125561,2022.700777,-92.42828553905834,,,2014.78356,-88.06246889968341,2011.910792,-90.59886297905614
2006.911719939,-80.71861229020246,2015.728383,-88.84468191060165,2007.833751903,-70.12862329753224,,,,,2007.219434932,-84.07563001421114,2020.251256,-89.69013184356767,2009.772052892,-87.40637394638303,2023.849315,-94.01480832695559,,,2007.336314688,-81.08345673554682,,,,,2014.084589,-81.83828381264243,2007.67824,-78.45024960988795,2020.950548,-72.51626048287504,2014.11781,-68.46929600961941,2018.086642,-83.99045079502392,2018.656915,-87.39232984851866,2009.109153349,-79.18294519138988,,,,,2007.259847793,-73.65737314032535,,,2016.593259,-73.40673998306676,2008.06153,-88.62049548296925,2016.49424,-87.04964443224904,2013.593145,-82.89112743576868,2009.095675419,-69.50390221351917,,,2008.038391773,-67.61091838737488,2012.436,-70.54157801597546,2022.719942,-93.01417465550131,,,2014.80274,-88.23959773803045,2011.920432,-90.47989322765457
2006.936421233,-81.16197376695926,2015.767911,-89.58252756589627,2007.872136606,-69.89833258741687,,,,,2007.257568493,-82.89196478828828,2020.289586,-89.35487555993234,2010.193974505,-85.91103587380138,2023.876712,-94.01576655013311,,,2007.344670852,-80.97634917453576,,,,,2014.101473,-81.81643099344022,2007.678322,-78.45096251325646,2020.975303,-72.31546270228166,2014.21644,-67.917249190084,2018.124972,-84.15942215817905,2018.671688,-87.60872475693537,2009.131021689,-78.94615320394287,,,,,2007.259857306,-73.65763912036331,,,2016.650412,-72.92787679336783,2008.08076,-88.38945129282766,2016.517226,-87.11663954681481,2013.609344,-83.32141715590299,2009.117865297,-69.59196988769851,,,2008.062981937,-68.11517228715064,2012.62726,-71.90683292283022,2022.778634,-94.12932354278176,,,2014.82192,-88.36602338268561,2011.931383,-90.34319795736262
2006.974366438,-81.7769154553862,2015.806355,-89.85952974961924,2007.885930365,-69.77686828941621,,,,,2007.28636796,-82.02049110808883,2020.303275,-89.2351436719429,,,2023.90411,-94.26173772081435,,,2007.41321347,-79.68314894490034,,,,,2014.120295,-81.77623974657122,2007.678406,-78.45169280451196,2020.99983,-72.02119465831927,2014.29589,-68.50079724115655,2018.169861,-84.29283507525648,2018.690853,-87.88431627439483,2009.185799087,-78.37301897996602,,,,,2007.314630898,-75.58165619930035,,,2016.670889,-72.71909468893902,2008.11892,-87.81160069639421,2016.533653,-87.28716690592262,2013.62828,-83.87625575538867,2009.155949391,-69.79137263745608,,,2008.286919399,-67.53606039780361,2012.81578,-71.69458005737026,2022.797799,-94.29008027810383,,,2014.8411,-88.45733637272612,2011.942335,-90.19604340727628
2006.988544521,-81.91690056299934,2015.843145,-89.72146931505088,2008.02003643,-68.20560192587483,,,,,2007.334303653,-80.83751160403664,2020.330653,-89.6200652518559,,,2023.90411,-94.26173772081435,,,2007.462157534,-78.40241935499215,,,,,2014.203743,-81.39410719333769,2007.678488,-78.45240570788047,2021.022816,-71.64485922708604,2014.38356,-69.53624196371993,2018.213781,-84.4139158955849,2018.709903,-88.15736287222863,2009.204996195,-78.31624249665586,,,,,2007.468049848,-77.97316524221793,,,2016.68743,-72.54631180987826,2008.15736,-87.13434074538429,2016.552818,-87.59473011500518,2013.644479,-84.37555304715507,2009.213527397,-70.07487865741602,,,2008.415437158,-69.08639694054195,2012.9853,-70.06732588327364,2022.816964,-94.416894218652,,,2014.86027,-88.52578353308172,2011.950548,-90.08390923059596
2006.988574962,-81.91720111750067,2015.881703,-89.23050867678064,2008.02547245,-68.16185978655044,,,,,2007.363070776,-80.39854281648026,2020.347822,-89.91975686278002,,,2023.923288,-94.48179763207546,,,2007.475962709,-78.04491393112853,,,,,2014.223022,-81.25716088518527,2007.777434,-78.69607519638028,2021.047457,-71.15148332842477,2014.47123,-70.45253775178143,2018.246407,-84.5747840708588,2018.730665,-88.50955606448503,2009.254322679,-78.9507728219169,,,,,2007.509178082,-76.10077749728192,,,2016.706366,-72.34499823527887,2008.19837,-86.46130632858637,2016.572097,-88.09685600926942,2013.66661,-85.040195578508,2009.23238204,-70.14922619075037,,,2008.458025956,-69.12824889270175,2013.15512,-67.90525558209636,2022.853754,-94.59275561446731,,,2014.87945,-88.57842806238894,2011.958648,-89.97164300533795
2007.051156773,-82.10650640488804,2015.921345,-88.54451309873572,2008.077385018,-67.94278807115818,,,,,2007.382267884,-80.26770179962895,2020.361968,-90.16668082621034,,,2023.923288,-94.48179763207546,,,2007.574800228,-77.81522145633382,,,,,2014.241959,-81.10079223354477,2007.77751,-78.69579577116177,2021.095312,-70.13697896362926,2014.55616,-71.20192224331096,2018.286049,-84.76268549506855,2018.748233,-88.81533908200362,2009.262549467,-79.11452143410295,,,,,2007.602334475,-72.15313308555739,,,2016.803503,-71.20500549032812,2008.23366,-85.96336436058536,2016.589722,-88.62157046034667,2013.686745,-85.57113940524094,2009.270709665,-70.27852073965569,,,2008.497744004,-68.66627594916385,2013.26733,-68.23131025091858,2022.872919,-94.67329332756545,,,2014.89589,-88.61087232855522,2011.969257,-89.8214402679126
2007.161286149,-82.02240205819491,2015.959218,-87.97398065988881,2008.082849499,-67.94173521933455,,,,,2007.391828387,-80.2411126909099,2020.392198,-90.47970428552551,,,2023.942466,-94.71437967983032,,,2007.585416667,-78.15326837184838,,,,,2014.259812,-80.93119999334613,2007.777588,-78.6955089926472,2021.120067,-69.72784981744208,2014.6411,-71.7529825483418,2018.321527,-84.87011124936781,2018.76871,-89.20567870004061,2009.281733257,-79.49636170869839,,,,,2007.854375951,-76.02164674687184,,,2016.825406,-70.91933389501695,2008.25268,-85.69953145532479,2016.608887,-89.25355681520729,2013.703172,-85.90214257791357,2009.350294901,-70.47511873307971,,,2008.497753491,-68.66618205677618,2013.45364,-69.11087133427124,2022.892084,-94.74763335078973,,,2014.92329,-88.6329168922685,2011.977813,-89.70025355761179
2007.180047565,-81.90495930973775,2016.002055,-87.66252789109566,2008.096653005,-67.94138050940886,,,,,2007.411006469,-80.26055287638086,2020.417922,-90.73039193314456,,,2023.942466,-94.71437967983032,,,2007.593864155,-78.46784423410995,,,,,2014.278748,-80.71548244999624,2007.777742,-78.69494278891328,2021.144708,-69.48108639151454,2014.73151,-71.37339078658604,2018.361168,-84.6704948569577,2018.809207,-89.93426976756611,2009.301149163,-79.74039941098694,,,,,2007.93401446,-75.47401314096292,,,2016.897331,-69.93472904321924,2008.29098,-85.06377169974061,2016.628166,-89.93108647822305,2013.722223,-86.17585716355363,2009.465477549,-70.22438557568333,,,2008.620590468,-70.923069440216,2013.6098,-69.81222087825823,2022.911249,-94.80302154423507,,,2014.93699,-88.62584950711552,2011.98865,-89.5458553798444
2007.319996195,-80.00463044706792,2016.034452,-87.65388807495158,2008.121110352,-67.99716089643722,,,,,2007.449391172,-80.63859325788445,2020.445301,-90.7243977163904,,,2023.986301,-94.88495712445649,,,2007.651141553,-81.16283042972374,,,,,2014.295175,-80.48900251833673,2007.77782,-78.69465601039872,2021.17317,-69.42362350673115,2014.81096,-71.03981523663062,2018.399498,-84.21220350291804,2018.843944,-90.39634580310181,2009.320108447,-79.95597875173274,,,,,2008.103424787,-75.24796299779928,,,2016.914329,-69.70016102781554,2008.31001,-84.62574344651986,2016.647217,-90.57627247483698,2013.747434,-86.33622973653046,2009.481830289,-70.15168872098442,,,2008.644820128,-71.89123348009205,2013.82361,-70.53239653446991,2022.950777,-94.7778958575026,,,2014.95616,-88.58112235272309,2011.996407,-89.43533893941344
2007.333795662,-79.98687292468094,2016.073125,-87.75336282183522,2008.153935185,-68.20308261323379,,,,,2007.509503425,-81.7706343618654,2020.494582,-90.73273890654852,,,2023.986301,-94.88495712445649,,,2007.66222793,-81.75584172248219,,,,,2014.31434,-80.19271086651351,2007.7779,-78.69436187858892,2021.192335,-69.51100982277099,2014.89863,-70.21017051943132,2018.439026,-83.76213179482828,2018.864363,-90.5902790774569,2009.511883562,-72.5798426714835,,,,,2008.179912341,-74.58304249211469,,,2016.93184,-69.46693312159451,2008.33157,-84.01589311463881,2016.66758,-91.22319026382124,2013.770307,-86.29236540161378,2009.542064307,-70.05409073126991,,,2008.667148604,-72.45061432377946,2013.9606,-67.82460957846757,2022.969942,-94.68553899193815,,,2014.97534,-88.49366942811541,2012.006275,-89.29533372606944
2007.396765601,-80.52253378867943,2016.109686,-87.72702442890882,2008.173060868,-68.41130527617598,,,,,2007.535644977,-82.43329189611177,2020.519964,-90.85578917138768,,,2024.002732,-94.69586166021581,,,2007.815677321,-85.07353787039851,,,,,2014.337441,-79.78364815851026,2007.777978,-78.69407510007434,2021.2115,-69.67010385736221,2014.98082,-69.38026923570851,2018.474618,-83.52438279386045,2018.881932,-90.64611235283998,2009.550243531,-71.91218841582842,,,,,2008.199053203,-74.51006386016151,,,2016.953629,-69.18805681483248,2008.3512,-83.34775820538982,2016.684121,-91.68371850047204,2013.786734,-86.17813443189179,2009.693251522,-70.98371442351659,,,2008.685927064,-72.73926380559413,2014.15512,-66.75187677090926,2022.989106,-94.49799920033465,,,2014.99452,-88.36115097583983,2012.014602,-89.17738422528609
2007.434556697,-80.85197178348972,2016.14813,-87.40822729003455,2008.181238616,-68.52125098685303,,,,,2007.593188737,-84.20719017444539,2020.53411,-90.92436804800931,,,2024.002732,-94.69586166021581,,,2007.824162861,-84.96742573786086,,,,,2014.584932,-78.64443224995252,2007.778058,-78.69378096826455,2021.230665,-69.88167164481203,2015.07671,-68.88879536791293,2018.514146,-83.66005000676982,2018.901325,-90.69240929555181,2009.665321537,-75.70883618027008,,,,,2008.237295082,-74.50124210359006,,,2016.977698,-68.91212654071735,2008.36601,-82.788313588625,2016.7034,-92.1175799789169,2013.806127,-86.00266708078661,,,,,2008.710179493,-72.61863446298757,2014.27555,-68.21244095994078,2023.006731,-94.28594024068973,,,2015.0137,-88.18707133951696,2012.033539,-88.91082701094376
2007.448814688,-80.87098518073603,2016.190282,-86.8221788078946,2008.192233986,-68.68809745151256,,,,,2007.621860731,-85.18278228732375,2020.622919,-91.76655237769172,,,2024.019126,-94.46567464323513,,,2007.835173135,-84.82974167132433,,,,,2014.606948,-78.94314918744536,2007.778136,-78.69349418975081,2021.249944,-70.11040745383079,2015.2274,-68.63051387819469,2018.55259,-84.14236832274615,2018.921688,-90.69169102901635,2009.87619863,-81.38977152908917,,,,,2008.237302672,-74.50126015072107,,,2016.994811,-68.76423557264987,2008.39153,-81.7590216990546,2016.722223,-92.45791503128181,2013.819588,-85.87042402686423,,,,,2008.748668033,-71.72538046428136,2014.42624,-69.82092559247381,2023.025896,-94.01364698995445,,,2015.03288,-87.9809164631468,2012.089722,-88.15209366186527
2007.50891933,-80.57049612261483,2016.228612,-86.33948789475022,2008.197745902,-68.77173662855573,,,,,2007.650742009,-86.12511319095533,2020.658169,-92.04877424716159,,,2024.038251,-94.08145582269083,,,2007.873744292,-84.35106284529094,,,,,2014.62349,-79.15071619089811,2007.778216,-78.69320005794101,2021.267569,-70.30718745593629,2015.39178,-69.16127564697554,2018.589152,-84.50472131187001,2018.940624,-90.6819974019331,2009.914589041,-80.71793359153703,,,,,2008.256418868,-74.55906320498083,,,2017.014945,-68.62199593298973,2008.40553,-81.19056141421723,2016.741502,-92.69097306434196,2013.837327,-85.71984059418497,,,,,2008.789754098,-70.44429296874772,2014.65638,-71.84219968588611,2023.045061,-93.70820891924777,,,2015.05205,-87.75707044285528,2012.139232,-87.6336794960232
2007.530781963,-80.47251408055139,2016.265173,-86.09943151087936,2008.21129326,-69.01238951389892,,,,,2007.662947108,-86.4828637332811,2020.67066,-92.2459331961014,,,2024.068306,-93.43410818336653,,,2007.891638128,-84.23355032810072,,,,,2014.642198,-79.35224947276498,2007.846975,-79.08808741638842,2021.286734,-70.50118883451792,2015.53425,-69.49531035191922,2018.665925,-84.57115859576021,2018.959903,-90.70717553670401,2010.01049277,-80.03253337818231,,,,,2008.25642456,-74.55911114745712,,,2017.034224,-68.55167763310014,2008.42515,-80.42950978119687,2016.762093,-92.79434700301053,2013.859001,-85.60055751824456,,,,,2008.811492486,-69.93519816466465,2014.75227,-71.68608146794053,2023.064226,-93.41546127354955,,,2015.07123,-87.53204612810964,2012.147331,-87.57126364144263
2007.549984779,-80.47581560294566,2016.303503,-85.95608731261706,2008.216738767,-69.11361289345524,,,,,2007.669920091,-86.66275810807734,2020.691992,-92.58263920032887,,,2024.068306,-93.43410818336653,,,2007.901303272,-84.17007733100647,,,,,2014.661705,-79.5346534863391,2007.847059,-79.08949427669661,2021.305784,-70.66631691312745,2015.66575,-70.04305308019885,2018.702601,-84.36232233612672,2019.035137,-91.0349591772494,2010.051596271,-79.74529754796843,,,,,2008.275525577,-74.71999485825046,,,2017.053503,-68.56397064939593,2008.44386,-79.7911185737804,2016.781144,-92.79864638449521,2013.878737,-85.57671695864303,,,,,2008.833369384,-69.48204756137285,2014.97704,-69.57165829416832,2023.083391,-93.14189616277622,,,2015.09041,-87.32219694866811,2012.158397,-87.50186083738795
2007.563692922,-80.61350587918822,2016.348507,-85.61826968794938,2008.268841075,-70.12791535024718,,,,,2007.679490107,-86.9096527362612,2020.780801,-96.45741382526069,,,2024.114754,-92.79176909788842,,,2007.914855403,-84.14420735826954,,,,,2014.678988,-79.67649586454925,2007.847141,-79.0908676403309,2021.324949,-70.80062408232061,2015.97534,-68.9790362228349,2018.741045,-84.37877523517987,2019.054302,-91.14921961617847,,,,,,,2008.275574909,-74.72041037095342,,,2017.072668,-68.62629124910222,2008.46582,-79.22100832774564,2016.800309,-92.72387740589664,2013.897331,-85.62499066689728,,,,,2008.852709472,-69.30086860237276,2015.16608,-69.57961520963853,2023.101016,-92.94141728763636,,,2015.11507,-87.09727829752686,2012.170432,-87.44202208993462
2007.607574201,-81.56523194728156,2016.381361,-85.04318409365109,2008.274134791,-70.22865927770326,,,,,2007.689088661,-87.10226587096483,2020.795061,-97.31144401712558,,,2024.163934,-92.79505314542949,,,2007.939098174,-84.16790101646525,,,,,2014.698267,-79.81558322403026,2007.847219,-79.09217401061737,2021.345312,-70.93791203740152,2016.12568,-69.25550947477865,2018.780459,-84.60565198836821,2019.092688,-91.21860608317931,,,,,,,2008.294660747,-74.93844206952264,,,2017.125771,-69.22053746669712,2008.52046,-78.87017481133724,2016.819245,-92.54255289007016,2013.920432,-85.75730659378742,,,,,2008.876738009,-69.07562223666363,2015.30843,-71.27881574988656,2023.120181,-92.77611322216502,,,2015.13425,-86.9601145281212,2012.181612,-87.40372639851935
2007.739141933,-84.79709662521088,2016.418151,-84.20432575667635,2008.293250987,-70.52364276840545,,,,,2007.69870624,-87.26635045261503,2020.80818,-98.09713981566016,,,2024.163934,-92.79505314542949,,,2007.950399543,-84.23649976629035,,,,,2014.717546,-79.95415637435227,2007.847297,-79.09348038090383,2021.364477,-71.07668471698192,2016.23497,-70.20901870532761,2018.818903,-84.9069393801136,2019.110257,-91.12795968074292,,,,,,,2008.294670234,-74.93859532550368,,,2017.144936,-69.53923575007458,2008.53968,-79.08900973224637,2016.836984,-92.33039709038103,2013.940053,-85.9030787994508,,,,,2008.896313373,-68.89167799986663,2015.48925,-72.53258540129774,2023.139346,-92.65371022313978,,,2015.15342,-86.85551523681819,2012.18914,-87.3846211601158
2007.774670852,-84.47710859637651,2016.46458,-83.2462204606216,2008.326180176,-70.86227517912846,,,,,2007.756259513,-87.47320443928706,2020.859344,-99.67859372650757,,,2024.23224,-92.67126909775281,,,2007.991162481,-84.49724608026473,,,,,2014.736483,-80.10491770529863,2007.847376,-79.09480349952534,2021.383642,-71.23650455084918,2016.32787,-71.59719519568775,2018.894137,-84.46625170634312,2019.148701,-90.74690827389297,,,,,,,2008.332925395,-75.64930372086285,,,2017.173626,-70.0510298725124,2008.55872,-79.45782910272675,2016.856264,-92.06401544146293,2013.9534,-86.0038770886142,,,,,2008.917835458,-68.61282782256842,2015.6372,-73.00234333561237,2023.158511,-92.58181803312779,,,2015.1726,-86.77399177478007,2012.199977,-87.36256554281364
2007.793928843,-84.24198722535891,2016.497548,-83.04840817480401,2008.33151184,-70.87947455227533,,,,,2007.765810502,-87.35144212075681,2020.872919,-99.9117394590613,,,2024.23224,-92.67126909775281,,,2008.813325364,-83.73708607290789,,,,,2014.75696,-80.29581978263496,2007.847454,-79.0961098698118,2021.402921,-71.43328958001624,2016.44262,-72.21035648432829,2018.933665,-83.59877832082947,2019.175908,-90.31872999377185,,,,,,,2008.352043488,-76.09667689830161,,,2017.189939,-70.35035948541902,2008.57777,-79.9535673314744,2016.875428,-91.7735287529524,2013.972679,-86.13116236620655,,,,,2008.917850638,-68.61253657368083,2015.80432,-73.06565191336358,2023.184349,-92.50819620211288,,,2015.19178,-86.70087612113028,2012.208305,-87.3542056698924
2007.834988584,-84.06936996314626,2016.536962,-83.49266685108435,2008.364497951,-70.90544961554123,,,,,2007.775428082,-87.2242559953454,2020.897445,-99.48268789810847,,,2024.308743,-91.04048133485105,,,2008.813695355,-83.74732247791258,,,,,2014.776125,-80.50992676029921,2007.847531,-79.09739949175939,2021.420432,-71.65413312629643,2016.50546,-72.1017187416112,2019.00867,-81.9403586338536,2019.19359,-89.95122270279349,,,,,,,2008.36841606,-76.52123804846192,,,2017.228383,-70.99258575396607,2008.59693,-80.55822265469033,2016.894708,-91.49899253392124,2013.991844,-86.20609017698588,,,,,2008.934560944,-68.29192668983609,2015.98252,-71.48617451183866,2023.222679,-92.32792583079093,,,2015.21096,-86.6186435316186,2012.219257,-87.34340364160683
2007.851563927,-84.15949796255371,2016.572668,-84.46377001226118,2008.369725258,-70.89524701081078,,,,,2007.785017123,-87.07688667440804,2020.913987,-98.84624288571153,,,2024.308743,-91.04048133485105,,,2008.846377884,-84.51173152089773,,,,,2014.79529,-80.77903255721361,2007.84761,-79.09872261038471,2021.439711,-71.92177059143283,2016.58743,-72.12367250467857,2019.08379,-81.96086977779252,2019.212755,-89.54881238058788,,,,,,,2008.368450213,-76.52212907728355,,,2017.247206,-71.27288941843265,2008.61611,-81.24078676410157,2016.913873,-91.25416053839689,2014.012207,-86.22504024560742,,,,,2008.954145795,-67.8734855220398,2016.14103,-69.7639038718218,2023.241844,-92.16590160898083,,,2015.23014,-86.50996394574095,2012.227356,-87.33697542113423
2007.873474125,-84.50745108074518,2016.614934,-85.93413377302244,2008.403233151,-70.75692018244874,,,,,2007.852245053,-85.77579791588148,2020.937316,-97.94867151015761,,,,,,,2008.948239223,-85.92002694300731,,,,,2014.814569,-81.10502907920964,2007.847688,-79.10002898067117,2021.458876,-72.20679272519969,2016.67486,-72.84710400847517,2019.122234,-82.36775970792266,2019.233174,-89.05684873912338,,,,,,,2008.390287265,-77.0672014656834,,,2017.265059,-71.5091912427559,2008.63526,-81.97045458137023,2016.931497,-91.08012660424323,2014.031372,-86.18774713627162,,,,,2008.954155282,-67.87323345095169,2016.31852,-70.0387875581396,2023.259469,-91.94087274484394,,,2015.24932,-86.36057848150634,2012.238764,-87.32792082931435
2007.94783105,-86.49235843955252,2016.647674,-86.99178706727747,2008.408697632,-70.73619632390924,,,,,2007.919387367,-85.21969541173458,2020.950777,-97.37992315673564,,,,,,,2008.982923497,-86.0456908873308,,,,,2014.833505,-81.47244098625373,2007.847768,-79.10136884763153,2021.478155,-72.50089106599106,2016.96175,-70.83891495381184,2019.169975,-83.06711946851304,2019.250971,-88.62482667052333,,,,,,,2008.390298649,-77.06743477661033,,,2017.286619,-71.78182179079971,2008.65427,-82.72648704748522,2016.953514,-90.96085801602909,2014.047799,-86.12520419252141,,,,,2008.978178127,-67.23494267727443,2016.48518,-71.6116447365688,2023.297799,-91.2921800394856,,,2015.26849,-86.16168632922184,2012.275668,-87.22898720408925
2008.02410633,-87.35640652003775,2016.687316,-87.89651807899745,2008.421846539,-70.68632954083935,,,,,2007.928938356,-85.21454509143389,2020.963895,-96.81500339753694,,,,,,,2008.991575592,-86.05879801472959,,,,,2014.837784,-81.5625653536112,2007.847848,-79.10270871459191,2021.497206,-72.77322246314367,2017.04384,-70.17446176982916,2019.205453,-83.66934492095905,2019.268596,-88.14806172919644,,,,,,,2008.409439511,-77.45971976415997,,,2017.306241,-72.0190898104442,2008.67348,-83.50764963574316,2016.972451,-90.93238326295396,2014.066964,-86.0318819833265,,,,,2009.000593607,-66.71066001292202,2016.64912,-72.62786451026474,2023.316964,-90.87567230068147,,,2015.28767,-85.91076782658595,2012.283882,-87.19559669729206
2008.024136688,-87.35634183957681,2016.722908,-88.35042128618079,2008.427624089,-70.68231391269957,,,,,2007.938641553,-85.25234732251404,2020.978155,-96.2009040099716,,,,,,,2009.002054795,-85.98959019544685,,,,,2014.85113,-81.85259854895087,2007.930398,-79.89261286175196,2021.517455,-73.03345238089649,2017.16712,-69.3502368147687,2019.243783,-84.46403017613353,2020.107519,-87.92801428785096,,,,,,,2008.428557605,-77.71052491363727,,,2017.322554,-72.22534791192028,2008.71179,-85.05173139617722,2016.991502,-90.964397617396,2014.087213,-85.92987812664795,,,,,2009.00060312,-66.7104561473481,2016.82398,-72.55726788407773,2023.337327,-90.41062953766235,,,2015.30685,-85.61244814082985,2012.294833,-87.1278629710302
2008.040412492,-87.32062955291293,2016.762435,-88.54773863259335,2008.436247723,-70.68252534282523,,,,,2007.957724505,-85.34013831127847,2020.997092,-95.38539208133066,,,,,,,2009.010568874,-85.93336064814457,,,,,2014.873147,-82.3849507898795,2007.930474,-79.89224556776834,2021.536619,-73.2486971713217,2017.27123,-69.95488746820955,2019.318789,-85.65918728517134,2020.128052,-88.28556041279086,,,,,,,2008.466803279,-77.6564190652233,,,2017.342917,-72.49045513783261,2008.73371,-85.87062716658542,2017.02852,-91.18385535721492,2014.106492,-85.84881850461181,,,,,2009.022288813,-66.24572722981165,2016.99623,-70.7581810448986,2023.356492,-89.95951028573896,,,2015.32603,-85.27727530058478,2012.303047,-87.07670895476693
2008.061938373,-87.1753450267648,2016.806241,-88.60899076710095,2008.441655282,-70.68265792276529,,,,,2007.967199391,-85.40340356528048,2021.012207,-95.29695947016965,,,,,,,2009.076255708,-84.96339182726088,,,,,2014.889574,-82.82083647377276,2007.930552,-79.8918686081536,2021.555899,-73.4363938447632,2017.36712,-70.54340030920963,2019.361168,-85.67649377648853,2020.147217,-88.5523483926143,,,,,,,2008.485877732,-77.38980388089989,,,2017.36231,-72.77203235846014,2008.7909,-87.42360228207922,2017.047571,-91.30512780543285,2014.128623,-85.79441639932811,,,,,2009.044438737,-66.06399733440435,2017.16608,-69.01427840207276,2023.375657,-89.51651160680088,,,2015.34521,-84.92026899481802,2012.313884,-87.00094500271376
2008.061963039,-87.1751785486488,2016.837555,-88.60721501701514,2008.460667122,-70.7569498727751,,,,,2007.976893075,-85.46812976678646,2021.028292,-95.20853849368014,,,,,,,2009.082020548,-84.84443936002047,,,,,2014.929445,-83.92330214898959,2007.930632,-79.89148198290775,2021.574949,-73.59624271566022,2017.47671,-71.37261634786869,2019.396532,-85.11553972239196,2020.170432,-88.85397421461107,,,,,,,2008.485919475,-77.38861148495522,,,2017.381361,-73.06209020256462,2008.82683,-87.7248571863966,2017.066736,-91.38000440146352,2014.142541,-85.78388287726301,,,,,2009.04445586,-66.06388947338914,2017.35775,-69.91339281312474,2023.394822,-89.10219739008613,,,2015.36712,-84.50868151075458,2012.322554,-86.93783407358964
2008.080855343,-87.03124913909477,2016.875999,-88.60639001764368,2008.468607696,-70.80198348195445,,,,,2007.986453577,-85.53748554762953,2021.042095,-95.13266191683888,,,,,,,2009.098211568,-84.4944411302631,,,,,2014.951119,-84.52354762619093,2007.930708,-79.89111468892413,2021.592688,-73.73533937702592,2017.59452,-72.26510682237732,2019.433436,-84.21157368059461,2020.189483,-88.99675296120714,,,,,,,2008.505047055,-76.84222888459125,,,2017.403264,-73.40811543201873,2008.84872,-87.63436279002406,2017.084361,-91.38441991476948,2014.167808,-85.7933811412603,,,,,2009.06576484,-65.95610558205102,2017.52761,-71.66919430072898,2023.413987,-88.71904859903086,,,2015.38356,-84.2121850121431,2012.334247,-86.8603551201914
2008.080878112,-87.03106729052377,2016.914215,-88.6916446183104,2008.479128719,-70.90026444859457,,,,,2008.015084244,-85.74395966815882,2021.042323,-95.13140857629621,,,,,,,2009.108847032,-84.25425558316083,,,,,2015.276467,-82.89273756226318,2007.930784,-79.89074739494161,2021.611968,-73.88841868186832,2017.71781,-73.20059703645767,2019.471766,-83.30668848584637,2020.208648,-89.14038608694712,,,,,,,2008.50505844,-76.84190367011229,,,2017.418151,-73.63887639104027,2008.90322,-86.74212599979413,2017.103754,-91.32613513474531,2014.321869,-85.21229397022142,,,,,2009.285302511,-62.736841787868606,2017.69747,-73.19579466332432,2023.431612,-88.41537932507366,,,2015.40274,-83.89704984554878,2012.342346,-86.81119648943378
2008.100110049,-86.8774745921818,2016.956481,-89.01814880799235,2008.485200364,-70.9687848932473,,,,,2008.024779903,-85.8114318592163,2021.055784,-95.07130499858548,,,,,,,2009.136434551,-83.66271081711152,,,,,2015.295746,-82.4658372007221,2007.93086,-79.89038010095798,2021.631018,-74.04531705952208,2017.83014,-73.1477606264569,2019.511294,-82.59444238498433,2020.246978,-89.18378378969525,,,,,,,2008.524180328,-76.26359615326794,,,2017.437316,-73.91987052473102,2008.92499,-86.27744004378175,2017.125543,-91.13253209251494,2014.339722,-85.04068242001237,,,,,2009.28531583,-62.73680997904904,2017.87293,-73.06912366064606,2023.450777,-88.15775734813333,,,2015.42192,-83.63001315916534,2012.353526,-86.75901195444801
2008.10013092,-86.87730792879654,2016.997777,-89.63109899720135,2008.498349271,-71.12245873353348,,,,,2008.053468427,-85.99365796495778,2021.077573,-95.24962037701876,,,,,,,2009.169225647,-83.07323032611684,,,,,2015.314455,-82.04442070986543,2007.930938,-79.89000314134326,2021.650297,-74.21289094006328,2017.93973,-72.83599322652722,2019.55259,-82.24067099490038,2020.263349,-89.06865004198158,,,,,,,2008.54337242,-75.62468373060027,,,2017.459104,-74.1987512681248,2008.9416,-85.95833109408021,2017.141856,-90.90179264924224,2014.381817,-84.62564920136523,,,,,2009.329153349,-64.03778936807709,2018.03457,-70.56362282356122,2023.469942,-87.96530759262205,,,2015.4411,-83.42535935326403,2012.364363,-86.73945259077998
2008.116892456,-86.74346027781496,2017.028977,-90.17830288361289,2008.504240665,-71.21054948096568,,,,,2008.072745902,-86.1099736787162,2021.095312,-95.39479163306494,,,,,,,2009.177625571,-82.94981815170053,,,,,2015.331224,-81.65578612126254,2007.931014,-79.88963584735963,2021.667694,-74.36394037288598,2018.04932,-71.58192830359721,2019.586414,-82.183566835116,2020.282171,-88.93476143930971,,,,,,,2008.562399438,-75.10890957320419,,,2017.475646,-74.34081066982247,2008.96074,-85.65616499715522,2017.167808,-90.46886888967988,2014.400412,-84.43483488858008,,,,,2009.394549087,-67.77657717015131,2018.19348,-69.02267150498419,2023.489106,-87.86100127464354,,,2015.47397,-83.24758294722754,2012.372691,-86.73131074921895
2008.116915225,-86.7432784581318,2017.067307,-90.7188317690563,2008.555640938,-71.95971412196857,,,,,2008.082147465,-86.16852501559893,2021.109001,-95.50681876672776,,,,,,,2009.1910293,-82.76850794747568,,,,,2015.354325,-81.11102837865468,2007.931092,-79.88925888774489,2021.687316,-74.51743677030184,2018.12055,-70.76682615504076,2019.624972,-82.1876782616264,2020.301222,-88.64973328321881,,,,,,,2008.56242031,-75.10841711187994,,,2017.494811,-74.47213858514172,2008.97965,-85.45179307816954,2017.225303,-89.46680947919667,2014.417352,-84.253748445908,,,,,2009.500144597,-68.05902806864879,2018.36596,-71.00465870622044,2023.509469,-87.89844093064856,,,2015.49315,-83.26920547396571,2012.380333,-86.77458355848185
2008.144203476,-86.49689153461901,2017.109458,-90.822289980663,2008.561048497,-72.02440732287349,,,,,2008.091710307,-86.22983377125107,2021.130448,-95.14048782830598,,,,,,,2009.204927702,-82.65669295030915,,,,,2015.373376,-80.65929551549631,2007.93117,-79.88888192813016,2021.706138,-74.63492197699752,2018.19726,-70.79182104217209,2019.663073,-82.35043103847197,2020.322097,-88.30279434590342,,,,,,,2008.581540301,-74.65729330656471,,,2017.515173,-74.5068352783039,2009.00444,-85.34983390813703,2017.24424,-89.21485359283768,2014.434692,-84.05992737423288,,,,,2009.500156012,-68.05862786598426,2018.53035,-73.30058539056067,2023.528634,-88.04262812686807,,,2015.51233,-83.39046943291017,2012.39197,-86.8404780470167
2008.157883652,-86.33649278163226,2017.148245,-90.34876263572752,2008.574700213,-72.16353955868442,,,,,2008.117695052,-86.4071157490109,2021.144593,-94.83385365206512,,,,,,,2009.215762938,-82.56952164222501,,,,,2015.392198,-80.21867273784116,2007.93125,-79.8884953028843,2021.725303,-74.7105597637898,2018.27397,-70.90297893812557,2019.700092,-82.74336731221028,2020.342574,-87.82759946620595,,,,,,,2008.603345097,-74.56461956939249,,,2017.556127,-74.35041452730697,2009.05693,-85.67539042004839,2017.261979,-89.03224285280429,2014.456937,-83.79960807359836,,,,,2009.515350076,-67.52593361381999,2018.68103,-73.77336577572923,2023.566964,-88.69160774434562,,,2015.53151,-83.61619921639598,2012.400069,-86.95025868727785
2008.195983227,-85.70369342634214,2017.18743,-89.47941329266013,2008.580136233,-72.19414407289686,,,,,2008.120366576,-86.42605943221866,2021.172941,-94.15256414711557,,,,,,,2009.300506088,-82.28735769647972,,,,,2015.411934,-79.78606349787515,2008.035567,-78.7555415509304,2021.744468,-74.69939051390607,2018.35068,-71.36330085060163,2019.738193,-83.80718641502187,2020.361625,-87.37374292869379,,,,,,,2008.60337925,-74.5645268290371,,,2017.572668,-74.20276756547622,2009.11653,-86.50679155381545,2017.280915,-88.8990179582729,2014.474846,-83.59149286715288,,,,,2009.58657344,-66.17228652389461,2018.84279,-73.06647055636867,,,,,2015.55616,-84.06798675476624,2012.411363,-87.12731467594833
2008.234223209,-84.73362363683792,2017.225646,-88.56882928148825,2008.599261916,-72.27296650105676,,,,,2008.15444748,-86.67344891229385,2021.186859,-93.5514903791413,,,,,,,2009.355915145,-81.57691793182572,,,,,2015.429673,-79.44275008905558,2008.035647,-78.75403605369816,2021.764374,-74.61192989088414,2018.4274,-72.40055050734748,2019.777949,-85.32443811029657,2020.381247,-86.90948964141545,,,,,,,2008.619795461,-74.60766671674676,,,2017.590407,-74.02319633842001,2009.13623,-86.78909410060814,2017.30008,-88.78533720134975,2014.494011,-83.395067558514,,,,,2009.728938356,-66.34929128137568,2019.02909,-70.20877842034565,,,,,2015.57534,-84.52730205415077,2012.428303,-87.5344131270871
2008.234242183,-84.733039752925,2017.26255,-87.86067304214829,2008.612989526,-72.24387364280302,,,,,2008.158839936,-86.70231677839502,2021.205567,-92.74355187853782,,,,,,,2009.366636225,-81.27360213092366,,,,,2015.448267,-79.13206184398786,2008.035727,-78.75253055646591,2021.783996,-74.45764064382399,2018.50411,-73.43766496471191,2019.816165,-86.7862883891421,2020.399841,-86.46965153841704,,,,,,,2008.638919247,-75.00002420986765,,,2017.609458,-73.80475767255655,2009.1576,-87.07887389649633,2017.339722,-88.53876732939543,2014.514602,-83.24368469541021,,,,,,,2019.16882,-69.03308693322434,,,,,2015.59452,-85.07368836784015,2012.437658,-87.78674077989304
2008.253390634,-84.14378749037883,2017.300765,-87.33417407376945,2008.618397086,-72.23241342674407,,,,,2008.187348209,-86.86230656993612,2021.219713,-92.13263152203334,,,,,,,2009.445734399,-78.11231536059447,,,,,2015.467432,-78.87562285341593,2008.035805,-78.75106269666436,2021.803047,-74.25631120892193,2018.58082,-74.18572199836774,2019.850217,-87.87931472289794,2020.41758,-86.22571893781134,,,,,,,2008.652559578,-75.3360696323521,,,2017.628623,-73.57592364143063,2009.17146,-87.25538224151722,2017.353868,-88.40567381612458,2014.533882,-83.194928040602,,,,,,,2019.34405,-72.35701824156787,,,,,2015.60822,-85.50406019477501,2012.455567,-88.45226657321918
2008.253409608,-84.1432036064659,2017.343259,-86.70212536339868,2008.641127808,-72.03281709705466,,,,,2008.206682605,-86.91884703251647,2021.235912,-91.66588269788596,,,,,,,2009.481906393,-76.45326528828474,,,,,2015.620524,-79.21804796925058,2008.035883,-78.74959483686281,2021.822326,-74.01613933084978,2018.65753,-74.8793027473877,2019.891285,-88.21961652358739,2020.436745,-85.97023203273241,,,,,,,2008.677164921,-76.21832892741735,,,2017.647902,-73.34852538102004,2009.1908,-87.4793808853805,2017.377938,-88.10423555466754,2014.556127,-83.28535523807244,,,,,,,2019.56322,-73.0471320200264,,,,,2015.6274,-86.15576582412211,2012.466861,-88.92748058805954
2008.272476472,-83.5629080323955,2017.378623,-85.9183992558292,2008.656648452,-71.8282627930776,,,,,2008.216226472,-86.92080528990319,2021.249944,-91.44241882777429,,,,,,,2009.501377473,-75.7906779524927,,,,,2015.640031,-79.36473371066594,2008.035959,-78.74816461449197,2021.840065,-73.79651724386568,2018.73425,-75.2695539191946,2019.930813,-87.60023750446831,2020.456138,-86.02288695772161,,,,,,,2008.71541439,-77.60940181256584,,,2017.673855,-73.05838357952555,2009.21284,-87.68872183572549,2017.396989,-87.78169325255341,2014.572782,-83.47931212166078,,,,,,,2019.75501,-74.0211411795322,,,,,2015.64658,-86.8319557004329,2012.475075,-89.29416629931407
2008.272493549,-83.56239092109769,2017.416839,-84.75440808622226,2008.675812083,-71.54056202103408,,,,,2008.263756072,-86.66526126047275,2021.272474,-91.08362172160811,,,,,,,2009.564592846,-75.2485402091289,,,,,2015.658968,-79.49339011999915,2008.036039,-78.74665911725972,2021.85923,-73.5856880927648,2018.81096,-74.97079701282466,2019.969142,-86.63185122978336,2020.475189,-86.11321547976668,,,,,,,2008.715429569,-77.60975879458383,,,2017.684578,-72.95101453554018,2009.25088,-87.86409317287492,2017.411363,-87.50697425398538,2014.587669,-83.73149365016366,,,,,,,2019.87567,-74.01475054408732,,,,,2015.66575,-87.50195994881231,2012.485798,-89.78576989129182
2008.29178051,-83.00452740284486,2017.454085,-83.64876363838144,2008.689757893,-71.31340875981167,,,,,2008.273290452,-86.5696662147425,2021.286734,-90.85652688211147,,,,,,,2009.654326484,-79.57871463747828,,,,,2015.676478,-79.60082709035436,2008.036115,-78.74522889488888,2021.87828,-73.41555609098448,2018.88767,-74.67204010645472,2020.005932,-85.63965606396447,2020.494354,-86.5264090448485,,,,,,,2008.734540073,-78.05920251826602,,,2017.703743,-72.76025746794534,2009.26982,-87.82164579128654,2017.453286,-86.6693278418034,2014.611853,-84.36385316435822,,,,,,,2020.02355,-70.29819394143892,,,,,2015.68493,-88.13657053403595,2012.493897,-90.17087224242277
2008.313543564,-82.45903422427587,2017.494811,-82.93087503814209,2008.69495674,-71.2296575774069,,,,,2008.28283432,-86.43659976316982,2021.302704,-90.60219977224023,,,,,,,2009.66228691,-80.12932578737048,,,,,2015.695758,-79.71303454549192,2008.036191,-78.74379867252232,2021.897445,-73.29519622840147,2018.96438,-73.8795942500827,2020.044376,-84.79581345094395,2020.533767,-87.6799201445817,,,,,,,2008.753671448,-78.38358519606547,,,2017.722908,-72.58743042151325,2009.28935,-87.66480623465881,2017.472565,-86.36787571712287,2014.628623,-84.90796363382091,,,,,,,2021.18526,-71.67175111502178,,,,,2015.70411,-88.7091228110963,2012.505932,-90.73620365072905
2008.313564435,-82.4585110905207,2017.539814,-83.09931412919714,2008.711862477,-70.97422063856455,,,,,2008.290926685,-86.318850943396,,,,,,,,,2009.827435312,-85.76284124300209,,,,,2015.714808,-79.82064541125473,2008.036269,-78.74233081272077,2021.918037,-73.24007701643444,2019.05753,-72.73821829572526,2020.082592,-84.38980750831705,2020.553047,-88.37206230488968,,,,,,,2008.753718883,-78.3837315792255,,,2017.742073,-72.41861182497054,2009.30563,-87.44095399094599,2017.491616,-86.15428659030391,2014.645393,-85.52403092119147,,,,,,,2021.41528,-72.12637647962605,,,,,2015.72329,-89.19980949327416,2012.514717,-91.13102496811761
2008.332612325,-82.12689276739106,2017.569816,-83.8368745842148,2008.717526184,-70.88864495626483,,,,,2008.301978977,-86.14923481739446,,,,,,,,,2009.865563166,-85.39389930269859,,,,,2015.733973,-79.93135589170078,2008.036349,-78.74082531548852,2021.936973,-73.22062489572986,2019.13425,-71.88903300176338,2020.119382,-84.18787249663946,2020.572097,-89.09987603802216,,,,,,,2008.772785747,-78.44257141916586,,,2017.762435,-72.24372912796326,2009.3248,-87.06217139842924,2017.511979,-86.04166540064128,2014.666154,-86.30944099745031,,,,,,,2021.61254,-75.01060127795975,,,,,2015.74247,-89.59738400295123,2012.525211,-91.60250916521281
2008.368235808,-81.70985848305652,2017.606606,-85.02303247334922,2008.727772086,-70.763432737201,,,,,2008.311551305,-85.97930769753182,,,,,,,,,2009.903396119,-84.95086710172042,,,,,2015.75445,-80.06108346601722,2008.036435,-78.73920690596418,2021.956138,-73.20661352819194,2019.21096,-71.15165558766466,2020.16045,-84.15120557352817,2020.589836,-89.77972757837406,,,,,,,2008.772806618,-78.44263582652214,,,2017.7816,-72.07694751764309,2009.34381,-86.57309653853066,2017.531144,-86.14162649560937,2014.681269,-86.86537765729685,,,,,,,2021.72487,-76.16222139182373,,,,,2015.76164,-89.89977037056848,2012.534224,-91.93501886598268
2008.368268063,-81.70953989033659,2017.65064,-86.52452816243816,2008.74692623,-70.55104945106349,,,,,2008.321076199,-85.81022262184023,,,,,,,,,2010.202018645,-80.97931187764578,,,,,2015.773387,-80.19337486189694,2008.124401,-77.9848447705533,2021.983745,-73.14705530739126,2019.28767,-70.41427817356376,2020.199977,-84.30785952269746,2020.628166,-91.0671732568307,,,,,,,2008.791932301,-78.29470484893113,,,2017.800651,-71.90753066482823,2009.36316,-85.97526496235663,2017.550309,-86.36330750182962,2014.703172,-87.59445527039502,,,,,,,2021.86745,-75.21154171436946,,,,,2015.78082,-90.11411622099612,2012.545061,-92.33482000070114
2008.425567319,-81.30782407327702,2017.681954,-87.42636326373616,2008.75304531,-70.50310768469265,,,,,2008.330676988,-85.62832056268508,,,,,,,,,,,,,,,2015.792438,-80.33845593354127,2008.124481,-77.98490213006275,2021.99983,-73.0702341848079,2019.36438,-71.53352978655344,2020.238307,-84.70358945445953,2020.647217,-91.5821157261822,,,,,,,2008.811052292,-78.01049214799033,,,2017.820044,-71.72963884467337,2009.37165,-85.69703926486011,2017.574949,-86.82515517991575,2014.720056,-88.06836498028787,,,,,,,2022.00991,-74.70588330222196,,,,,2015.8,-90.25375070873096,2012.552932,-92.55327539761774
2008.444734745,-81.07737504586638,2017.720284,-88.25299607241817,2008.766687538,-70.3962235603542,,,,,2008.368928355,-84.87593953992267,,,,,,,,,,,,,,,2015.811717,-80.49773964024396,2008.124561,-77.98495948957222,2022.012093,-72.96881585660635,2019.4411,-72.83024094538379,2020.275097,-85.26152816133762,2020.666496,-92.08480142774178,,,,,,,2008.811065574,-78.01029471520678,,,2017.840179,-71.5341210934181,2009.40149,-84.71787034206218,2017.586984,-87.11439575894298,2014.741502,-88.49990100853485,,,,,,,2022.14142,-75.15058746926226,,,,,2015.81918,-90.33602304253864,2012.563884,-92.822000154976
2008.486143367,-80.41569296619873,2017.76255,-88.81765785667736,2008.774561703,-70.35477361013929,,,,,2008.378453248,-84.68836633965319,,,,,,,,,,,,,,,2015.830768,-80.6691330978442,2008.124641,-77.98501684908167,2022.0316,-72.75497528001691,2019.51781,-74.1909955695888,2020.313313,-85.72930209832089,2020.684007,-92.46013201247179,,,,,,,2008.830202641,-77.59164371229865,,,2017.856834,-71.36827147705117,2009.42073,-84.15394784278361,2017.606149,-87.62908673988127,2014.761979,-88.7391657564039,,,,,,,2022.29199,-75.961420332443,,,,,2015.83836,-90.37873945303733,2012.571755,-92.97512475022208
2008.486168033,-80.4152727756598,2017.798027,-89.05814284964852,2008.813145112,-70.20142478810416,,,,,2008.407170234,-84.13234096809907,,,,,,,,,,,,,,,2015.848963,-80.84241447071491,2008.124717,-77.98507134061552,2022.050309,-72.4919194750724,2019.6137,-76.02452997882935,2020.352955,-85.93103055815956,2020.722109,-93.1869091761776,,,,,,,2008.849318837,-77.16862347299165,,,2017.875771,-71.16923588126824,2009.43986,-83.70022539879312,2017.625314,-88.17416249654732,2014.778634,-88.79813124363366,,,,,,,2022.4372,-74.89692774773725,,,,,2015.85753,-90.39704037026094,2012.583049,-93.0865237347953
2008.507517456,-80.06196625687205,2017.834703,-89.0700386822432,2008.850656497,-70.03265143345325,,,,,2008.416752049,-83.95055346818508,,,,,,,,,,,,,,,2015.867672,-81.027811747818,2008.124793,-77.9851258321495,2022.069474,-72.17141136438057,2019.70959,-77.34917178989626,2020.391171,-85.72467688897501,2020.741388,-93.50660120120922,,,,,,,2008.868435033,-76.80975344154882,,,2017.897788,-70.92788778612281,2009.47821,-83.24397611458602,2017.644365,-88.72051468573459,2014.803161,-88.75682793225157,,,,,,,2022.58514,-76.04679946881824,,,,,2015.87671,-90.40109199066774,2012.606149,-93.0932452123269
2008.519199681,-79.93995577209913,2017.873261,-88.8124675851276,2008.861746736,-69.96221490041445,,,,,2008.426295917,-83.77188670171134,,,,,,,,,,,,,,,2015.886837,-81.22487434549903,2008.124873,-77.98518319165898,2022.087099,-71.85696987267013,2019.7863,-77.32555708851407,2020.428075,-85.13478085502871,2020.78103,-93.95093233942202,,,,,,,2008.868455905,-76.80936160965328,,,2017.914215,-70.74353744589635,2009.50012,-83.3038073100234,2017.684121,-89.7091964388243,2014.817078,-88.66776092327483,,,,,,,2022.76048,-79.20898244144506,,,,,2015.89589,-90.39491416834862,2012.625657,-92.84814631160273
2008.521273528,-79.91829627848227,2017.911591,-88.3787036255792,2008.867714026,-69.92158608326208,,,,,2008.435887219,-83.59601465862546,,,,,,,,,,,,,,,2016.07803,-82.98363985293237,2008.124949,-77.98523768319296,2022.106149,-71.53620552646584,2019.90137,-76.02147162777001,2020.46629,-84.57701936473313,2020.800309,-93.98561342527906,,,,,,,2008.88753605,-76.55369331810834,,,2017.992187,-69.84934854328772,2009.5163,-83.48216574699188,2017.700548,-90.04450031713372,2014.834589,-88.53151563855342,,,,,,,2022.988,-77.04970626131852,,,,,2015.91507,-90.3767312534177,2012.695187,-91.18711846656636
2008.54029106,-79.81482499073942,2017.951119,-87.99132940441399,2008.881081132,-69.79798967408468,,,,,2008.445431087,-83.42101239468775,,,,,,,,,,,,,,,2016.095655,-83.01554257212197,2008.125029,-77.98529504270243,2022.144593,-71.0255183357455,2019.99726,-70.80462843195498,2020.505932,-84.19870241412114,2020.819474,-93.98805135244956,,,,,,,2008.903984517,-76.44324239521387,,,2018.026239,-69.53201571143883,2009.53565,-83.82940570708689,2017.719599,-90.33123286319324,2014.85672,-88.33599070162133,,,,,,,,,,,,,2015.93425,-90.34051700062454,2012.705682,-90.97615103147031
2008.540323315,-79.8149295793553,2017.989449,-87.8696704017149,2008.889742714,-69.71790199968453,,,,,2008.454974954,-83.25319595688158,,,,,,,,,,,,,,,2016.114934,-83.02086255211103,2008.125107,-77.98535096822417,2022.17066,-70.87335167178664,,,2020.544262,-84.08227218058039,2020.839722,-93.76617506427286,,,,,,,2008.92581398,-76.4793906025077,,,2018.048142,-69.38992276784258,2009.55492,-84.26785494247612,2017.738878,-90.55119717171382,2014.875657,-88.17069458862373,,,,,,,,,,,,,2015.95342,-90.27847239812793,2012.714466,-90.83186556761353
2008.559424332,-79.87686568019751,2018.026125,-88.0014735467341,2008.905623862,-69.53617521095849,,,,,2008.474138585,-82.92360910468709,,,,,,,,,,,,,,,2016.133985,-82.99716041003293,2008.125185,-77.98540689374589,2022.190282,-70.86175145966664,,,2020.582478,-84.1519281372069,2020.875885,-93.14747109093499,,,,,,,2008.944926381,-76.60337995042647,,,2018.067307,-69.29960820212943,2009.5743,-84.76285662266865,2017.759241,-90.70086915337671,2014.894593,-88.01550219740847,,,,,,,,,,,,,2015.9726,-90.18366580050383,2012.722451,-90.70070443043916
2008.559447101,-79.87693950993547,2018.070273,-88.2598284126994,2008.9571949,-68.8813582397071,,,,,2008.48359707,-82.77592609589351,,,,,,,,,,,,,,,2016.153264,-82.94582062848316,2008.125267,-77.98546568724292,2022.209561,-70.92331677094765,,,2020.619496,-84.20714460492108,2020.894708,-92.71403908719357,,,,,,,2008.944935868,-76.60351855441498,,,2018.085046,-69.27249317438611,2009.59335,-85.26791545568875,2017.778406,-90.73051741712214,2014.913873,-87.86492007535503,,,,,,,,,,,,,2015.99452,-90.03021421519671,2012.733745,-90.62489978538817
2008.578519657,-80.25440836657904,2018.104096,-88.31191233614197,2008.962659381,-68.81090067324426,,,,,2008.524552216,-82.25028612947204,,,,,,,,,,,,,,,2016.176364,-82.8584183189167,2008.199527,-77.55686741997373,2022.228041,-71.02307483346691,,,2020.657598,-84.33906588173694,2021.125543,-91.80695019764006,,,,,,,2008.961312234,-76.84277539625046,,,2018.104096,-69.27701657914082,2009.61227,-85.76111224057153,2017.797571,-90.69297160953481,2014.934349,-87.6949682488549,,,,,,,,,,,,,2016.01093,-89.88732638893504,2012.756389,-90.59572946398107
2008.578542426,-80.25488630827583,2018.142426,-88.13294337799582,2008.976434426,-68.64608855860902,,,,,2008.550631831,-82.11031182653572,,,,,,,,,,,,,,,2016.195529,-82.76921766781832,2008.199606,-77.55579040856881,2022.247092,-71.15449742187919,,,2020.694616,-84.66272403431651,2021.173056,-91.90784605630537,,,,,,,2008.980447404,-77.1247270993039,,,2018.125885,-69.32231363452605,2009.6302,-86.20532251574687,2017.816736,-90.59849801126255,2014.950548,-87.53695857036664,,,,,,,,,,,,,2016.04918,-89.48634544975435,2012.772816,-90.7111153899896
2008.597734517,-80.81768267109261,2018.184578,-87.73744790691453,2008.996129326,-68.42479008345151,,,,,2008.560052368,-82.11723722049187,,,,,,,,,,,,,,,2016.21458,-82.6663172739676,2008.199686,-77.5546997641066,2022.267455,-71.31167654694528,,,2020.732718,-85.41273394589622,2021.186973,-91.83827594885548,,,,,,,2009.005076104,-77.50568601710305,,,2018.145164,-69.40431089585358,2009.65103,-86.67721827846769,2017.853526,-90.24202763522378,2014.97017,-87.31094527645098,,,,,,,,,,,,,2016.06831,-89.27606356664663,2012.791639,-90.96478138067043
2008.616789997,-81.54804084221303,2018.222908,-87.42827415372349,2009.034046804,-68.06956287263857,,,,,2008.569757514,-82.12437184131564,,,,,,,,,,,,,,,2016.230893,-82.56687407650294,2008.199766,-77.55360911964439,2022.28411,-71.4418933402308,,,2020.772245,-86.82718220585457,2021.206481,-91.73761867583592,,,,,,,2009.021504947,-77.70581697441769,,,2018.168265,-69.51379326184085,2009.66997,-87.06396306123852,2017.872805,-90.01242034380688,2014.99173,-87.00824952128683,,,,,,,,,,,,,2016.08743,-89.07807362205934,2012.811032,-91.32555953059031
2008.638712432,-82.59854618615397,2018.265173,-87.30367831343192,2009.039783105,-68.02039826188725,,,,,2008.581929265,-82.23386015732251,,,,,,,,,,,,,,,2016.251598,-82.40990973098461,2008.199842,-77.55257300740513,2022.303503,-71.59455740857119,,,2020.810575,-88.256850498522,2021.225303,-91.50879239920317,,,,,,,2009.040667808,-77.90786822477772,,,2018.18743,-69.61024815401106,2009.68918,-87.42103303384218,2017.89197,-89.77060355831613,2015.006731,-86.76817761902569,,,,,,,,,,,,,2016.10656,-88.90332948068362,2012.830197,-91.73099333436056
2008.638733303,-82.59954630758652,2018.298142,-87.28344637022158,2009.091295662,-67.65215546521632,,,,,2008.588892684,-82.30003927143325,,,,,,,,,,,,,,,2016.270649,-82.22274090999885,2008.199922,-77.55148236294292,2022.322668,-71.7513657133077,,,2020.847479,-89.35189674593676,2021.244126,-91.27995396518536,,,,,,,2009.040709665,-77.90830956071126,,,2018.228383,-69.79780742211517,2009.70869,-87.75329688481403,2017.911021,-89.55421056404909,2015.02852,-86.38229827497403,,,,,,,,,,,,,2016.12568,-88.75812226020595,2012.853183,-92.20077302413146
2008.655064132,-83.38892623276848,2018.337441,-87.10117994939843,2009.097098554,-67.61791574639918,,,,,2008.601073922,-82.46768288456204,,,,,,,,,,,,,,,2016.289814,-81.99114248554856,2008.200002,-77.55039171848071,2022.345655,-71.96160941121535,,,2020.885809,-89.91853428017089,2021.262892,-90.91840115978175,,,,,,,2009.059840183,-77.99083057596698,,,2018.434578,-72.56055512679359,2009.72771,-88.04780791656015,2017.950662,-89.2246972943065,2015.064226,-85.74776994429511,,,,,,,,,,,,,2016.14481,-88.64203972498416,2012.86961,-92.47759401045653
2008.655085003,-83.38993808259512,2018.381589,-86.34556911016766,2009.1105879,-67.53832243084847,,,,,2008.608018367,-82.5941968554417,,,,,,,,,,,,,,,2016.309321,-81.70630762105606,2008.200082,-77.5493010740185,2022.367215,-72.19601261368642,,,2020.925337,-89.51013392220204,2021.28103,-90.56704568986221,,,,,,,2009.059851598,-77.99086809137894,,,2018.453857,-72.99234840679283,2009.7662,-88.53530630634766,2017.969713,-89.1842229167348,2015.092688,-85.33936464231249,,,,,,,,,,,,,2016.16393,-88.54855530192928,2012.888547,-92.72048578352863
2008.679350713,-84.48416326730614,2018.418151,-85.30545534698084,2009.116638128,-67.5080748385409,,,,,2008.620209092,-82.81932644147501,,,,,,,,,,,,,,,2016.328144,-81.38327615646797,2008.200158,-77.54826496177924,2022.381703,-72.38987196245687,,,2020.963781,-88.62026632177235,2021.299852,-90.08381928737195,,,,,,,2009.07902968,-78.03521463709502,,,2019.064569,-71.54252461220186,2009.78758,-88.71793049489256,2018.006617,-89.26546740027891,2015.10923,-85.1734594364121,,,,,,,,,,,,,2016.18306,-88.4657097861362,2012.908169,-92.86350992884091
2008.67936779,-84.48483564054168,2018.451119,-84.23816122713083,2009.148944064,-67.39995825453207,,,,,2008.624430783,-82.92603037476117,,,,,,,,,,,,,,,2016.348507,-80.96938979814833,2008.200234,-77.54722884954309,2022.402921,-72.70498065053319,,,2021.000457,-87.71322215489555,2021.319702,-89.56157905665057,,,,,,,2009.079039193,-78.03518094202883,,,2019.083734,-71.52082152194664,2009.80408,-88.81110874084504,2018.025782,-89.39416438411148,2015.128166,-85.05919581422155,,,,,,,,,,,,,2016.20219,-88.37870370400132,2012.931155,-92.8747291431326
2008.692759563,-85.01211032426232,2018.495039,-83.26930428867445,2009.157229833,-67.38675337536804,,,,,2008.639306315,-83.30201188884683,,,,,,,,,,,,,,,2016.3679,-80.54539335955813,2008.200312,-77.54616547119235,2022.418151,-72.95150248703874,,,2021.038901,-86.8657274869774,,,,,,,,,2009.098217275,-77.96725213412675,,,2019.101244,-71.54382930316036,2009.82309,-88.83804114890899,2018.044947,-89.53613880302608,2015.14197,-85.01962346158443,,,,,,,,,,,,,2016.22131,-88.27253249045904,2012.95032,-92.75592364487542
2008.717573619,-85.6843662344104,2018.528748,-83.13258530727292,2009.171518265,-67.39424005225077,,,,,2008.646226093,-83.48402836901953,,,,,,,,,,,,,,,2016.386837,-80.1261777042097,2008.200396,-77.54502029450718,2022.439711,-73.32533217051738,,,2021.077116,-86.26826599592225,,,,,,,,,2009.098304795,-77.96694213809728,,,2019.139574,-71.67645970880687,2009.8411,-88.79500901297737,2018.064112,-89.67636538783114,2015.187087,-85.07620241373193,,,,,,,,,,,,,2016.24044,-88.13461882398195,2012.969713,-92.52590227316789
2008.731037492,-85.91237302591684,2018.56434,-83.74745390672311,2009.209246575,-67.53773347107737,,,,,2008.655756679,-83.76281249902866,,,,,,,,,,,,,,,2016.406001,-79.71583137689049,2008.27996,-76.65197631085684,2022.456024,-73.60093857646953,,,2021.11402,-85.84786731620929,,,,,,,,,2009.136563927,-77.67408550635821,,,2019.158739,-71.76350718172121,2009.86223,-88.67791374489042,2018.083163,-89.79049501643539,2015.206024,-85.13170572441385,,,,,,,,,,,,,2016.25956,-87.95750814164501,2012.988764,-92.20418395441703
2008.731056466,-85.91252288009287,2018.60113,-84.82475205718738,2009.212690259,-67.55736937040594,,,,,2008.674958257,-84.32505116602978,,,,,,,,,,,,,,,2016.423741,-79.37398759071996,2008.280044,-76.65144235074571,2022.475531,-73.90320657668643,,,2021.152236,-85.47920523717549,,,,,,,,,2009.136577245,-77.67396183796154,,,2019.184578,-71.8763431872739,2009.90031,-88.34920924179441,2018.100788,-89.84499478441822,2015.222451,-85.1716252838074,,,,,,,,,,,,,2016.27869,-87.73969189223357,2013.006617,-91.82779779786875
2008.750462963,-86.06579286191493,2018.650868,-86.46358762964158,2009.226312785,-67.65962133268887,,,,,2008.694045993,-84.88414274341699,,,,,,,,,,,,,,,2016.442905,-79.09211923156853,2008.28013,-76.65089567729865,2022.494354,-74.15390637618188,,,2021.19724,-85.20555974843862,,,,,,,,,2009.155742009,-77.41919087968175,,,2019.203857,-71.93913022148855,2009.93901,-88.02380976656019,2018.119839,-89.86718461355585,2015.244468,-85.17942755112438,,,,,,,,,,,,,2016.29781,-87.48652102727759,2013.025554,-91.35855661361991
2008.769751821,-86.01943351812169,2018.679673,-87.23918563799448,2009.234360731,-67.72002997282364,,,,,2008.713181163,-85.3751725216259,,,,,,,,,,,,,,,2016.461842,-78.9048986085589,2008.28021,-76.65038714386085,2022.517455,-74.37839486137601,,,2021.23557,-85.17798221033935,,,,,,,,,2009.155761035,-77.41890749611855,,,2019.209218,-71.95658970021809,2009.97534,-87.87005485328568,2018.158283,-89.7625281453165,2015.267226,-85.12001669504755,,,,,,,,,,,,,2016.31694,-87.20852232515901,2013.272588,-87.16885213235352
2008.788940118,-85.91603089757534,2018.722908,-88.11506909242864,2009.263993531,-67.93655453181276,,,,,2008.732335307,-85.77666169976355,,,,,,,,,,,,,,,2016.481007,-78.81719735144407,2008.280289,-76.64988496708888,2022.5397,-74.5065713674149,,,2021.310575,-85.66195357154133,,,,,,,,,2009.174933409,-77.13328386523882,,,2019.242187,-71.99544410779676,2009.99594,-87.85877810112954,2018.184235,-89.65511969817858,2015.2816,-85.04325482106127,,,,,,,,,,,,,2016.33607,-86.92050998542193,2013.280915,-87.02622515066466
2008.788957195,-85.91590507690056,2018.75696,-88.521886948242,2009.269368341,-67.96230950650984,,,,,2008.741850713,-85.95932632467311,,,,,,,,,,,,,,,2016.501598,-78.8522488390427,2008.280368,-76.64938279031834,2022.572326,-74.56426018352099,,,2021.350103,-85.75005588227769,,,,,,,,,2009.174952435,-77.13288069172224,,,2019.259812,-71.99625146152603,2010.01513,-87.87779925928511,2018.2034,-89.59416780035676,2015.316622,-84.77421065739075,,,,,,,,,,,,,2016.35519,-86.63908799795308,2013.292552,-86.82551819462158
2008.807980419,-85.7784019456421,2018.795632,-88.71796540429537,2009.532581811,-66.11736799607371,,,,,2008.751442016,-86.07985945954812,,,,,,,,,,,,,,,2016.520535,-79.02129342733899,2008.280444,-76.648899683551,2022.609116,-74.58595574524415,,,2021.388433,-85.61131735004443,,,,,,,,,2009.194109589,-76.72692793555419,,,2019.278863,-72.00378074951746,2010.03488,-87.90193628693454,2018.222565,-89.56495584009173,2015.339836,-84.55090133219991,,,,,,,,,,,,,2016.37432,-86.37997958464715,2013.299966,-86.6549342116829
2008.82714405,-85.71334372729339,2018.833734,-88.63841488374719,2009.743721461,-69.41895508010741,,,,,2008.765008349,-86.2372946865725,,,,,,,,,,,,,,,2016.539928,-79.28833167135286,2008.280524,-76.64839115011176,2022.647674,-74.71789899921767,,,2021.425223,-85.29128690713121,,,,,,,,,2009.213289574,-76.28627142023262,,,2019.298027,-72.01860991001396,2010.05348,-87.90598446262732,2018.241502,-89.60758266433359,2015.358659,-84.36110467610064,,,,,,,,,,,,,2016.39344,-86.15727558753044,2013.31126,-86.39507779095808
2008.827163024,-85.71327931284982,2018.870638,-88.33670748571568,2009.7820586,-69.94989833494107,,,,,2008.770558212,-86.28218607548482,,,,,,,,,,,,,,,2016.558865,-79.61361008680274,2008.280605,-76.64787626000528,2022.684235,-74.98385901580419,,,2021.463553,-85.11496323029014,,,,,,,,,2009.25164003,-75.19133346965697,,,2019.35672,-72.36692970975378,2010.07323,-87.86865421482054,2018.259127,-89.6805900157788,2015.375314,-84.19287395586869,,,,,,,,,,,,,2016.41257,-85.98124102907752,2013.319588,-86.17995289282267
2008.8514534,-85.77457657967564,2018.911591,-87.8760423919418,2009.820148402,-70.2845304899349,,,,,2008.780111566,-86.32728227409075,,,,,,,,,,,,,,,2016.578372,-79.99535990729039,2008.280693,-76.64731687322227,2022.722451,-75.32502149834842,,,2021.50308,-85.33925038051756,,,,,,,,,2009.270799087,-74.59043725408483,,,2019.470284,-74.22158680166304,2010.09236,-87.7766698913176,2018.278292,-89.79820374838863,2015.397217,-83.98055478120207,,,,,,,,,,,,,2016.43169,-85.85893180453124,2013.329968,-85.895542294651
2008.865471311,-85.87617656012814,2018.953857,-87.55814733910056,2009.858761416,-70.2680585106721,,,,,2008.799256223,-86.38562521736927,,,,,,,,,,,,,,,2016.595655,-80.35453358319776,2008.28078,-76.6467638431065,2022.761979,-75.57545697806422,,,2021.541524,-85.89295891859184,,,,,,,,,2009.270814307,-74.58995990071536,,,2019.489335,-74.49589021857216,2010.1304,-87.4066729515199,2018.297343,-89.94030246211567,2015.416382,-83.80791262093193,,,,,,,,,,,,,2016.43989,-85.82758215402174,2013.339951,-85.61727607908101
2008.884589405,-86.13924674656094,2018.986597,-87.56515945572423,2009.867522831,-70.19946930256124,,,,,2008.808838039,-86.38621688731553,,,,,,,,,,,,,,,2016.615048,-80.7450656077185,2008.280822,-76.64649686305167,2022.800309,-75.5879576625146,,,2021.57974,-86.65051590423444,,,,,,,,,2009.290003805,-73.9955023009774,,,2019.528863,-74.8627276799358,2010.14954,-87.14254757914325,2018.316508,-90.06301830997356,2015.434121,-83.66377918861971,,,,,,,,,,,,,2016.45082,-85.79369763375388,2013.35113,-85.29704451454377
2008.884612174,-86.1395600542094,2019.023958,-87.95146590538161,2009.905507991,-69.72683281330298,,,,,2008.828030131,-86.36956209296213,,,,,,,,,,,,,,,2016.634213,-81.10198138687615,2008.382453,-77.00633334308698,2022.837099,-75.44290092983792,,,2021.61653,-87.34918898219257,,,,,,,,,2009.30912481,-73.41739317188258,,,2019.548027,-74.94162732987101,2010.18838,-86.54782316269566,2018.337099,-90.15789685794103,2015.4534,-83.5314272970829,,,,,,,,,,,,,2016.46995,-85.78650605013958,2013.358431,-85.08901000290413
2008.903364071,-86.45879237719149,2019.061717,-88.58219207705474,2010.184474886,-68.18507371901981,,,,,2008.875920234,-86.37510787204354,,,,,,,,,,,,,,,2016.653264,-81.41840248582798,2008.382542,-77.00794252064392,2022.875543,-75.22283550689298,,,2021.65486,-87.88161864521217,,,,,,,,,2009.309170472,-73.41620190520696,,,2019.567192,-74.953960666166,2010.20748,-86.25558938496948,2018.356149,-90.16672290092788,2015.474732,-83.43202464370093,,,,,,,,,,,,,2016.48907,-85.83640415434682,2013.369953,-84.79431666040604
2008.90338684,-86.45920622041362,2019.098621,-89.09961444974046,,,,,,,2008.885663327,-86.40758305087395,,,,,,,,,,,,,,,2016.670774,-81.66508227073528,2008.38263,-77.00953361755218,2022.913873,-75.01684125914032,,,2021.69165,-88.36106719355973,,,,,,,,,2009.366710426,-72.0899731885724,,,2019.623147,-74.71680887880132,2010.2261,-85.98010687945676,2018.375428,-90.0787680763697,2015.497206,-83.41216092820079,,,,,,,,,,,,,2016.5082,-85.94131371595438,2013.378166,-84.5842562176008
2008.922738312,-86.80090318843835,2019.136951,-89.33413129392484,,,,,,,2008.914114678,-86.60619243825133,,,,,,,,,,,,,,,2016.690168,-81.87655872985317,2008.382714,-77.01105239187387,2022.939939,-74.86589612230492,,,2021.72998,-88.90725307029169,,,,,,,,,2009.421482116,-71.16192516555196,,,2019.642312,-74.5880368429799,2010.26478,-85.42416515208808,2018.394593,-89.9224562020656,2015.515287,-83.48791574817855,,,,,,,,,,,,,2016.52732,-86.09807695066422,2013.389004,-84.37681562564147
2008.922755389,-86.80118423377358,2019.184806,-89.2142233433364,,,,,,,2008.92367752,-86.71488012676197,,,,,,,,,,,,,,,2016.709333,-82.04137293589079,2008.382793,-77.01248076296034,2022.953286,-74.77363581840436,,,2021.769507,-89.62093900936144,,,,,,,,,2009.539303653,-68.0254771005788,,,2019.679102,-74.31383733706679,2010.28373,-85.13342985634743,2018.413758,-89.68976334401448,2015.540271,-83.7721110948374,,,,,,,,,,,,,2016.54645,-86.30256880537783,2013.396761,-84.23843281679497
2008.944425471,-87.15692140822105,2019.225646,-88.92539316908902,,,,,,,2008.933240361,-86.83013865339477,,,,,,,,,,,,,,,2016.728612,-82.16935395956025,2008.382871,-77.0138910534022,2022.972451,-74.59528007305288,,,2021.807837,-90.22012053255659,,,,,,,,,2009.596805556,-67.59228986238521,,,2019.698381,-74.16154656287993,2010.30314,-84.7997715634842,2018.431269,-89.42734397378811,2015.550423,-83.93188318526774,,,,,,,,,,,,,2016.56557,-86.54857497243695,2013.408054,-84.10942230413968
2008.944478597,-87.15742122740154,2019.26004,-88.69065289997073,,,,,,,2008.971472753,-87.39867586412288,,,,,,,,,,,,,,,2016.747434,-82.26468159492713,2008.382951,-77.01533750513735,2022.991616,-74.36428442423829,,,2021.844741,-90.37942091134863,,,,,,,,,2009.629726027,-68.40524705554546,,,2019.717432,-74.00445548705027,2010.40134,-82.63592454583768,2018.450434,-89.14029640122526,2015.569131,-84.39783009348797,,,,,,,,,,,,,2016.5847,-86.82793154138358,2013.41604,-84.06105963615444
2008.963936324,-87.34048310221335,2019.300765,-88.33079509629226,,,,,,,2008.990456132,-87.71874335077153,,,,,,,,,,,,,,,2016.767911,-82.3412137166648,2008.383031,-77.01678395687249,2023.009812,-74.09385346746751,,,2021.883071,-90.07117050676591,,,,,,,,,2009.648862253,-69.20541983487828,,,2019.798027,-73.17045575468879,2010.41776,-82.31064356825512,2018.469599,-88.86364871606595,2015.587099,-84.98029786237335,,,,,,,,,,,,,2016.60656,-87.17276444090507,2013.425451,-84.02734258419405
2008.963955298,-87.3406616130945,2019.338012,-87.70349967536795,,,,,,,2009.002939498,-87.9345151100475,,,,,,,,,,,,,,,2016.787076,-82.40471251166935,2008.383113,-77.01826656990092,2023.028863,-73.74366505956174,,,2021.922713,-89.25576527662999,,,,,,,,,2009.725580289,-72.72374848418337,,,2019.814455,-72.96234916980158,2010.43687,-82.03676739368962,2018.488878,-88.67583250247316,2015.603412,-85.60572264302105,,,,,,,,,,,,,2016.64208,-87.7401829579246,2013.433779,-84.09599022598543
2008.979688449,-87.41331205835056,2019.373261,-86.72364297772101,,,,,,,2009.009674658,-88.05093061226236,,,,,,,,,,,,,,,2016.806241,-82.46776258268262,2008.383197,-77.01978534422261,2023.050423,-73.29721529831808,,,2021.960929,-88.32995854762677,,,,,,,,,2009.763932648,-73.52120643045919,,,2019.83362,-72.69047909023806,2010.45609,-81.8898942727474,2018.509241,-88.56834699542642,2015.624972,-86.54658046725396,,,,,,,,,,,,,2016.6612,-88.0176497763745,2013.44473,-84.18625923718447
2008.979900956,-87.41330759112739,2019.417067,-85.10410481695881,,,,,,,2009.019530061,-88.21954712265446,,,,,,,,,,,,,,,2016.825748,-82.53619977072734,2008.383282,-77.0213221991889,2023.06685,-72.95061805452883,,,2022.074379,-88.46239670755446,,,,,,,,,2009.821472603,-72.89424569963185,,,2019.851244,-72.4266434351596,2010.47522,-81.88172982939676,2018.528406,-88.55712162105964,2015.64197,-87.33875134053895,,,,,,,,,,,,,2016.68033,-88.2566453264866,2013.453058,-84.36214132827237
2008.999311248,-87.41109562436266,2019.44861,-83.9629829566018,,,,,,,2009.057705479,-88.85392883526558,,,,,,,,,,,,,,,2016.843259,-82.60547003763152,2008.383322,-77.02204542505442,2023.084475,-72.58897953190423,,,2022.111168,-89.18927625338482,,,,,,,,,2009.840639269,-72.51169914192346,,,2019.870409,-72.12507467361826,2010.51365,-82.26703675104791,2018.547571,-88.67655594259904,2015.66182,-88.26822889555469,,,,,,,,,,,,,2016.70765,-88.50852032561168,2013.464123,-84.61551429451097
2009.021156773,-87.23051256078816,2019.489221,-83.00946146008596,,,,,,,2009.076893075,-89.15386195862328,,,,,,,,,,,,,,,2016.862082,-82.69389654023742,2008.438579,-77.88588034951444,2023.103526,-72.24550875772887,,,2022.149498,-89.73922586878525,,,,,,,,,,,,,2019.929102,-71.12501451441868,2010.53314,-82.63202578439085,2018.584247,-89.13478601125881,2015.678531,-88.99293792177373,,,,,,,,,,,,,2016.71858,-88.58129082401774,2013.472109,-84.8547393898352
2009.061984399,-86.72582491198622,2019.526125,-82.9836535532527,,,,,,,2009.105622146,-89.56969638658401,,,,,,,,,,,,,,,2016.881361,-82.79614753306957,2008.438661,-77.88620965171799,2023.122805,-71.9984648012626,,,2022.307837,-89.23643110262418,,,,,,,,,,,,,2019.948267,-70.80272116489043,2010.55224,-83.06268297258143,2018.603526,-89.45976501428457,2015.697925,-89.70782768886612,,,,,,,,,,,,,2016.7377,-88.66381483843392,2013.483288,-85.25229415019186
2009.062003425,-86.72556949787571,2019.56993,-84.11254654973673,,,,,,,2009.115306317,-89.6982150035577,,,,,,,,,,,,,,,2016.900754,-82.90997405512798,2008.438739,-77.88652289039945,2023.144593,-71.84082783693279,,,2022.347365,-88.3069204547535,,,,,,,,,,,,,2019.986597,-70.21470755752031,2010.57118,-83.53018054527838,2018.622805,-89.79578734400776,2015.719599,-90.3020890260427,,,,,,,,,,,,,2016.75683,-88.70267339985256,2013.503879,-86.10801614907655
2009.0755879,-86.54320501792613,2019.603868,-85.50769179518369,,,,,,,2009.124857306,-89.8064568990505,,,,,,,,,,,,,,,2016.920889,-83.03757620095935,2008.438819,-77.88684416084196,2023.186859,-71.93049469247457,,,2022.385695,-87.16756402870726,,,,,,,,,,,,,2020.004222,-70.00476573220578,2010.59315,-84.08156320530576,2018.641741,-90.11575086438434,2015.73614,-90.57454753674918,,,,,,,,,,,,,2016.77596,-88.71254155999488,2013.512093,-86.47299905157158
2009.113985921,-86.08505821254523,2019.639574,-87.14497568572868,,,,,,,2009.13445586,-89.9152378513626,,,,,,,,,,,,,,,2016.939939,-83.16133877687544,2008.438895,-77.88714936776239,2023.206481,-72.11596196845002,,,2022.422485,-86.02830957104989,,,,,,,,,,,,,2020.023387,-69.80632705411911,2010.6099,-84.483820155088,2018.660792,-90.4154949290025,2015.756617,-90.70326973986298,,,,,,,,,,,,,2016.79508,-88.71178689664579,2013.523044,-86.9930440414927
2009.114003044,-86.08487112601249,2019.678874,-88.69056067529547,,,,,,,2009.144025875,-89.99575607597457,,,,,,,,,,,,,,,2016.959447,-83.27908547847808,2008.438977,-77.88747866996593,2023.225303,-72.35456236214156,,,2022.460815,-84.99497153837378,,,,,,,,,,,,,2020.042552,-69.71906486568317,2010.63469,-85.0400049642291,2018.678417,-90.64013294144259,2015.77852,-90.59146796999715,,,,,,,,,,,,,2016.81421,-88.71935794519634,2013.530915,-87.36682489398923
2009.136014079,-85.8443777403478,2019.714694,-89.70561500905383,,,,,,,2009.153586377,-90.06262313784428,,,,,,,,,,,,,,,2016.975531,-83.3636930800005,2008.439057,-77.88779994040844,2023.244925,-72.61854331845466,,,2022.500342,-84.64033991933313,,,,,,,,,,,,,2020.061717,-69.69095235443167,2010.64831,-85.3157216471798,2018.697696,-90.85235132303333,2015.797685,-90.32456098206336,,,,,,,,,,,,,2016.83333,-88.75147125723689,2013.541753,-87.8619493997903
2009.136031202,-85.84419065381505,2019.76004,-90.53342361365712,,,,,,,2009.172792998,-90.12844107883652,,,,,,,,,,,,,,,2016.997548,-83.44922920709723,2008.439138,-77.88812522673102,2023.261979,-72.84216369125942,,,2022.538672,-84.79838844305318,,,,,,,,,,,,,2020.080882,-69.7380653245095,2010.68627,-86.0127878298088,2018.716861,-91.02426473281518,2015.816736,-89.9444784438175,,,,,,,,,,,,,2016.87158,-88.92396479298537,2013.549852,-88.22757000891903
2009.152334475,-85.62869675009854,2019.792666,-90.7846250581283,,,,,,,2009.182372527,-90.13322142406906,,,,,,,,,,,,,,,2017.015173,-83.48107039318242,2008.43922,-77.88845452893456,2023.281258,-73.07882147323305,,,2023.230094,-91.50810018868002,,,,,,,,,,,,,2020.125885,-70.21533726554398,2010.72466,-86.61154086738834,2018.73614,-91.13751686858897,2015.834475,-89.5260822310676,,,,,,,,,,,,,2016.89071,-89.06182729990037,2013.560918,-88.68665975100491
2009.152349696,-85.62849545942476,2019.830882,-90.80467858512222,,,,,,,2009.191980594,-90.09468458038845,,,,,,,,,,,,,,,2017.036734,-83.45707848895556,2008.439262,-77.88862319591732,2023.300309,-73.28195375501716,,,2023.26677,-92.05704824107083,,,,,,,,,,,,,2020.136837,-70.38079125014359,2010.74406,-86.86250665689401,2018.753765,-91.2162320432775,2015.850902,-89.11933518317146,,,,,,,,,,,,,2016.90984,-89.2192797751143,2013.571755,-89.09739281880933
2009.177104262,-85.21609894591535,2019.873261,-90.50888573715368,,,,,,,2009.258951674,-88.85981459873798,,,,,,,,,,,,,,,2017.050651,-83.40540343281941,2008.5327,-78.31179315107978,2023.319702,-73.46428365803966,,,2023.305099,-92.50498252479106,,,,,,,,,,,,,2020.156001,-70.71133835616943,2010.78208,-87.19078986571088,2018.775554,-91.27792303685497,2015.872919,-88.58867906872965,,,,,,,,,,,,,2016.92623,-89.3553247175614,2013.582478,-89.44860992576795
2009.19613204,-84.79944384286846,2019.909082,-90.11611545035437,,,,,,,2009.316476408,-86.51234949698892,,,,,,,,,,,,,,,2017.072782,-83.26787914181465,2008.532776,-78.31232511237988,2023.339836,-73.64829638432141,,,2023.382957,-91.64977704491469,,,,,,,,,,,,,2020.198267,-71.5086149799817,2010.80153,-87.24801125191499,2018.794719,-91.29419301581868,2015.889346,-88.22030172433878,,,,,,,,,,,,,2016.94809,-89.51751236662952,2013.58687,-89.56872071728586
2009.20988204,-84.41074722903238,2019.945758,-89.75986430418195,,,,,,,2009.412423896,-81.92580508587477,,,,,,,,,,,,,,,2017.090407,-83.11064400857802,2008.532852,-78.31285707367996,2023.358887,-73.83154441557251,,,2023.419747,-90.42411737779258,,,,,,,,,,,,,2020.217432,-71.8582379211041,2010.88111,-86.61984743249292,2018.813884,-91.27313077508201,2015.917922,-87.64430453413142,,,,,,,,,,,,,2016.96721,-89.61892864337305,2013.597479,-89.85885172529815
2009.20989726,-84.41031697721625,2019.984316,-89.59373044513853,,,,,,,2009.441181507,-80.72358571257212,,,,,,,,,,,,,,,2017.109344,-82.89451521741913,2008.53293,-78.31340303396159,2023.37828,-74.04059715685038,,,2023.458077,-88.93458366169489,,,,,,,,,,,,,2020.236597,-72.19473248020928,2010.89711,-86.38913669016631,2018.850788,-91.14440647159962,2015.934349,-87.34970029181903,,,,,,,,,,,,,2016.98634,-89.6681208864383,2013.606378,-90.01710537273017
2009.231710426,-83.67929253317308,2020.026239,-89.69232634506785,,,,,,,2009.70968417,-82.59546111454947,,,,,,,,,,,,,,,2017.128509,-82.65478834475735,2008.533006,-78.31393499526008,2023.41661,-74.58930192537072,,,2023.496407,-87.50973635433996,,,,,,,,,,,,,2020.254222,-72.46979543955436,2010.91684,-86.12172502209556,2018.870067,-91.01662990159235,2015.948039,-87.11490705146836,,,,,,,,,,,,,2017.00548,-89.65799862868352,2013.619953,-90.22814985165306
2009.248593988,-83.04296022111257,2020.064569,-89.85344934427339,,,,,,,2009.764469178,-84.29956371271574,,,,,,,,,,,,,,,2017.147788,-82.40424677438558,2008.533084,-78.31448095554171,2023.434349,-74.88838355417964,,,2023.535935,-86.6267465201254,,,,,,,,,,,,,2020.273387,-72.75095237027668,2010.9358,-85.91464419576754,2018.889346,-90.86488447913538,2015.967432,-86.79713803324837,,,,,,,,,,,,,2017.02466,-89.58961327321215,2013.62828,-90.27868621178526
2009.305652588,-80.65608554487432,2020.095997,-89.8843799957546,,,,,,,2009.795947489,-84.74320975281458,,,,,,,,,,,,,,,2017.173741,-82.08110634532244,2008.533164,-78.31504091480488,2023.475417,-75.62719681792653,,,2023.574264,-86.21755030896675,,,,,,,,,,,,,2020.292552,-73.01246196523599,2010.95768,-85.76468097602029,2018.908283,-90.69413775654988,2016.241959,-86.61364951366808,,,,,,,,,,,,,2017.04384,-89.47197571593469,2013.636494,-90.31630739901124
2009.330576484,-79.72185307271516,2020.134213,-89.59584895071761,,,,,,,2009.824857306,-84.84489034330997,,,,,,,,,,,,,,,2017.192905,-81.86782781731243,2008.533242,-78.31558687508651,2023.491959,-75.89919038439683,,,2023.611054,-86.16568162474888,,,,,,,,,,,,,2020.311717,-73.25758726966873,2010.97644,-85.73201708263453,2018.92876,-90.49346973105047,2016.259127,-86.69883648853,,,,,,,,,,,,,2017.06301,-89.32022465310952,2013.647445,-90.32889214223127
2009.349568113,-79.11834424358067,2020.176478,-88.92751442158706,,,,,,,2010.028900304,-84.04395567085409,,,,,,,,,,,,,,,2017.231121,-81.55749419702937,2008.533322,-78.31614683434968,2023.512093,-76.1944628089907,,,2023.667009,-86.80869437643653,,,,,,,,,,,,,2020.351244,-73.76016424222969,2011.0124,-85.89817427676522,2018.94781,-90.31152795536164,2016.273615,-86.73079711692924,,,,,,,,,,,,,2017.08219,-89.15226178280403,2013.658397,-90.28645233836444
2009.349587139,-79.11773964252227,2020.214694,-88.2922839794925,,,,,,,,,,,,,,,,,,,,,,,2017.250172,-81.44528915195419,2008.533404,-78.31672079259438,2023.531258,-76.43019323387466,,,2023.686174,-87.19633912331965,,,,,,,,,,,,,2020.370409,-74.00743831145881,2011.03433,-86.11855316653283,2018.96709,-90.13505522883881,2016.292209,-86.68162500566913,,,,,,,,,,,,,2017.10137,-88.9858114602243,2013.66661,-90.2462143194223
2009.38789003,-78.10463126850726,2020.25445,-87.87500921401032,,,,,,,,,,,,,,,,,,,,,,,2017.267797,-81.35565846725527,2008.533484,-78.31728075185755,2023.550309,-76.61883041637145,,,2023.724504,-88.54260513260687,,,,,,,,,,,,,2020.386837,-74.21870599215158,2011.05099,-86.31365873657005,2019.006731,-89.83220078217977,2016.311146,-86.56083622128892,,,,,,,,,,,,,2017.12055,-88.83494806969777,2013.680927,-90.11950841574638
2009.42113965,-77.34995639560734,2020.29529,-87.6768685015966,,,,,,,,,,,,,,,,,,,,,,,2017.284224,-81.27638169974834,2008.533566,-78.31785471010225,2023.587555,-76.86315211827676,,,2023.764032,-90.26340737103968,,,,,,,,,,,,,2020.408739,-74.48788939826817,2011.06972,-86.53077376306791,2019.042209,-89.5998777902645,2016.33111,-86.36487981935296,,,,,,,,,,,,,2017.14247,-88.69025259360362,2013.691764,-90.01700978552047
2009.483900304,-76.0354569792609,2020.328144,-87.4580624501371,,,,,,,,,,,,,,,,,,,,,,,2017.306127,-81.15189034798456,2008.621553,-78.7849727064107,2023.606492,-76.9646472365335,,,2023.805099,-92.03733190719605,,,,,,,,,,,,,2020.426364,-74.67793595531847,2011.12774,-86.97084558146803,2019.061488,-89.46782835945021,2016.354096,-86.06485923116486,,,,,,,,,,,,,2017.1589,-88.60525831794132,2013.700206,-89.93100513057095
2009.497855784,-75.83403839889084,2020.370524,-86.83208695913613,,,,,,,,,,,,,,,,,,,,,,,2017.325634,-81.00983785580982,2008.62164,-78.78483135842235,2023.625657,-77.06424028116592,,,2023.863906,-93.2151113901911,,,,,,,,,,,,,2020.464694,-74.97983772776179,2011.14673,-87.00453441290767,2019.080539,-89.32601883651952,2016.373033,-85.76670466688712,,,,,,,,,,,,,2017.17808,-88.52133617056495,2013.711271,-89.82263628415963
2009.541348935,-75.81936765818404,2020.40623,-85.93602830837546,,,,,,,,,,,,,,,,,,,,,,,2017.345655,-80.82723564534102,2008.621718,-78.78470463263982,2023.645621,-77.17547749559202,,,2023.877596,-93.19494028139427,,,,,,,,,,,,,2020.483859,-75.04834253157804,2011.18521,-86.90541627292205,2019.09805,-89.18216259233621,2016.391627,-85.4392520517859,,,,,,,,,,,,,2017.19726,-88.44465218062197,2013.73306,-89.64736007715436
2009.574570015,-76.66393747048636,2020.442905,-84.93083209050846,,,,,,,,,,,,,,,,,,,,,,,2017.365048,-80.61279176195823,2008.621804,-78.78456490934117,2023.663873,-77.28171097225164,,,2023.917123,-92.24429632341868,,,,,,,,,,,,,2020.504222,-75.06406648741377,2011.22625,-86.56543394133335,2019.117101,-89.00953174111767,2016.41353,-85.01785951821387,,,,,,,,,,,,,2017.21644,-88.36076041947211,2013.738422,-89.62215555529643
2009.596177702,-77.72851790650904,2020.483859,-84.16569773662526,,,,,,,,,,,,,,,,,,,,,,,2017.384099,-80.36345975156455,2008.621882,-78.78443818355902,2023.681612,-77.37898654511889,,,2023.955453,-90.72692250971906,,,,,,,,,,,,,2020.523387,-74.99083960420899,2011.24238,-86.35478763495463,2019.13638,-88.83634418744931,2016.431155,-84.66186850701548,,,,,,,,,,,,,2017.23562,-88.25497900930546,2013.750913,-89.56344058279753
2009.631938737,-79.91179531289694,2020.520535,-84.18892598096943,,,,,,,,,,,,,,,,,,,,,,,2017.403492,-80.09435049527832,2008.62196,-78.78431145777648,2023.700662,-77.46866496662783,,,2023.993783,-89.01911318453888,,,,,,,,,,,,,2020.580882,-74.58456326216418,2011.26229,-86.0310092502893,2019.155545,-88.66979491071116,2016.44473,-84.38307438456033,,,,,,,,,,,,,2017.25479,-88.11513795086262,2013.764374,-89.55410808939644
2009.631953957,-79.91279408120317,2020.559207,-85.05892381366847,,,,,,,,,,,,,,,,,,,,,,,2017.440053,-79.60787474373264,2008.622038,-78.78418473199396,2023.719827,-77.52134592034848,,,2024.030573,-87.81310818409331,,,,,,,,,,,,,2020.598507,-74.43581872093554,2011.28025,-85.6628303024358,2019.181612,-88.51158861391052,2016.466747,-83.94931614589193,,,,,,,,,,,,,2017.27397,-87.93331540224285,2013.775211,-89.55583032722568
2009.711562024,-84.03721184375229,2020.601244,-86.75462433558756,,,,,,,,,,,,,,,,,,,,,,,2017.459447,-79.39959209443715,2008.622116,-78.78405800621144,2023.739791,-77.50829943125973,,,2024.068903,-87.24822494931334,,,,,,,,,,,,,2020.617672,-74.29089806683386,2011.30043,-85.15142629649753,2019.200662,-88.47948809834257,2016.486711,-83.60935104000492,,,,,,,,,,,,,2017.29315,-87.70733067834527,2013.783425,-89.59051129663312
2009.727716895,-84.22251972769115,2020.634213,-88.28940104574758,,,,,,,,,,,,,,,,,,,,,,,2017.478269,-79.26269062349982,2008.622196,-78.78392803104988,2023.760497,-77.42218826256355,,,2024.144023,-87.6217731345265,,,,,,,,,,,,,2020.636837,-74.17207495020382,2011.31959,-84.56791751118507,2019.219599,-88.50421310032281,2016.506275,-83.36539902697321,,,,,,,,,,,,,2017.31233,-87.44057845357342,2013.791867,-89.62615492260407
2009.785593607,-83.60380375608776,2020.673855,-90.01029791310506,,,,,,,,,,,,,,,,,,,,,,,2017.497434,-79.18443413074401,2008.622276,-78.78379805588831,2023.77852,-77.28878015359402,,,2024.186288,-88.49138958295718,,,,,,,,,,,,,2020.656001,-74.07282207148275,2011.34155,-83.78346585515025,2019.238992,-88.58841111765236,2016.523273,-83.25470383511511,,,,,,,,,,,,,2017.33151,-87.14127173019085,2013.80008,-89.67333816713123
2009.823658676,-82.60872630583154,2020.709333,-91.24797571651594,,,,,,,,,,,,,,,,,,,,,,,2017.537076,-79.22657606411569,2008.62236,-78.7836615819687,2023.798598,-77.08082329674149,,,2024.224618,-89.54429223092403,,,,,,,,,,,,,2020.673626,-74.02592617754351,2011.36236,-82.96090677555823,2019.256389,-88.73207988487634,2016.54529,-83.29507928394811,,,,,,,,,,,,,2017.35068,-86.82121242464423,2013.811146,-89.75793595528648
2009.881232877,-81.7994319553459,2020.747663,-92.13014194205384,,,,,,,,,,,,,,,,,,,,,,,2017.556127,-79.34692945319277,2008.6224,-78.78359659438811,2023.81685,-76.8464123354335,,,2024.261294,-90.48506062069313,,,,,,,,,,,,,2020.692791,-73.98532658976967,2011.37668,-82.37071076826841,2019.275668,-88.90240111283173,2016.56377,-83.50940758253817,,,,,,,,,,,,,2017.36986,-86.49351054688636,2013.819245,-89.82187141932842
2009.939098174,-82.15912147594607,2020.792552,-92.61082742659168,,,,,,,,,,,,,,,,,,,,,,,2017.575292,-79.50505564798756,2008.713058,-78.12068991634852,2023.834589,-76.60872815903969,,,2024.299624,-91.17397664152749,,,,,,,,,,,,,2020.751484,-73.91152662585992,2011.4154,-80.8692276691052,2019.294719,-89.07127410377227,2016.584247,-83.9654163476492,,,,,,,,,,,,,2017.38904,-86.17214471088323,2013.830197,-89.93014454223872
,,2020.825406,-92.5465172075206,,,,,,,,,,,,,,,,,,,,,,,2017.593031,-79.67120808506944,2008.71313,-78.11881193503223,2023.853868,-76.35903149828168,,,2024.339152,-91.30757649700568,,,,,,,,,,,,,2020.770649,-73.85851738108985,2011.43427,-80.26789273048809,2019.313884,-89.18432575210498,2016.600902,-84.49623682787417,,,,,,,,,,,,,2017.40822,-85.87029649905276,2013.839722,-90.02431012804092
,,2020.865162,-92.08139905403466,,,,,,,,,,,,,,,,,,,,,,,2017.668151,-80.41850658644863,2008.713204,-78.11688178757434,2023.872805,-76.13593386615403,,,2024.377481,-90.49818595443165,,,,,,,,,,,,,2020.789814,-73.76861658642605,2011.45366,-79.7914389978066,2019.330311,-89.200225019333,2016.620409,-85.29077945547289,,,,,,,,,,,,,2017.4274,-85.60005291052495,2013.847822,-90.11324595784696
,,2020.90064,-91.42061036394195,,,,,,,,,,,,,,,,,,,,,,,2017.68743,-80.5981797511769,2008.713282,-78.11484730781551,2023.891741,-75.95727973420149,,,2024.415811,-89.07896292676091,,,,,,,,,,,,,2020.808979,-73.65486847939576,2011.47306,-79.48565470267681,2019.35364,-89.09299192361136,2016.639232,-86.16522049734198,,,,,,,,,,,,,2017.44658,-85.37242270079533,2013.856264,-90.20659574790172
,,2020.94051,-90.68497587024345,,,,,,,,,,,,,,,,,,,,,,,2017.706366,-80.77182993476812,2008.71336,-78.11281282805669,2023.911135,-75.82159031000582,,,2024.452601,-87.6893976181936,,,,,,,,,,,,,2020.961956,-71.71848798445167,2011.4917,-79.36098270185624,2019.391856,-88.46462433420628,2016.658853,-87.12459353971543,,,,,,,,,,,,,2017.46575,-85.19770638819521,2013.870181,-90.36383440926302
,,2020.997777,-90.11773263008654,,,,,,,,,,,,,,,,,,,,,,,2017.725531,-80.95208052373921,2008.713437,-78.11080443136865,2023.931497,-75.70984647258422,,,2024.490931,-86.52296579547306,,,,,,,,,,,,,2021.000286,-71.35686046561237,2011.51087,-79.43071454024238,2019.425793,-87.54132298910461,2016.673056,-87.81293535650848,,,,,,,,,,,,,2017.48493,-85.08540151559906,2013.878052,-90.45416308621678
,,2021.053846,-90.35248956359146,,,,,,,,,,,,,,,,,,,,,,,2017.744925,-81.14280416700397,2008.713516,-78.10874386853902,2023.953172,-75.6053881940166,,,2024.530459,-86.04254153534879,,,,,,,,,,,,,2021.017911,-71.24980941132118,2011.53054,-79.66213267013954,2019.425793,-87.54132298910461,2016.694616,-88.77884241996358,,,,,,,,,,,,,2017.50411,-85.04481612881175,2013.885923,-90.5444794056249
,,2021.09075,-90.53951821231392,,,,,,,,,,,,,,,,,,,,,,,2017.765173,-81.35344935920894,2008.713594,-78.10670938878019,2023.970284,-75.51928501443382,,,2024.568789,-86.47792361257149,,,,,,,,,,,,,2021.056241,-71.3243296118839,2011.56845,-80.43492677037868,,,2016.717546,-89.60936746502894,,,,,,,,,,,,,2017.52329,-85.08417630997162,2013.893909,-90.63607378663613
,,2021.128737,-90.51439057929807,,,,,,,,,,,,,,,,,,,,,,,2017.784567,-81.56742378258257,2008.713676,-78.10457057672635,2023.989449,-75.39741902923394,,,2024.605579,-87.2274259406043,,,,,,,,,,,,,2021.093031,-71.70110771721787,2011.58757,-80.92347961821469,,,2016.733859,-90.06551750628194,,,,,,,,,,,,,2017.54247,-85.2098087263058,2013.902693,-90.73682072413023
,,2021.173741,-90.11390274783056,,,,,,,,,,,,,,,,,,,,,,,2017.803617,-81.79121684582148,2008.713758,-78.10243176467249,,,,,2024.643909,-88.20657186568043,,,,,,,,,,,,,2021.114934,-72.04055813190037,2011.60634,-81.43337030699679,,,2016.753537,-90.37820392818895,,,,,,,,,,,,,2017.56164,-85.42475388839078,2013.911021,-90.83108217584795
,,2021.211956,-89.67419738555733,,,,,,,,,,,,,,,,,,,,,,,2017.822668,-82.023397631941,2008.713842,-78.10024078647113,,,,,2024.680698,-89.22032401640045,,,,,,,,,,,,,2021.150526,-72.72004361901304,2011.62587,-81.97628942116118,,,2016.772588,-90.48194585263492,,,,,,,,,,,,,2017.58082,-85.72787407489926,2013.923284,-90.96865560502316
,,2021.250286,-89.36094752731843,,,,,,,,,,,,,,,,,,,,,,,2017.840407,-82.24268452846134,2008.713927,-78.09802372519898,,,,,2024.721766,-90.41437489098354,,,,,,,,,,,,,2021.176364,-73.2257998062353,2011.66309,-83.00357438541724,,,2016.791981,-90.41932271632717,,,,,,,,,,,,,2017.6,-86.11226929008318,2013.931269,-91.05646820228215
,,2021.287076,-89.25282452203987,,,,,,,,,,,,,,,,,,,,,,,2017.859344,-82.47747635520804,2008.782721,-76.44328003387967,,,,,2024.758556,-91.44432405306112,,,,,,,,,,,,,2021.195529,-73.57997983537436,2011.68385,-83.56292075683362,,,2016.811146,-90.22834418103811,,,,,,,,,,,,,2017.61918,-86.56524500597794,2013.950092,-91.25741377352526
,,2021.32803,-89.19289838401704,,,,,,,,,,,,,,,,,,,,,,,2017.878851,-82.71472285801725,2008.782801,-76.44482789003385,,,,,2024.796886,-92.27001156337643,,,,,,,,,,,,,2021.214694,-73.87265792430304,2011.70265,-84.05592054112681,,,2016.833163,-89.90766615536837,,,,,,,,,,,,,2017.63836,-87.06876058547267,2013.961043,-91.36321749034623
,,2021.367672,-88.91980875727693,,,,,,,,,,,,,,,,,,,,,,,2017.897674,-82.9316216627838,2008.782885,-76.44645313899551,,,,,2024.83379,-92.673075375779,,,,,,,,,,,,,2021.233859,-74.13072109680843,2011.72195,-84.5407852109197,,,2016.84554,-89.70571669831507,,,,,,,,,,,,,2017.65753,-87.60059812884904,2013.972109,-91.46951737138157
,,2021.403378,-88.39034798198651,,,,,,,,,,,,,,,,,,,,,,,2017.918379,-83.15324285241573,2008.782966,-76.44802034334934,,,,,2024.87212,-92.32131318832245,,,,,,,,,,,,,2021.270649,-74.4648505843473,2011.74119,-84.9892681611149,,,2016.867101,-89.34709308653952,,,,,,,,,,,,,2017.67671,-88.13770485167322,2013.980322,-91.53403842795382
,,2021.43743,-87.82897904959468,,,,,,,,,,,,,,,,,,,,,,,2017.937201,-83.33406762536731,2008.78305,-76.449645592311,,,,,2024.91045,-91.15736887592779,,,,,,,,,,,,,2021.289814,-74.5919504879956,2011.76065,-85.38909347765835,,,2016.88638,-89.05489200412579,,,,,,,,,,,,,2017.69863,-88.73081552137744,2013.988764,-91.6003585009597
,,2021.478383,-87.44580059789925,,,,,,,,,,,,,,,,,,,,,,,2017.956595,-83.49521957942149,2008.783126,-76.45111605565769,,,,,,,,,,,,,,,,,,,2021.308979,-74.69194090929051,2011.77985,-85.71037017510372,,,2016.905545,-88.8105564498906,,,,,,,,,,,,,2017.71507,-89.13993192472108,2013.999601,-91.66904856335233
,,2021.520649,-87.73390074259106,,,,,,,,,,,,,,,,,,,,,,,2017.97576,-83.61290403959008,2008.783204,-76.45262521540812,,,,,,,,,,,,,,,,,,,2021.328144,-74.79788629910499,2011.80126,-85.951360868277,,,2016.925908,-88.59556206516673,,,,,,,,,,,,,2017.73425,-89.572497732329,2014.006389,-91.70350188934606
,,2021.556127,-88.56954908339446,,,,,,,,,,,,,,,,,,,,,,,2017.995039,-83.68576798183521,2008.783288,-76.45425046436978,,,,,,,,,,,,,,,,,,,2021.348507,-74.91743832038738,2011.81815,-86.0463683794239,,,2016.945529,-88.42340654811949,,,,,,,,,,,,,2017.75342,-89.9478542903974,2014.022588,-91.75964776986923
,,2021.595655,-89.8311473879372,,,,,,,,,,,,,,,,,,,,,,,2018.031943,-83.69616558005103,2008.783374,-76.45591440973519,,,,,,,,,,,,,,,,,,,2021.370409,-75.08706721713502,2011.85642,-85.92085330658823,,,2016.964694,-88.27479110533012,,,,,,,,,,,,,2017.7726,-90.26607486308531,2014.031144,-91.77113149730904
,,2021.633985,-91.03751491538907,,,,,,,,,,,,,,,,,,,,,,,2018.050994,-83.62023238671524,2008.783455,-76.45748161408902,,,,,,,,,,,,,,,,,,,2021.386837,-75.22880445202861,2011.87548,-85.72841395108716,,,2016.989106,-88.09634514353468,,,,,,,,,,,,,2017.79178,-90.53172552230936,2014.039357,-91.7740780590685
,,2021.668151,-91.88656255180483,,,,,,,,,,,,,,,,,,,,,,,2018.070159,-83.48817935170489,2008.783535,-76.4590294702432,,,,,,,,,,,,,,,,,,,2021.423626,-75.58693104391884,2011.89428,-85.49103024192833,,,2017.000286,-88.01528199992684,,,,,,,,,,,,,2017.81096,-90.75241735311405,2014.047571,-91.74895134024896
,,2021.706366,-92.51492506702976,,,,,,,,,,,,,,,,,,,,,,,2018.087555,-83.33667451959674,2008.783575,-76.45980339831809,,,,,,,,,,,,,,,,,,,2021.442791,-75.77190991984129,2011.91781,-85.18052907757719,,,2017.017683,-87.88865956012845,,,,,,,,,,,,,2017.83014,-90.93583442325883,2014.055442,-91.72487386230516
,,2021.744811,-92.89941312536374,,,,,,,,,,,,,,,,,,,,,,,2018.10672,-83.14243910632466,2008.868842,-78.15396363089847,,,,,,,,,,,,,,,,,,,2021.461956,-75.92887428837192,2011.93318,-84.99947828929096,,,2017.039357,-87.73743426254761,,,,,,,,,,,,,2017.84932,-91.08706763095576,2014.077345,-91.57612896432035
,,2021.787304,-93.20974887362176,,,,,,,,,,,,,,,,,,,,,,,2018.125885,-82.92982336060462,2008.868918,-78.15764975590052,,,,,,,,,,,,,,,,,,,2021.481121,-76.0452254155704,2011.95261,-84.83026491916178,,,2017.056241,-87.6362908168634,,,,,,,,,,,,,2017.86849,-91.20665216419843,2014.095084,-91.38395130547973
,,2021.822668,-93.44293026750523,,,,,,,,,,,,,,,,,,,,,,,2018.14505,-82.72459274603392,2008.868994,-78.16133588091361,,,,,,,,,,,,,,,,,,,2021.501484,-76.13246518637231,2011.97146,-84.76316757054413,,,2017.078144,-87.53594171238957,,,,,,,,,,,,,2017.88767,-91.29004740596847,2014.116987,-91.08156698895671
,,2021.859572,-93.64525824127381,,,,,,,,,,,,,,,,,,,,,,,2018.170774,-82.48605023894305,2008.869074,-78.16521601250575,,,,,,,,,,,,,,,,,,,2021.520649,-76.1387109934982,2011.99079,-84.8038689913808,,,2017.093031,-87.49578511452592,,,,,,,,,,,,,2017.90685,-91.32781750976991,2014.136152,-90.77033216538467
,,2021.93743,-93.92538249218654,,,,,,,,,,,,,,,,,,,,,,,2018.209104,-82.2720432001957,2008.869152,-78.16899914080837,,,,,,,,,,,,,,,,,,,2021.539814,-76.10864115010214,2012.00967,-84.94163823155243,,,2017.117786,-87.4807820573377,,,,,,,,,,,,,2017.92603,-91.30781506952654,2014.155431,-90.4301182317146
,,2021.975988,-94.14458609051755,,,,,,,,,,,,,,,,,,,,,,,2018.228498,-82.2297271329142,2008.869232,-78.17287927240051,,,,,,,,,,,,,,,,,,,2021.558979,-76.04401790364945,2012.02885,-85.16454611930605,,,2017.152579,-87.54136348001845,,,,,,,,,,,,,2017.94521,-91.2179392301575,2014.181155,-89.95212114044368
,,2022.013235,-94.4141702548197,,,,,,,,,,,,,,,,,,,,,,,2018.244696,-82.23194733229052,2008.869312,-78.17675940399265,,,,,,,,,,,,,,,,,,,2021.578144,-75.94240105149103,2012.05074,-85.49449710786672,,,2017.178531,-87.59648618909436,,,,,,,,,,,,,2017.96438,-91.04946258233868,2014.203514,-89.52113892833955
,,2022.05396,-94.59326052703648,,,,,,,,,,,,,,,,,,,,,,,2018.265287,-82.2518368680156,2008.869395,-78.18078504051357,,,,,,,,,,,,,,,,,,,2021.595769,-75.84630663031349,2012.06727,-85.77324874857423,,,2017.200548,-87.60338389771587,,,,,,,,,,,,,2017.98356,-90.79959553425992,2014.222565,-89.13594170909862
,,2022.087784,-94.44800344128856,,,,,,,,,,,,,,,,,,,,,,,2018.284224,-82.27130596036095,2008.869475,-78.18466517210571,,,,,,,,,,,,,,,,,,,2021.61482,-75.74132085404143,2012.10524,-86.42430096169412,,,2017.214123,-87.58038870730783,,,,,,,,,,,,,2018.00274,-90.47393317601713,2014.241616,-88.72419348785162
,,2022.126228,-93.88295542498186,,,,,,,,,,,,,,,,,,,,,,,2018.303389,-82.27635861799722,2008.869553,-78.18844830040833,,,,,,,,,,,,,,,,,,,2021.631361,-75.66575532140853,2012.12446,-86.71547478431255,,,2017.238764,-87.4524736210818,,,,,,,,,,,,,2018.02192,-90.0868363518513,2014.259583,-88.30329285071087
,,2022.171117,-92.79983206127771,,,,,,,,,,,,,,,,,,,,,,,2018.322554,-82.24152916176176,2008.869595,-78.19048536948841,,,,,,,,,,,,,,,,,,,2021.653264,-75.58150695516812,2012.14363,-86.96565156951662,,,2017.253423,-87.31446599209944,,,,,,,,,,,,,2018.0411,-89.66052095572888,2014.278178,-87.82448820771042
,,2022.209333,-91.86446503008393,,,,,,,,,,,,,,,,,,,,,,,2018.342917,-82.13664550299254,2008.938423,-81.52875658373576,,,,,,,,,,,,,,,,,,,2021.670889,-75.54371553936166,2012.16262,-87.17091852395306,,,2017.270307,-87.12007509758602,,,,,,,,,,,,,2018.06027,-89.22284975879889,2014.297457,-87.27785900791898
,,2022.247434,-91.21139850186718,,,,,,,,,,,,,,,,,,,,,,,2018.381247,-81.76381448888898,2008.938501,-81.53253971203837,,,,,,,,,,,,,,,,,,,2021.690053,-75.51567492995828,2012.18184,-87.33307546341621,,,2017.291639,-86.82156613792604,,,,,,,,,,,,,2018.07945,-88.80289959814351,2014.316508,-86.71342469262724
,,2022.284224,-90.89954139552336,,,,,,,,,,,,,,,,,,,,,,,2018.400526,-81.501232026695,2008.938581,-81.53641984363051,,,,,,,,,,,,,,,,,,,2021.709218,-75.5012610377541,2012.19968,-87.43952470808205,,,2017.311032,-86.51606401929367,,,,,,,,,,,,,2018.09863,-88.42839960804677,2014.336984,-86.11663010242428
,,2022.322668,-90.7243111390727,,,,,,,,,,,,,,,,,,,,,,,2018.417067,-81.24224462933557,2008.938661,-81.54029997521162,,,,,,,,,,,,,,,,,,,2021.728383,-75.48830948746442,2012.22346,-87.50028579745766,,,2017.331452,-86.17956917294751,,,,,,,,,,,,,2018.11781,-88.1210362779773,2014.355921,-85.62187954543629
,,2022.36482,-90.31017388905912,,,,,,,,,,,,,,,,,,,,,,,2018.437316,-80.92099735475985,2008.938743,-81.54427711009329,,,,,,,,,,,,,,,,,,,2021.747548,-75.46585892088176,2012.2389,-87.48973319995659,,,2017.350674,-85.86542479718881,,,,,,,,,,,,,2018.13699,-87.89381457128191,2014.372234,-85.27397253228136
,,2022.403264,-89.53762180807824,,,,,,,,,,,,,,,,,,,,,,,2018.456366,-80.63037548828828,2008.938823,-81.54815724168544,,,,,,,,,,,,,,,,,,,2021.767911,-75.42250293054755,2012.26081,-87.36921082295022,,,2017.369839,-85.56552712819123,,,,,,,,,,,,,2018.15616,-87.74958894763287,2014.391285,-85.00595769415027
,,2022.437316,-88.61983660428434,,,,,,,,,,,,,,,,,,,,,,,2018.475646,-80.36350117573308,2008.938902,-81.55198887163833,,,,,,,,,,,,,,,,,,,2021.787076,-75.3378300119463,2012.27752,-87.18824382396684,,,2017.388889,-85.28857958500163,,,,,,,,,,,,,2018.17534,-87.68079578387416,2014.410564,-84.93422705881594
,,2022.475531,-87.66711111630346,,,,,,,,,,,,,,,,,,,,,,,2018.494811,-80.15154796651287,2008.93898,-81.55577199992992,,,,,,,,,,,,,,,,,,,2021.806241,-75.22711131750712,2012.2964,-86.87421100269232,,,2017.408169,-85.0256497902937,,,,,,,,,,,,,2018.19452,-87.67149861020675,2014.428189,-85.11572829856699
,,2022.515287,-87.29512924765699,,,,,,,,,,,,,,,,,,,,,,,2018.515287,-79.99919105976181,2008.93906,-81.55965213152206,,,,,,,,,,,,,,,,,,,2021.825406,-75.06750792665848,2012.31859,-86.3714427951694,,,2017.426136,-84.79441724735965,,,,,,,,,,,,,2018.2137,-87.69967048950632,2014.447696,-85.54969605689902
,,2022.553503,-87.72975125199048,,,,,,,,,,,,,,,,,,,,,,,2018.534681,-79.92033576148226,2008.939136,-81.56333825653515,,,,,,,,,,,,,,,,,,,2021.843031,-74.8801083689357,2012.35371,-85.31335178678341,,,2017.444958,-84.56619141548725,,,,,,,,,,,,,2018.23288,-87.74062451156925,2014.466747,-86.1990967534543
,,2022.590179,-88.71856913662468,,,,,,,,,,,,,,,,,,,,,,,2018.553503,-79.89957094612019,2008.939214,-81.56712138483776,,,,,,,,,,,,,,,,,,,2021.862196,-74.65181134928406,2012.37304,-84.65584480909072,,,2017.476102,-84.23227276581773,,,,,,,,,,,,,2018.25205,-87.77036409272183,2014.486026,-87.03747649896866
,,2022.628509,-90.00688763900774,,,,,,,,,,,,,,,,,,,,,,,2018.590179,-80.01324866948832,2008.939253,-81.56901294898907,,,,,,,,,,,,,,,,,,,2021.881361,-74.37118078686451,2012.39212,-84.00705331743896,,,2017.494126,-84.09159282566534,,,,,,,,,,,,,2018.27123,-87.76854177334097,2014.508898,-88.18471746271351
,,2022.667067,-91.27222680429519,,,,,,,,,,,,,,,,,,,,,,,2018.609344,-80.1341537758331,2009.040925,-83.68987363975371,,,,,,,,,,,,,,,,,,,2021.900526,-74.0767618238077,2012.43016,-82.94575287751297,,,2017.512892,-84.00782588126904,,,,,,,,,,,,,2018.29041,-87.72033123952762,2014.525097,-89.02671795081602
,,2022.703743,-92.28582847764409,,,,,,,,,,,,,,,,,,,,,,,2018.628509,-80.28234644585804,2009.041005,-83.6911374588334,,,,,,,,,,,,,,,,,,,2021.920889,-73.74700232057329,2012.44937,-82.63063628001144,,,2017.526695,-83.99330602197065,,,,,,,,,,,,,2018.30959,-87.61746688476666,2014.544262,-89.98820543462429
,,2022.745039,-93.15610030638521,,,,,,,,,,,,,,,,,,,,,,,2018.647674,-80.45280715430172,2009.041087,-83.69243287338998,,,,,,,,,,,,,,,,,,,2021.940053,-73.44243687506612,2012.46841,-82.49928121798311,,,2017.542095,-84.05196840758246,,,,,,,,,,,,,2018.32877,-87.45817573850881,2014.564569,-90.87997439017596
,,2022.7816,-93.67415953900269,,,,,,,,,,,,,,,,,,,,,,,2018.666953,-80.64591840262676,2009.041167,-83.69369669246964,,,,,,,,,,,,,,,,,,,2021.959218,-73.15741452115844,2012.4877,-82.55738681829828,,,2017.561146,-84.25607296621641,,,,,,,,,,,,,2018.34795,-87.24634416286972,2014.582592,-91.4912446637303
,,2022.825748,-93.94482383404792,,,,,,,,,,,,,,,,,,,,,,,2018.684464,-80.8363387237254,2009.041247,-83.69496051154933,,,,,,,,,,,,,,,,,,,2021.978383,-72.90367923091233,2012.5056,-82.77396661759282,,,2017.587555,-84.75734049819833,,,,,,,,,,,,,2018.36712,-86.99039930732575,2014.600445,-91.91134162743946
,,2022.856948,-93.89293564766598,,,,,,,,,,,,,,,,,,,,,,,2018.703629,-81.0565827827637,2009.04133,-83.69627172384256,,,,,,,,,,,,,,,,,,,2021.997548,-72.72906488330806,2012.54501,-83.71572480141684,,,2017.609458,-85.39160195494705,,,,,,,,,,,,,2018.3863,-86.70143780589049,2014.61961,-92.17742466872072
,,2022.895393,-93.58124937877086,,,,,,,,,,,,,,,,,,,,,,,2018.722908,-81.2903664221453,2009.041406,-83.69747235196843,,,,,,,,,,,,,,,,,,,2022.015173,-72.60715387749188,2012.56423,-84.32575753536383,,,2017.625543,-85.96390260247928,,,,,,,,,,,,,2018.40548,-86.3928679352176,2014.639004,-92.26875101183997
,,2022.934578,-93.16191004237876,,,,,,,,,,,,,,,,,,,,,,,2018.741959,-81.53320092803702,2009.041484,-83.6987045755712,,,,,,,,,,,,,,,,,,,2022.034338,-72.58893818136636,2012.58361,-84.97378959514742,,,2017.641399,-86.568061552524,,,,,,,,,,,,,2018.42466,-86.07913663944528,2014.658169,-92.22477296351563
,,2022.97325,-92.88807782591864,,,,,,,,,,,,,,,,,,,,,,,2018.762321,-81.80090854864173,2009.041564,-83.69996839465088,,,,,,,,,,,,,,,,,,,2022.072668,-72.80394854210162,2012.60241,-85.59131675423616,,,2017.658853,-87.26050883261141,,,,,,,,,,,,,2018.44384,-85.77540638672221,2014.681612,-92.0649771203534
,,2023.012435,-92.90196079808173,,,,,,,,,,,,,,,,,,,,,,,2018.781486,-82.05387867089739,2009.041644,-83.70123221372697,,,,,,,,,,,,,,,,,,,2022.109458,-73.3938700165484,2012.6219,-86.19441294206754,,,2017.67876,-88.03760369830606,,,,,,,,,,,,,2018.46301,-85.49742491180228,2014.69473,-91.95951245195111
,,2023.048142,-93.10211643584033,,,,,,,,,,,,,,,,,,,,,,,2018.800651,-82.30339017555654,2009.041722,-83.70246443732974,,,,,,,,,,,,,,,,,,,2022.128623,-73.78725020077665,2012.64064,-86.72265455138212,,,2017.695529,-88.63039079359984,,,,,,,,,,,,,2018.48219,-85.26064444310249,2014.711842,-91.85135262621242
,,2023.084817,-93.2243581358891,,,,,,,,,,,,,,,,,,,,,,,2018.820159,-82.54959816357467,2009.041764,-83.70312794234827,,,,,,,,,,,,,,,,,,,2022.173626,-74.77555056434353,2012.66022,-87.21240917078174,,,2017.711614,-89.10192897301471,,,,,,,,,,,,,2018.50137,-85.08057560668561,2014.736254,-91.78134093087571
,,2023.128737,-93.01310406933756,,,,,,,,,,,,,,,,,,,,,,,2018.837669,-82.75646208405576,2009.110596,-84.49779550596149,,,,,,,,,,,,,,,,,,,2022.192791,-75.17405900113927,2012.67893,-87.6201381177448,,,2017.730779,-89.53981702845657,,,,,,,,,,,,,2018.52055,-84.97121850809825,2014.756731,-91.83881226387966
,,2023.168151,-92.43427237104342,,,,,,,,,,,,,,,,,,,,,,,2018.856606,-82.96445719473083,2009.110678,-84.4987375909729,,,,,,,,,,,,,,,,,,,2022.211956,-75.48097885481234,2012.69803,-87.97633044652838,,,2017.746978,-89.79361602659401,,,,,,,,,,,,,2018.53973,-84.94387522689854,2014.778634,-92.00825273378535
,,2023.211842,-91.66992787994987,,,,,,,,,,,,,,,,,,,,,,,2018.875771,-83.15948027034827,2009.110756,-84.49963372061801,,,,,,,,,,,,,,,,,,,2022.231121,-75.7373611146169,2012.71764,-88.27673941301556,,,2017.768025,-89.94059017861544,,,,,,,,,,,,,2018.5589,-85.00554818623728,2014.800423,-92.26554712410032
,,2023.244811,-91.25500258426437,,,,,,,,,,,,,,,,,,,,,,,2018.895164,-83.34109397441257,2009.110832,-84.50050687257999,,,,,,,,,,,,,,,,,,,2022.250286,-75.9243279051964,2012.73668,-88.50149077788816,,,2017.797685,-89.85252365506702,,,,,,,,,,,,,2018.61644,-85.70326741366378,2015.35364,-86.25673249344058
,,2023.284452,-90.98029738035969,,,,,,,,,,,,,,,,,,,,,,,2018.914101,-83.50233602769269,2009.110908,-84.50138002454197,,,,,,,,,,,,,,,,,,,2022.267911,-76.01480570238473,2012.75537,-88.65691923541216,,,2017.808636,-89.77244324593894,,,,,,,,,,,,,2018.63562,-86.06525782832776,2015.374972,-85.85850224629951
,,2023.322554,-90.82131334473337,,,,,,,,,,,,,,,,,,,,,,,2018.934464,-83.66072201815595,2009.110986,-84.50227615418447,,,,,,,,,,,,,,,,,,,2022.287076,-76.08290145516278,2012.77449,-88.74136062144221,,,2017.827687,-89.56003950236634,,,,,,,,,,,,,2018.65479,-86.45641093438552,2015.391285,-85.71002466309835
,,2023.360029,-90.54616031959226,,,,,,,,,,,,,,,,,,,,,,,2018.953629,-83.79783918110425,2009.111062,-84.50314930614645,,,,,,,,,,,,,,,,,,,2022.306241,-76.09947631117835,2012.79365,-88.74098033781144,,,2017.847936,-89.30941823957743,,,,,,,,,,,,,2018.67397,-86.85147334494944,2015.410564,-85.7193708931772
,,2023.398245,-90.04357901744888,,,,,,,,,,,,,,,,,,,,,,,2018.972908,-83.9233461323194,2009.111142,-84.50406841347471,,,,,,,,,,,,,,,,,,,2022.325406,-76.11087051684399,2012.81315,-88.6464826862264,,,2017.864477,-89.11018336848865,,,,,,,,,,,,,2018.69315,-87.22571033017783,2015.426364,-85.90151389582493
,,2023.434578,-89.46963127588309,,,,,,,,,,,,,,,,,,,,,,,2018.992643,-84.03645572606663,2009.111226,-84.50503347616926,,,,,,,,,,,,,,,,,,,2022.345769,-76.12363948699183,2012.83225,-88.46181288197263,,,2017.883642,-88.89942008774052,,,,,,,,,,,,,2018.71233,-87.55884117272377,2015.836984,-92.47161619490103
,,2023.478383,-89.04599432351881,,,,,,,,,,,,,,,,,,,,,,,2019.009698,-84.11248228046954,2009.111311,-84.50601002770406,,,,,,,,,,,,,,,,,,,2022.364934,-76.16929254223207,2012.85123,-88.19447025929838,,,2017.902807,-88.71827474120315,,,,,,,,,,,,,2018.73151,-87.83736325046374,2015.848164,-92.52076635569148
,,2023.512435,-89.16775197532435,,,,,,,,,,,,,,,,,,,,,,,2019.029091,-84.17206012134164,2009.111399,-84.5070210457649,,,,,,,,,,,,,,,,,,,2022.384099,-76.24586959616079,2012.87041,-87.85003419095561,,,2017.923398,-88.55577491408333,,,,,,,,,,,,,2018.75068,-88.0558958932466,2015.859116,-92.56638959054557
,,2023.551222,-89.91155005880789,,,,,,,,,,,,,,,,,,,,,,,2019.067877,-84.19245785908608,2009.111448,-84.50758399900577,,,,,,,,,,,,,,,,,,,2022.420889,-76.41552870962413,2012.88947,-87.46830864964842,,,2017.945073,-88.40811351457545,,,,,,,,,,,,,2018.76986,-88.21773014284335,2015.867329,-92.59391414313644
,,2023.625771,-92.20202122293637,,,,,,,,,,,,,,,,,,,,,,,2019.084817,-84.14813983640371,2009.188434,-84.94307587244847,,,,,,,,,,,,,,,,,,,,,2012.90865,-87.08003034413959,,,2017.969827,-88.24704850226776,,,,,,,,,,,,,2018.78904,-88.33275772617574,2015.878166,-92.63023261098427
,,2023.701005,-93.63587061740446,,,,,,,,,,,,,,,,,,,,,,,2019.103868,-84.06149084560673,2009.18852,-84.94339933120028,,,,,,,,,,,,,,,,,,,,,2012.92767,-86.7200064082894,,,2017.986254,-88.13744881548772,,,,,,,,,,,,,2018.80822,-88.41553382862978,2015.888547,-92.65055077108968
,,2023.745267,-94.0028735451843,,,,,,,,,,,,,,,,,,,,,,,2019.123147,-83.9437589473188,2009.1886,-84.94370022306248,,,,,,,,,,,,,,,,,,,,,2012.94698,-86.40490292663557,,,2018.003765,-88.01624368709925,,,,,,,,,,,,,2018.8274,-88.48192611832236,2015.896875,-92.66632248323975
,,2023.779319,-94.20126162990823,,,,,,,,,,,,,,,,,,,,,,,2019.142198,-83.80272913499608,2009.18868,-84.94400111492467,,,,,,,,,,,,,,,,,,,,,2012.96639,-86.15734098436444,,,2018.015173,-87.93946900363363,,,,,,,,,,,,,2018.84658,-88.54583746540106,2015.905088,-92.67529865795947
,,2023.817192,-94.40300844564756,,,,,,,,,,,,,,,,,,,,,,,2019.168037,-83.5822550811873,2009.188758,-84.94429448449034,,,,,,,,,,,,,,,,,,,,,2012.9846,-85.99306708584668,,,2018.039357,-87.79293709088644,,,,,,,,,,,,,2018.85479,-88.57520663273333,2015.917352,-92.6808043701311
,,2023.854439,-94.55945917609174,,,,,,,,,,,,,,,,,,,,,,,2019.187316,-83.40947887030407,2009.188834,-84.94458033175947,,,,,,,,,,,,,,,,,,,,,2013.00432,-85.89079243064887,,,2018.056241,-87.7193573928917,,,,,,,,,,,,,2018.86575,-88.61642658163684,2015.926136,-92.6801569251333
,,2023.892426,-94.65934278453074,,,,,,,,,,,,,,,,,,,,,,,2019.206595,-83.23613453002353,2009.188908,-84.94485865673207,,,,,,,,,,,,,,,,,,,,,2013.0239,-85.85309558167265,,,2018.074949,-87.67917614121681,,,,,,,,,,,,,2018.90411,-88.78253697619864,2015.936859,-92.67160323659057
,,2023.93184,-94.7381928810064,,,,,,,,,,,,,,,,,,,,,,,2019.225531,-83.06652329311918,2009.188986,-84.94515202629773,,,,,,,,,,,,,,,,,,,,,2013.04264,-85.84854980055599,,,2018.111739,-87.77839028290545,,,,,,,,,,,,,2018.90959,-88.80679623482152,2015.945073,-92.66426503370181
,,2023.970741,-94.8689340787486,,,,,,,,,,,,,,,,,,,,,,,2019.244696,-82.89303325010707,2009.18907,-84.94546796275213,,,,,,,,,,,,,,,,,,,,,2013.06189,-85.84923514117824,,,2018.134099,-87.94885329234273,,,,,,,,,,,,,2018.92329,-88.8649800902102,2015.956138,-92.64304744020495
,,2024.007074,-95.0555049614394,,,,,,,,,,,,,,,,,,,,,,,2019.262321,-82.73002007094927,2009.189152,-84.94577637691087,,,,,,,,,,,,,,,,,,,,,2013.08104,-85.83693799037376,,,2018.150069,-88.10663790803535,,,,,,,,,,,,,2018.92877,-88.88638171262171,2015.975189,-92.59553838786448
,,2024.051336,-95.22415689995397,,,,,,,,,,,,,,,,,,,,,,,2019.278748,-82.56381403394244,2009.189233,-84.94608102992176,,,,,,,,,,,,,,,,,,,,,2013.10006,-85.79937747584042,,,2018.176364,-88.37838200726807,,,,,,,,,,,,,2018.94521,-88.94051210076373,2015.983517,-92.56929669647401
,,2024.083734,-95.16419586394683,,,,,,,,,,,,,,,,,,,,,,,2019.298027,-82.35215635377548,2009.189279,-84.94625404274203,,,,,,,,,,,,,,,,,,,,,2013.11932,-85.73004345678336,,,2018.192791,-88.52360174483061,,,,,,,,,,,,,2018.95068,-88.95095742691377,2015.994582,-92.52419340688944
,,2024.120524,-94.74285643818043,,,,,,,,,,,,,,,,,,,,,,,2019.319816,-82.08593791508913,2009.304879,-83.75702790778342,,,,,,,,,,,,,,,,,,,,,2013.13811,-85.63381351491535,,,2018.214238,-88.6542734837144,,,,,,,,,,,,,2018.96164,-88.9693776944916,2015.999944,-92.49868738001099
,,2024.161705,-93.85992920306099,,,,,,,,,,,,,,,,,,,,,,,2019.340179,-81.81146277977238,2009.304957,-83.7558631681088,,,,,,,,,,,,,,,,,,,,,2013.15732,-85.5130122083296,,,2018.230893,-88.69071493749989,,,,,,,,,,,,,2018.96712,-88.97448880415229,2016.011979,-92.43752080084136
,,2024.201005,-92.938163946584,,,,,,,,,,,,,,,,,,,,,,,2019.359458,-81.53274624616157,2009.305035,-83.75469842843417,,,,,,,,,,,,,,,,,,,,,2013.17734,-85.37481242575029,,,2018.270535,-88.49543064243184,,,,,,,,,,,,,2018.98082,-88.96879253818763,2016.020307,-92.38030899050791
,,2024.237054,-92.34835532695237,,,,,,,,,,,,,,,,,,,,,,,2019.378623,-81.25307603544982,2009.305109,-83.75359341900248,,,,,,,,,,,,,,,,,,,,,2013.19595,-85.2457261847339,,,2018.289243,-88.26696637891062,,,,,,,,,,,,,2018.98356,-88.96765328499473,2016.031258,-92.30507765825907
,,2024.276011,-92.03721910646246,,,,,,,,,,,,,,,,,,,,,,,2019.397674,-80.99330661280017,2009.363566,-82.77062849252437,,,,,,,,,,,,,,,,,,,,,2013.21581,-85.10882551804306,,,2018.306241,-87.99284079905449,,,,,,,,,,,,,2019.0,-88.92490863117011,2016.039357,-92.23091499262812
,,2024.31434,-91.8642960616907,,,,,,,,,,,,,,,,,,,,,,,2019.416839,-80.76463051185046,2009.36364,-82.76938280649843,,,,,,,,,,,,,,,,,,,,,2013.25355,-84.8200465380836,,,2018.327573,-87.60190897160241,,,,,,,,,,,,,2019.00274,-88.91748527155644,2016.050195,-92.12901294262774
,,2024.354211,-91.46598439118138,,,,,,,,,,,,,,,,,,,,,,,2019.434464,-80.5911733229061,2009.363714,-82.7681371204725,,,,,,,,,,,,,,,,,,,,,2013.27309,-84.62569527505076,,,2018.347936,-87.1958313199523,,,,,,,,,,,,,2019.01918,-88.83930406675306,2016.061374,-92.00428823216977
,,2024.39505,-90.59329036502126,,,,,,,,,,,,,,,,,,,,,,,2019.453629,-80.49468707578407,2009.363788,-82.76689143444656,,,,,,,,,,,,,,,,,,,,,2013.29189,-84.38764370060557,,,2018.367101,-86.80412380625943,,,,,,,,,,,,,2019.02192,-88.82599423755674,2016.069702,-91.90395048223552
,,2024.429559,-89.58412678086889,,,,,,,,,,,,,,,,,,,,,,,2019.472908,-80.47608244551728,2009.438672,-80.02055573428478,,,,,,,,,,,,,,,,,,,,,2013.31093,-84.07985120424107,,,2018.383642,-86.46814044775336,,,,,,,,,,,,,2019.03836,-88.71980770627324,2016.077801,-91.80190664116185
,,2024.467318,-88.54596120614606,,,,,,,,,,,,,,,,,,,,,,,2019.491959,-80.53467876774715,2009.438754,-80.01648742029407,,,,,,,,,,,,,,,,,,,,,2013.32899,-83.70670642552459,,,2018.405431,-86.03880476937871,,,,,,,,,,,,,2019.0411,-88.70189167740811,2016.087099,-91.66829216132857
,,2024.50696,-87.95831922431721,,,,,,,,,,,,,,,,,,,,,,,2019.509926,-80.65460535504201,2009.438832,-80.0126175606438,,,,,,,,,,,,,,,,,,,,,2013.34945,-83.21281780439124,,,2018.428189,-85.61468365701111,,,,,,,,,,,,,2019.05753,-88.57910327488203,2016.095426,-91.5486311833169
,,2024.545175,-88.12599167053183,,,,,,,,,,,,,,,,,,,,,,,2019.5316,-80.89137635899213,2009.438904,-80.00904538250423,,,,,,,,,,,,,,,,,,,,,2013.3877,-82.1772147000288,,,2018.442221,-85.36602883761765,,,,,,,,,,,,,2019.06027,-88.5584989306723,2016.106264,-91.37943976227166
,,2024.58362,-88.95341759153565,,,,,,,,,,,,,,,,,,,,,,,2019.550651,-81.14942714085524,2009.511081,-76.54723430939036,,,,,,,,,,,,,,,,,,,,,2013.40679,-81.67910642350076,,,2018.461386,-85.05826329048372,,,,,,,,,,,,,2019.07671,-88.43193548031482,2016.114705,-91.24473693837955
,,2024.620409,-90.07426861264933,,,,,,,,,,,,,,,,,,,,,,,2019.56993,-81.42432334663161,2009.511164,-76.54344533296896,,,,,,,,,,,,,,,,,,,,,2013.42616,-81.2408662057938,,,2018.48055,-84.7940630714417,,,,,,,,,,,,,2019.07945,-88.41081701660345,2016.122805,-91.1135438885508
,,2024.664215,-91.37199693864119,,,,,,,,,,,,,,,,,,,,,,,2019.587669,-81.67604243888698,2009.51125,-76.53951940558757,,,,,,,,,,,,,,,,,,,,,2013.44518,-80.91325926907885,,,2018.500571,-84.58387269199419,,,,,,,,,,,,,2019.09589,-88.29248632978182,2016.133642,-90.93383267793412
,,2024.698153,-92.18015976678525,,,,,,,,,,,,,,,,,,,,,,,2019.606606,-81.92861120864416,2009.511324,-76.5361412820254,,,,,,,,,,,,,,,,,,,,,2013.46434,-80.71721761900615,,,2018.520649,-84.46653823125506,,,,,,,,,,,,,2019.09863,-88.27283442310076,2016.144936,-90.74747039556189
,,2024.773387,-93.21122607042784,,,,,,,,,,,,,,,,,,,,,,,2019.625885,-82.13623461913907,2009.597135,-74.37301030401393,,,,,,,,,,,,,,,,,,,,,2013.48366,-80.69472471355851,,,2018.539243,-84.46288964518872,,,,,,,,,,,,,2019.11507,-88.17118078501532,2016.155431,-90.57637600049078
,,2024.811831,-93.46096707177755,,,,,,,,,,,,,,,,,,,,,,,2019.64505,-82.29741711097901,2009.597211,-74.37422754020012,,,,,,,,,,,,,,,,,,,,,2013.50316,-80.83329275876848,,,2018.558522,-84.58377905678408,,,,,,,,,,,,,2019.11781,-88.15437372345191,2016.167694,-90.37993951982828
,,,,,,,,,,,,,,,,,,,,,,,,,,2019.664101,-82.41400303845079,2009.597295,-74.3755729065108,,,,,,,,,,,,,,,,,,,,,2013.52095,-81.08338347601385,,,2018.575064,-84.78741676828432,,,,,,,,,,,,,2019.13425,-88.07250998787073,2016.176022,-90.25116627385165
,,,,,,,,,,,,,,,,,,,,,,,,,,2019.68184,-82.48720693725453,2009.597373,-74.37682217522811,,,,,,,,,,,,,,,,,,,,,2013.54123,-81.47808990440893,,,2018.595198,-85.20070669904779,,,,,,,,,,,,,2019.13699,-88.05902346507781,2016.186517,-90.08979693406327
,,,,,,,,,,,,,,,,,,,,,,,,,,2019.701005,-82.52257953110833,2009.677742,-75.81705319162592,,,,,,,,,,,,,,,,,,,,,2013.56065,-81.93661019490699,,,2018.616987,-85.78884031686118,,,,,,,,,,,,,2019.15342,-87.99397093355337,2016.194273,-89.97660206967396
,,,,,,,,,,,,,,,,,,,,,,,,,,2019.720056,-82.54030632950946,2009.677824,-75.81895336243974,,,,,,,,,,,,,,,,,,,,,2013.57972,-82.42974452166537,,,2018.633528,-86.31182003140036,,,,,,,,,,,,,2019.15616,-87.98325328013865,2016.208191,-89.77377764436253
,,,,,,,,,,,,,,,,,,,,,,,,,,2019.739335,-82.55241914868117,2009.677903,-75.82078401480672,,,,,,,,,,,,,,,,,,,,,2013.59862,-82.93270903778652,,,2018.656116,-87.05755901096167,,,,,,,,,,,,,2019.1726,-87.92617415796533,2016.217318,-89.64398945479665
,,,,,,,,,,,,,,,,,,,,,,,,,,2019.759583,-82.5699696639501,2009.677976,-75.82247563028527,,,,,,,,,,,,,,,,,,,,,2013.61782,-83.43587894843328,,,2018.672941,-87.59566605561027,,,,,,,,,,,,,2019.17808,-87.90659967932328,2016.225303,-89.53044078670476
,,,,,,,,,,,,,,,,,,,,,,,,,,2019.778748,-82.60234497330153,2009.763809,-77.60516661566821,,,,,,,,,,,,,,,,,,,,,2013.65653,-84.36871112846205,,,2018.689483,-88.08215503471232,,,,,,,,,,,,,2019.19452,-87.84426124205116,2016.233174,-89.41690683162196
,,,,,,,,,,,,,,,,,,,,,,,,,,2019.797913,-82.66723315279484,2009.763891,-77.60621143774657,,,,,,,,,,,,,,,,,,,,,2013.67017,-84.67022779351579,,,2018.70591,-88.49852066116355,,,,,,,,,,,,,2019.21096,-87.76219572701699,2016.243897,-89.25997363949796
,,,,,,,,,,,,,,,,,,,,,,,,,,2019.817192,-82.76200422726623,2009.763971,-77.60723077635966,,,,,,,,,,,,,,,,,,,,,2013.67546,-84.78437179401737,,,2018.727813,-88.88666029003947,,,,,,,,,,,,,2019.21918,-87.7106488213427,2016.250685,-89.16062993828423
,,,,,,,,,,,,,,,,,,,,,,,,,,2019.833962,-82.86755126246022,2009.912853,-79.41994901447809,,,,,,,,,,,,,,,,,,,,,2013.69988,-85.28694044752736,,,2018.746978,-89.06068267239576,,,,,,,,,,,,,2019.23014,-87.63191282693158,2016.261408,-88.99244950094393
,,,,,,,,,,,,,,,,,,,,,,,,,,2019.862196,-83.10657731566317,2009.912938,-79.42094376641722,,,,,,,,,,,,,,,,,,,,,2013.71383,-85.55397149566275,,,2018.765059,-89.10227258556985,,,,,,,,,,,,,2019.23562,-87.5870337174173,2016.270421,-88.85059192940193
,,,,,,,,,,,,,,,,,,,,,,,,,,2019.873147,-83.21462454605798,2009.913022,-79.4219268153937,,,,,,,,,,,,,,,,,,,,,2013.73315,-85.89974118893288,,,2018.783996,-89.04741682215929,,,,,,,,,,,,,2019.25479,-87.38926713025538,2016.281258,-88.67000397063765
,,,,,,,,,,,,,,,,,,,,,,,,,,2019.892312,-83.42522193908457,2009.913098,-79.4228162406584,,,,,,,,,,,,,,,,,,,,,2013.77115,-86.45649624146381,,,2018.803389,-88.91788054760148,,,,,,,,,,,,,2019.26849,-87.20886162376209,2016.289471,-88.5306005589779
,,,,,,,,,,,,,,,,,,,,,,,,,,2019.911363,-83.64960369569563,2009.982484,-77.91822924880303,,,,,,,,,,,,,,,,,,,,,2013.7903,-86.63556149451114,,,2018.822097,-88.76007540414851,,,,,,,,,,,,,2019.27123,-87.17278052246164,2016.300537,-88.3403790017006
,,,,,,,,,,,,,,,,,,,,,,,,,,2019.931954,-83.90142049218925,2009.982563,-77.91625389608176,,,,,,,,,,,,,,,,,,,,,2013.80999,-86.73236655150397,,,2018.84246,-88.59374918421004,,,,,,,,,,,,,2019.28767,-86.90663670978292,2016.308751,-88.19737272304839
,,,,,,,,,,,,,,,,,,,,,,,,,,2019.951005,-84.13275824825716,2009.982645,-77.91420352996327,,,,,,,,,,,,,,,,,,,,,2013.82841,-86.7377731102742,,,2018.859458,-88.48295349738609,,,,,,,,,,,,,2019.31233,-86.44044901274809,2016.319588,-88.01244700160265
,,,,,,,,,,,,,,,,,,,,,,,,,,2019.970056,-84.34130174400414,2009.982721,-77.91230319063354,,,,,,,,,,,,,,,,,,,,,2013.84843,-86.65869487770576,,,2018.880904,-88.4130183163423,,,,,,,,,,,,,2019.32603,-86.14947049019223,2016.327801,-87.88123106760693
,,,,,,,,,,,,,,,,,,,,,,,,,,2019.997777,-84.58833728508873,2010.035727,-76.69667341686059,,,,,,,,,,,,,,,,,,,,,2013.86738,-86.51442489556165,,,2018.900069,-88.41421249414607,,,,,,,,,,,,,2019.33151,-86.03076892852035,2016.339951,-87.69156995425485
,,,,,,,,,,,,,,,,,,,,,,,,,,2020.007188,-84.64481556927993,2010.035813,-76.6948521292553,,,,,,,,,,,,,,,,,,,,,2013.88611,-86.32739303820242,,,2018.920432,-88.45929734439187,,,,,,,,,,,,,2019.34521,-85.7236564418329,2016.348164,-87.59489359648522
,,,,,,,,,,,,,,,,,,,,,,,,,,2020.026239,-84.7288870923513,2010.035896,-76.69309437493598,,,,,,,,,,,,,,,,,,,,,2013.9057,-86.11239576820358,,,2018.939597,-88.5205942374557,,,,,,,,,,,,,2019.35342,-85.5390181228214,2016.359001,-87.46732977216472
,,,,,,,,,,,,,,,,,,,,,,,,,,2020.064455,-84.64407195513891,2010.035973,-76.69146368719827,,,,,,,,,,,,,,,,,,,,,2013.94421,-85.7639059513632,,,2018.9615,-88.58073183953151,,,,,,,,,,,,,2019.36438,-85.29193874854109,2016.369724,-87.40700671799162
,,,,,,,,,,,,,,,,,,,,,,,,,,2020.08362,-84.49728689287465,2010.130044,-75.79438669027788,,,,,,,,,,,,,,,,,,,,,2013.96329,-85.68625645173341,,,2018.977927,-88.59941352654387,,,,,,,,,,,,,2019.36712,-85.23016890496844,2016.378166,-87.37004099726202
,,,,,,,,,,,,,,,,,,,,,,,,,,2020.101473,-84.30459328108734,2010.130124,-75.79517242446371,,,,,,,,,,,,,,,,,,,,,2013.98275,-85.68185672376204,,,2018.994354,-88.58994741670999,,,,,,,,,,,,,2019.38356,-84.87440377162528,2016.38638,-87.3716237855727
,,,,,,,,,,,,,,,,,,,,,,,,,,2020.120295,-84.03238349726851,2010.130202,-75.79593851529498,,,,,,,,,,,,,,,,,,,,,2014.02078,-85.86238864180767,,,2019.014717,-88.52377390087605,,,,,,,,,,,,,2019.39178,-84.70614966727712,2016.397674,-87.4382746384141
,,,,,,,,,,,,,,,,,,,,,,,,,,2020.13946,-83.72054848056105,2010.130274,-75.79664567606247,,,,,,,,,,,,,,,,,,,,,2014.03997,-86.01267072876009,,,2019.033882,-88.41237152027765,,,,,,,,,,,,,2019.40274,-84.49106597731075,2016.405431,-87.49355570622923
,,,,,,,,,,,,,,,,,,,,,,,,,,2020.158625,-83.39194806445416,2010.205105,-76.37678841104847,,,,,,,,,,,,,,,,,,,,,2014.05916,-86.17195382420256,,,2019.053503,-88.26787776697304,,,,,,,,,,,,,2019.41096,-84.34332492954543,2016.416382,-87.69061739588346
,,,,,,,,,,,,,,,,,,,,,,,,,,2020.181726,-82.99546080097035,2010.205183,-76.37702291735043,,,,,,,,,,,,,,,,,,,,,2014.07838,-86.31731722585887,,,2019.072212,-88.12309529542691,,,,,,,,,,,,,2019.43014,-84.03961856107288,2016.422827,-87.80659425551225
,,,,,,,,,,,,,,,,,,,,,,,,,,2020.200891,-82.68321262630639,2010.205265,-76.37726944961656,,,,,,,,,,,,,,,,,,,,,2014.09779,-86.42621586711924,,,2019.087441,-88.01244999032518,,,,,,,,,,,,,2019.46027,-83.71416530973083,2016.433893,-88.09510796172218
,,,,,,,,,,,,,,,,,,,,,,,,,,2020.220056,-82.40645371371716,2010.205341,-76.37749794293644,,,,,,,,,,,,,,,,,,,,,2014.11697,-86.48806609434575,,,2019.109001,-87.8800709816494,,,,,,,,,,,,,2019.49863,-83.63231512227516,2016.444616,-88.41882321270097
,,,,,,,,,,,,,,,,,,,,,,,,,,2020.239335,-82.16667725378498,2010.38759,-78.83616131640503,,,,,,,,,,,,,,,,,,,,,2014.13611,-86.50922124768717,,,2019.128166,-87.79448287069066,,,,,,,,,,,,,2019.51781,-83.7464240695025,2016.452715,-88.70680269743671
,,,,,,,,,,,,,,,,,,,,,,,,,,2020.256846,-81.97525020461747,2010.38767,-78.838059115301,,,,,,,,,,,,,,,,,,,,,2014.15512,-86.4980385037235,,,2019.147331,-87.73938247587975,,,,,,,,,,,,,2019.53699,-83.96732840212577,2016.460701,-89.02989639918769
,,,,,,,,,,,,,,,,,,,,,,,,,,2020.276239,-81.78907391836329,2010.38775,-78.83995691419697,,,,,,,,,,,,,,,,,,,,,2014.17423,-86.46441884101527,,,2019.173626,-87.69703131173566,,,,,,,,,,,,,2019.55616,-84.29195556336374,2016.472337,-89.51313584868869
,,,,,,,,,,,,,,,,,,,,,,,,,,2020.426593,-80.64071099223166,2010.387824,-78.84171237817075,,,,,,,,,,,,,,,,,,,,,2014.19342,-86.41707065820097,,,2019.190053,-87.67306300182638,,,,,,,,,,,,,2019.57534,-84.71217405740778,2016.480665,-89.90366555589675
,,,,,,,,,,,,,,,,,,,,,,,,,,2020.445415,-80.57186686700084,2010.387908,-78.84370506701126,,,,,,,,,,,,,,,,,,,,,2014.2126,-86.36146730824765,,,2019.2115,-87.6226950525776,,,,,,,,,,,,,2019.59452,-85.2132235142594,2016.491844,-90.42788885041647
,,,,,,,,,,,,,,,,,,,,,,,,,,2020.464694,-80.57307821502991,2010.387972,-78.84522330612911,,,,,,,,,,,,,,,,,,,,,2014.23221,-86.2949625370142,,,2019.233288,-87.53221359466899,,,,,,,,,,,,,2019.63288,-86.3694173717822,2016.500457,-90.84206704120498
,,,,,,,,,,,,,,,,,,,,,,,,,,2020.483859,-80.63264433796779,2010.388029,-78.84657548784135,,,,,,,,,,,,,,,,,,,,,2014.25348,-86.19830941224423,,,2019.24983,-87.42862057686312,,,,,,,,,,,,,2019.65479,-87.05444288236434,2016.51175,-91.38590233609966
,,,,,,,,,,,,,,,,,,,,,,,,,,2020.504336,-80.7593912135441,2010.388087,-78.8479513920424,,,,,,,,,,,,,,,,,,,,,2014.26992,-86.08687453316229,,,2019.26734,-87.29538677398976,,,,,,,,,,,,,2019.67123,-87.54302085642995,2016.520078,-91.76155626068618
,,,,,,,,,,,,,,,,,,,,,,,,,,2020.523729,-80.93470120101134,2010.388151,-78.84946963116026,,,,,,,,,,,,,,,,,,,,,2014.29202,-85.87488667087527,,,2019.286505,-87.12984106482179,,,,,,,,,,,,,2019.69041,-88.0641822704792,2016.530687,-92.2263471495202
,,,,,,,,,,,,,,,,,,,,,,,,,,2020.54278,-81.15391063216914,2010.388218,-78.85105903773382,,,,,,,,,,,,,,,,,,,,,2014.31822,-85.50351212452007,,,2019.308066,-86.93475888235577,,,,,,,,,,,,,2019.71507,-88.62431929489132,2016.539015,-92.56449184194412
,,,,,,,,,,,,,,,,,,,,,,,,,,2020.56434,-81.43965648434789,2010.388288,-78.85271961176846,,,,,,,,,,,,,,,,,,,,,2014.32786,-85.31338354479162,,,2019.324835,-86.79009877567569,,,,,,,,,,,,,2019.72877,-88.86755074371747,2016.550423,-92.95784503191754
,,,,,,,,,,,,,,,,,,,,,,,,,,2020.580882,-81.66675222256137,2010.388359,-78.85440390828654,,,,,,,,,,,,,,,,,,,,,2014.34696,-84.90556414479056,,,2019.345655,-86.63660414542207,,,,,,,,,,,,,2019.73699,-88.99056494313876,2016.558294,-93.22638697540619
,,,,,,,,,,,,,,,,,,,,,,,,,,2020.598392,-81.9064468660922,2010.513236,-80.01526594516899,,,,,,,,,,,,,,,,,,,,,2014.36578,-84.44185778368696,,,2019.364363,-86.53078106635843,,,,,,,,,,,,,2019.74795,-89.1317135275717,2016.56936,-93.46708426016833
,,,,,,,,,,,,,,,,,,,,,,,,,,2020.633985,-82.35955182305831,2010.513318,-80.01503346046614,,,,,,,,,,,,,,,,,,,,,2014.38499,-83.92708228088698,,,2019.385923,-86.45780905570663,,,,,,,,,,,,,2019.76712,-89.30817887261222,2016.577573,-93.64572575662262
,,,,,,,,,,,,,,,,,,,,,,,,,,2020.656001,-82.61031516930674,2010.513391,-80.01482649237728,,,,,,,,,,,,,,,,,,,,,2014.40415,-83.40936891336534,,,2019.406458,-86.43056775602933,,,,,,,,,,,,,2019.7863,-89.41092947046546,2016.58687,-93.75245445432213
,,,,,,,,,,,,,,,,,,,,,,,,,,2020.673626,-82.7991362337262,2010.513453,-80.01465071126033,,,,,,,,,,,,,,,,,,,,,2014.42366,-82.92485287594864,,,2019.422713,-86.43329015694088,,,,,,,,,,,,,2019.80548,-89.45926881296302,2016.598278,-93.84230811527412
,,,,,,,,,,,,,,,,,,,,,,,,,,2020.692905,-82.99799857904665,2010.513522,-80.01445508388865,,,,,,,,,,,,,,,,,,,,,2014.44298,-82.52267426964248,,,2019.44051,-86.4523125531337,,,,,,,,,,,,,2019.82466,-89.4748495220041,2016.606492,-93.84933312223598
,,,,,,,,,,,,,,,,,,,,,,,,,,2020.711956,-83.19722584954113,2010.513579,-80.0142934786685,,,,,,,,,,,,,,,,,,,,,2014.46231,-82.22339060479202,,,2019.462527,-86.50027967042219,,,,,,,,,,,,,2019.86301,-89.48415872516615,2016.617443,-93.79788959567782
,,,,,,,,,,,,,,,,,,,,,,,,,,2020.73135,-83.4130480860098,2010.513638,-80.01412620308977,,,,,,,,,,,,,,,,,,,,,2014.4812,-82.04447991199595,,,2019.477584,-86.54944267861022,,,,,,,,,,,,,2019.88219,-89.5025536699072,2016.628166,-93.70787509297102
,,,,,,,,,,,,,,,,,,,,,,,,,,2020.751484,-83.65524042680725,2010.513695,-80.01396459786898,,,,,,,,,,,,,,,,,,,,,2014.50002,-81.97986777727355,,,2019.497092,-86.6430491263023,,,,,,,,,,,,,2019.90137,-89.53466587914187,2016.636152,-93.59746146789834
,,,,,,,,,,,,,,,,,,,,,,,,,,2020.770763,-83.90695361290578,2010.513754,-80.01379732229024,,,,,,,,,,,,,,,,,,,,,2014.5193,-82.02509752586478,,,2019.51734,-86.79377074827609,,,,,,,,,,,,,2019.92055,-89.57537495194009,2016.647217,-93.43817747112092
,,,,,,,,,,,,,,,,,,,,,,,,,,2020.789928,-84.17785632174255,2010.513815,-80.01362437635292,,,,,,,,,,,,,,,,,,,,,2014.53837,-82.1635376599203,,,2019.536734,-87.0173863162526,,,,,,,,,,,,,2019.93973,-89.61487573906602,2016.652693,-93.33909143295583
,,,,,,,,,,,,,,,,,,,,,,,,,,2020.809093,-84.46893860113411,2010.513876,-80.0134514304156,,,,,,,,,,,,,,,,,,,,,2014.55798,-82.38597821583554,,,2019.55567,-87.3224243445082,,,,,,,,,,,,,2019.9589,-89.64145242032053,2016.663644,-93.1409374512292
,,,,,,,,,,,,,,,,,,,,,,,,,,2020.828258,-84.76689416962016,2010.51394,-80.01326997894006,,,,,,,,,,,,,,,,,,,,,2014.57674,-82.64421959629648,,,2019.574607,-87.7187468051218,,,,,,,,,,,,,2019.97808,-89.644560574501,2016.67066,-93.01704260148564
,,,,,,,,,,,,,,,,,,,,,,,,,,2020.845769,-85.03999262205934,2010.607525,-80.37425608232779,,,,,,,,,,,,,,,,,,,,,2014.61502,-83.24705227296778,,,2019.59246,-88.17202714018416,,,,,,,,,,,,,2019.99726,-89.61721793239583,2016.681155,-92.83782962496146
,,,,,,,,,,,,,,,,,,,,,,,,,,2020.865048,-85.33615810848289,2010.607595,-80.37464648077312,,,,,,,,,,,,,,,,,,,,,2014.63438,-83.58521538979763,,,2019.608887,-88.64444581261738,,,,,,,,,,,,,2020.03552,-89.47001441543684,2016.692791,-92.65751759594826
,,,,,,,,,,,,,,,,,,,,,,,,,,2020.884099,-85.60794398904042,2010.607666,-80.37504245633973,,,,,,,,,,,,,,,,,,,,,2014.65378,-83.9535782785255,,,2019.630676,-89.33395695968578,,,,,,,,,,,,,2020.05464,-89.36187741664067,2016.700662,-92.56813097953348
,,,,,,,,,,,,,,,,,,,,,,,,,,2020.903264,-85.85547886463189,2010.607734,-80.37542170054253,,,,,,,,,,,,,,,,,,,,,2014.67271,-84.35077639549912,,,2019.649727,-89.94688492356876,,,,,,,,,,,,,2020.07377,-89.24360983218874,2016.711956,-92.44402892984408
,,,,,,,,,,,,,,,,,,,,,,,,,,2020.923512,-86.08282707354464,2010.607807,-80.37582883035039,,,,,,,,,,,,,,,,,,,,,2014.69177,-84.79820215368943,,,2019.66758,-90.47354706422905,,,,,,,,,,,,,2020.0929,-89.12521691065209,2016.719257,-92.42688596536424
,,,,,,,,,,,,,,,,,,,,,,,,,,2020.94302,-86.26246775515101,2010.607864,-80.3761467262269,,,,,,,,,,,,,,,,,,,,,2014.71054,-85.29816419643004,,,2019.686517,-90.93588147765061,,,,,,,,,,,,,2020.11202,-89.0137445855935,2016.744468,-92.48280887551006
,,,,,,,,,,,,,,,,,,,,,,,,,,2020.962185,-86.39318975752636,2010.607921,-80.37646462210343,,,,,,,,,,,,,,,,,,,,,2014.73049,-85.87963471369454,,,2019.706138,-91.27311203210868,,,,,,,,,,,,,2020.13661,-88.88259424600946,2016.765059,-92.74497881875166
,,,,,,,,,,,,,,,,,,,,,,,,,,2020.978383,-86.45021115406529,2010.607982,-80.37680482646246,,,,,,,,,,,,,,,,,,,,,2014.74833,-86.4286579431688,,,2019.725531,-91.43535994771428,,,,,,,,,,,,,2020.15027,-88.8133103949767,2016.787076,-93.21608283027331
,,,,,,,,,,,,,,,,,,,,,,,,,,2021.03719,-86.35748468910936,2010.608042,-80.3771394537015,,,,,,,,,,,,,,,,,,,,,2014.76799,-87.04002865968565,,,2019.744126,-91.4237912436227,,,,,,,,,,,,,2020.1694,-88.71071051254336,2016.803503,-93.65779739664559
,,,,,,,,,,,,,,,,,,,,,,,,,,2021.056127,-86.20638362123039,2010.6081,-80.37746292669802,,,,,,,,,,,,,,,,,,,,,2014.79034,-87.70569034870427,,,2019.764602,-91.22560238162008,,,,,,,,,,,,,2020.18852,-88.58953942929749,2016.825406,-94.32527917216532
,,,,,,,,,,,,,,,,,,,,,,,,,,2021.075292,-86.0174369063089,2010.608157,-80.37778082257454,,,,,,,,,,,,,,,,,,,,,2014.807,-88.15467286420113,,,2019.78103,-90.95796483562943,,,,,,,,,,,,,2020.20765,-88.4341121515078,2016.842917,-94.87423433977513
,,,,,,,,,,,,,,,,,,,,,,,,,,2021.093145,-85.81806466186568,2010.608216,-80.37810987269359,,,,,,,,,,,,,,,,,,,,,2014.8266,-88.60471887394199,,,2019.803047,-90.462709605125,,,,,,,,,,,,,2020.22678,-88.23009603454587,2016.864477,-95.50465689509147
,,,,,,,,,,,,,,,,,,,,,,,,,,2021.112196,-85.5891883567882,2010.693575,-80.29409686434865,,,,,,,,,,,,,,,,,,,,,2014.84579,-88.9459767529356,,,2019.822212,-89.97760650184956,,,,,,,,,,,,,2020.2459,-87.96726997014014,2016.883528,-95.97549610948106
,,,,,,,,,,,,,,,,,,,,,,,,,,2021.131817,-85.35824920800714,2010.693651,-80.29393628721435,,,,,,,,,,,,,,,,,,,,,2014.86471,-89.16562544021134,,,2019.839836,-89.53829416280988,,,,,,,,,,,,,2020.26503,-87.64125628140508,2016.905545,-96.40018920799893
,,,,,,,,,,,,,,,,,,,,,,,,,,2021.150868,-85.16192701023097,2010.693724,-80.29378204865137,,,,,,,,,,,,,,,,,,,,,2014.88386,-89.2802058742533,,,2019.859001,-89.10013753945738,,,,,,,,,,,,,2020.28689,-87.19861840475546,2016.928645,-96.68350523023533
,,,,,,,,,,,,,,,,,,,,,,,,,,2021.17625,-84.95910556364828,2010.693788,-80.29364682580135,,,,,,,,,,,,,,,,,,,,,2014.90329,-89.30979434176045,,,2019.880904,-88.68001711824041,,,,,,,,,,,,,2020.30328,-86.82124424802484,2016.942221,-96.75321078248437
,,,,,,,,,,,,,,,,,,,,,,,,,,2021.195643,-84.86469039714635,2010.693859,-80.29349681295241,,,,,,,,,,,,,,,,,,,,,2014.92221,-89.27500725274649,,,2019.89505,-88.45991417038577,,,,,,,,,,,,,2020.3224,-86.35570846989437,2016.958077,-96.77928349614739
,,,,,,,,,,,,,,,,,,,,,,,,,,2021.214694,-84.81917737572292,2010.693921,-80.29336581581646,,,,,,,,,,,,,,,,,,,,,2014.94167,-89.19679463980553,,,2019.917694,-88.20516512478007,,,,,,,,,,,,,2020.34153,-85.88086063075204,2016.977584,-96.70266745927027
,,,,,,,,,,,,,,,,,,,,,,,,,,2021.233973,-84.81929588740961,2010.693982,-80.29323693153776,,,,,,,,,,,,,,,,,,,,,2014.9606,-89.09887936459775,,,2019.937087,-88.05952429253085,,,,,,,,,,,,,2020.36066,-85.42160372813079,2016.992187,-96.56605247543881
,,,,,,,,,,,,,,,,,,,,,,,,,,2021.25137,-84.85160100355836,2010.694045,-80.29310382154502,,,,,,,,,,,,,,,,,,,,,2014.97954,-88.99352626290265,,,2020.077687,-88.02849479165052,,,,,,,,,,,,,2020.37978,-85.00296579849314,2017.009013,-96.3366028482385
,,,,,,,,,,,,,,,,,,,,,,,,,,2021.270763,-84.88888614412062,2010.694108,-80.29297071155227,,,,,,,,,,,,,,,,,,,,,2014.99865,-88.88765599995465,,,2020.092574,-88.14512136242459,,,,,,,,,,,,,2020.39891,-84.64748570626028,2017.028634,-95.99158341262148
,,,,,,,,,,,,,,,,,,,,,,,,,,2021.289814,-84.91333248072836,2010.694171,-80.29283760155904,,,,,,,,,,,,,,,,,,,,,2015.01813,-88.77980975475388,,,2020.108887,-88.31175048622204,,,,,,,,,,,,,2020.41803,-84.37534681251795,2017.047228,-95.59766668128549
,,,,,,,,,,,,,,,,,,,,,,,,,,2021.309093,-84.90873417887869,2010.694235,-80.29270237870952,,,,,,,,,,,,,,,,,,,,,2015.03733,-88.66510269073629,,,2020.125428,-88.53177268035223,,,,,,,,,,,,,2020.43716,-84.20210278941387,2017.066508,-95.13776826311505
,,,,,,,,,,,,,,,,,,,,,,,,,,2021.328144,-84.83548596494425,2010.694298,-80.29256926871678,,,,,,,,,,,,,,,,,,,,,2015.05651,-88.53327109301836,,,2020.144822,-88.81818908609526,,,,,,,,,,,,,2020.45628,-84.13965895857011,2017.083505,-94.70587787257118
,,,,,,,,,,,,,,,,,,,,,,,,,,2021.348392,-84.68869212204402,,,,,,,,,,,,,,,,,,,,,,,2015.0867,-88.28071837822112,,,2020.167922,-89.17379996771906,,,,,,,,,,,,,2020.47541,-84.19554276141659,2017.089951,-94.54064814477672
,,,,,,,,,,,,,,,,,,,,,,,,,,2021.367557,-84.48718665803445,,,,,,,,,,,,,,,,,,,,,,,2015.09482,-88.19774834663491,,,2020.189825,-89.47935601041124,,,,,,,,,,,,,2020.49454,-84.37350123320726,2017.10056,-94.26846916458399
,,,,,,,,,,,,,,,,,,,,,,,,,,2021.386722,-84.23406186708675,,,,,,,,,,,,,,,,,,,,,,,2015.11433,-87.99191602667051,,,2020.20591,-89.65454795862789,,,,,,,,,,,,,2020.53279,-85.08968037851427,2017.108202,-94.07574700873828
,,,,,,,,,,,,,,,,,,,,,,,,,,2021.40623,-83.9339439470519,,,,,,,,,,,,,,,,,,,,,,,2015.13323,-87.7804964831847,,,2020.227927,-89.80034693341402,,,,,,,,,,,,,2020.55191,-85.61349748011672,2017.119382,-93.80597777393402
,,,,,,,,,,,,,,,,,,,,,,,,,,2021.423512,-83.65892658896387,,,,,,,,,,,,,,,,,,,,,,,2015.15232,-87.56783123870662,,,2020.244354,-89.83065164932924,,,,,,,,,,,,,2020.57104,-86.22988246107752,2017.12828,-93.59231190857024
,,,,,,,,,,,,,,,,,,,,,,,,,,2021.442905,-83.37201032895383,,,,,,,,,,,,,,,,,,,,,,,2015.17155,-87.3732966435237,,,2020.261865,-89.773508147231,,,,,,,,,,,,,2020.59016,-86.91724665898353,2017.13946,-93.356019085519
,,,,,,,,,,,,,,,,,,,,,,,,,,2021.46458,-83.10517671632294,,,,,,,,,,,,,,,,,,,,,,,2015.19098,-87.20976414455768,,,2020.306812,-89.24106485950648,,,,,,,,,,,,,2020.60929,-87.64965876343031,2017.149498,-93.1438627923417
,,,,,,,,,,,,,,,,,,,,,,,,,,2021.481007,-82.94754561029256,,,,,,,,,,,,,,,,,,,,,,,2015.2103,-87.0818876798825,,,2020.322554,-88.95273093806509,,,,,,,,,,,,,2020.62842,-88.39547709294023,2019.85364,-95.19993726266252
,,,,,,,,,,,,,,,,,,,,,,,,,,2021.504108,-82.86347651706107,,,,,,,,,,,,,,,,,,,,,,,2015.22939,-86.98315008574525,,,2020.339494,-88.61914991970643,,,,,,,,,,,,,2020.64754,-89.1202661918136,2019.872576,-95.13810655622108
,,,,,,,,,,,,,,,,,,,,,,,,,,2021.520535,-82.90241001026831,,,,,,,,,,,,,,,,,,,,,,,2015.24834,-86.8983444056084,,,2020.368242,-88.01699246785653,,,,,,,,,,,,,2020.66667,-89.79070424037631,2019.883985,-95.08421854079138
,,,,,,,,,,,,,,,,,,,,,,,,,,2021.539814,-83.02044083684662,,,,,,,,,,,,,,,,,,,,,,,2015.26726,-86.80801352630262,,,2020.383414,-87.6971898644591,,,,,,,,,,,,,2020.68579,-90.37514958098089,2019.894822,-95.02101439550488
,,,,,,,,,,,,,,,,,,,,,,,,,,2021.558865,-83.21846819769634,,,,,,,,,,,,,,,,,,,,,,,2015.28666,-86.68667592212037,,,2020.399613,-87.36188855675678,,,,,,,,,,,,,2020.70492,-90.84965609530612,2019.900412,-94.98180369161967
,,,,,,,,,,,,,,,,,,,,,,,,,,2021.578144,-83.4989072441738,,,,,,,,,,,,,,,,,,,,,,,2015.30561,-86.51976713648273,,,2020.425565,-86.85682974912477,,,,,,,,,,,,,2020.72404,-91.19820863319498,2019.908283,-94.92659305650658
,,,,,,,,,,,,,,,,,,,,,,,,,,2021.61482,-84.17563639186176,,,,,,,,,,,,,,,,,,,,,,,2015.32509,-86.27287387457594,,,2020.436517,-86.65511559267595,,,,,,,,,,,,,2020.74317,-91.41650069233685,2019.92066,-94.82011551646627
,,,,,,,,,,,,,,,,,,,,,,,,,,2021.634327,-84.56473959853189,,,,,,,,,,,,,,,,,,,,,,,2015.34396,-85.962875003418,,,2020.458419,-86.30111212405971,,,,,,,,,,,,,2020.7623,-91.5107567372767,2019.931612,-94.71980162325919
,,,,,,,,,,,,,,,,,,,,,,,,,,2021.656116,-85.00009695854594,,,,,,,,,,,,,,,,,,,,,,,2015.36308,-85.59661847839071,,,2020.480208,-86.02628190714285,,,,,,,,,,,,,2020.78142,-91.49749476274214,2019.942221,-94.60725961194987
,,,,,,,,,,,,,,,,,,,,,,,,,,2021.673512,-85.33136426090508,,,,,,,,,,,,,,,,,,,,,,,2015.40415,-84.75751290213566,,,2020.500685,-85.87222035620651,,,,,,,,,,,,,2020.80055,-91.40077798501734,2019.956252,-94.45307583856503
,,,,,,,,,,,,,,,,,,,,,,,,,,2021.689939,-85.62166857046051,,,,,,,,,,,,,,,,,,,,,,,2015.41999,-84.47101973586462,,,2020.522474,-85.85135653010154,,,,,,,,,,,,,2020.81967,-91.24885758967287,2019.964352,-94.35432915206088
,,,,,,,,,,,,,,,,,,,,,,,,,,2021.709104,-85.9339761703152,,,,,,,,,,,,,,,,,,,,,,,2015.44014,-84.18618301659951,,,2020.544833,-86.02394465947727,,,,,,,,,,,,,2020.8388,-91.07008311777676,2019.977927,-94.1882431112661
,,,,,,,,,,,,,,,,,,,,,,,,,,2021.728383,-86.21286924709139,,,,,,,,,,,,,,,,,,,,,,,2015.4587,-84.02401633664937,,,2020.563655,-86.35621617699297,,,,,,,,,,,,,2020.85792,-90.88987122920601,2019.988764,-94.04665240296622
,,,,,,,,,,,,,,,,,,,,,,,,,,2021.747434,-86.43565971549485,,,,,,,,,,,,,,,,,,,,,,,2015.47818,-83.99997730319377,,,2020.584475,-86.90961232990486,,,,,,,,,,,,,2020.87705,-90.7273036387719,2019.99983,-93.90174642888945
,,,,,,,,,,,,,,,,,,,,,,,,,,2021.767797,-86.62671882344978,,,,,,,,,,,,,,,,,,,,,,,2015.49732,-84.10714285996409,,,2020.605921,-87.674604550897,,,,,,,,,,,,,2020.89617,-90.59437421607139,2020.009127,-93.77575237880717
,,,,,,,,,,,,,,,,,,,,,,,,,,2021.786962,-86.76215131333477,,,,,,,,,,,,,,,,,,,,,,,2015.51676,-84.32648293907695,,,2020.628052,-88.62622595792851,,,,,,,,,,,,,2020.93443,-90.42827316494675,2020.023044,-93.58712449195063
,,,,,,,,,,,,,,,,,,,,,,,,,,2021.806127,-86.85695422789753,,,,,,,,,,,,,,,,,,,,,,,2015.53569,-84.62185645310907,,,2020.644479,-89.39496501691403,,,,,,,,,,,,,2020.95355,-90.38750813540405,2020.041753,-93.33335795922838
,,,,,,,,,,,,,,,,,,,,,,,,,,2021.825292,-86.91023088401909,,,,,,,,,,,,,,,,,,,,,,,2015.55487,-84.97156945735148,,,2020.663644,-90.30711411630703,,,,,,,,,,,,,2020.98907,-90.35753094821538,2020.050309,-93.22229498921115
,,,,,,,,,,,,,,,,,,,,,,,,,,2021.843031,-86.92015670908211,,,,,,,,,,,,,,,,,,,,,,,2015.57458,-85.35026743773082,,,2020.700548,-91.90876311492634,,,,,,,,,,,,,2020.9918,-90.35676045168192,2020.05818,-93.12090789375621
,,,,,,,,,,,,,,,,,,,,,,,,,,2021.862082,-86.90990723632936,,,,,,,,,,,,,,,,,,,,,,,2015.59324,-85.6989080366306,,,2020.736026,-92.92079668925125,,,,,,,,,,,,,2021.01096,-90.35710992809335,2020.066393,-93.0175647256218
,,,,,,,,,,,,,,,,,,,,,,,,,,2021.881247,-86.88198036984956,,,,,,,,,,,,,,,,,,,,,,,2015.61233,-86.02388404795491,,,2020.758898,-93.2651209187372,,,,,,,,,,,,,2021.03014,-90.3666057999146,2020.074721,-92.92413028974639
,,,,,,,,,,,,,,,,,,,,,,,,,,2021.900526,-86.84312281859516,,,,,,,,,,,,,,,,,,,,,,,2015.63176,-86.30265372327567,,,2020.775782,-93.36448961290793,,,,,,,,,,,,,2021.04932,-90.38775322229544,2020.083277,-92.82813785058211
,,,,,,,,,,,,,,,,,,,,,,,,,,2021.920889,-86.80322952149717,,,,,,,,,,,,,,,,,,,,,,,2015.65067,-86.52661869622762,,,2020.808636,-93.27289697436024,,,,,,,,,,,,,2021.06849,-90.42414358597304,2020.095084,-92.71920166534139
,,,,,,,,,,,,,,,,,,,,,,,,,,2021.940053,-86.77628500250805,,,,,,,,,,,,,,,,,,,,,,,2015.6702,-86.71975203408093,,,2020.822212,-93.15174671319046,,,,,,,,,,,,,2021.08767,-90.47832482768982,2020.104096,-92.64380593408275
,,,,,,,,,,,,,,,,,,,,,,,,,,2021.959218,-86.76170438680262,,,,,,,,,,,,,,,,,,,,,,,2015.69162,-86.89854713101474,,,2020.837099,-93.00345942829603,,,,,,,,,,,,,2021.10685,-90.54944950398567,2020.110712,-92.59636067274086
,,,,,,,,,,,,,,,,,,,,,,,,,,2021.997663,-86.77161909381235,,,,,,,,,,,,,,,,,,,,,,,2015.70855,-87.02310420947434,,,2020.853526,-92.82433715834836,,,,,,,,,,,,,2021.12603,-90.63160678468337,2020.119839,-92.55686587156767
,,,,,,,,,,,,,,,,,,,,,,,,,,2022.015173,-86.78841741079567,,,,,,,,,,,,,,,,,,,,,,,2015.72743,-87.14982710136059,,,2020.870181,-92.65127246825887,,,,,,,,,,,,,2021.14521,-90.71306957258521,2020.133528,-92.51157554737422
,,,,,,,,,,,,,,,,,,,,,,,,,,2022.03719,-86.80695901705958,,,,,,,,,,,,,,,,,,,,,,,2015.74662,-87.26588020023483,,,2020.892312,-92.44342160136476,,,,,,,,,,,,,2021.16438,-90.77677123733172,2020.142198,-92.51640063227359
,,,,,,,,,,,,,,,,,,,,,,,,,,2022.056127,-86.81508384762822,,,,,,,,,,,,,,,,,,,,,,,2015.76576,-87.36473538787176,,,2020.911021,-92.28885972315592,,,,,,,,,,,,,2021.18356,-90.80219572792797,2020.152921,-92.52403580814115
,,,,,,,,,,,,,,,,,,,,,,,,,,2022.072554,-86.8146959819101,,,,,,,,,,,,,,,,,,,,,,,2015.785,-87.43395206188032,,,2020.931383,-92.12940838236783,,,,,,,,,,,,,2021.20274,-90.76785803633122,2020.16045,-92.566197037991
,,,,,,,,,,,,,,,,,,,,,,,,,,2022.090179,-86.79667362885579,,,,,,,,,,,,,,,,,,,,,,,2015.80427,-87.4647979025797,,,2020.948267,-91.9915881552936,,,,,,,,,,,,,2021.22192,-90.65467310304783,2020.173512,-92.63934220790735
,,,,,,,,,,,,,,,,,,,,,,,,,,2022.109458,-86.76630448579587,,,,,,,,,,,,,,,,,,,,,,,2015.82361,-87.45415062995852,,,2020.969713,-91.78994920424537,,,,,,,,,,,,,2021.2411,-90.44905807913614,2020.180813,-92.70719199093499
,,,,,,,,,,,,,,,,,,,,,,,,,,2022.128623,-86.72741881916309,,,,,,,,,,,,,,,,,,,,,,,2015.84273,-87.40572027427082,,,2020.988878,-91.57403313712051,,,,,,,,,,,,,2021.27945,-89.74778509312631,2020.192449,-92.82211809778686
,,,,,,,,,,,,,,,,,,,,,,,,,,2022.147788,-86.6840549934815,,,,,,,,,,,,,,,,,,,,,,,2015.862,-87.3298000705873,,,2021.006503,-91.3399547025642,,,,,,,,,,,,,2021.29863,-89.26912290306517,2020.201005,-92.91833681495756
,,,,,,,,,,,,,,,,,,,,,,,,,,2022.173626,-86.63335318423069,,,,,,,,,,,,,,,,,,,,,,,2015.87978,-87.25084063433951,,,2021.025896,-91.04992702799771,,,,,,,,,,,,,2021.31781,-88.73137912929835,2020.211728,-93.05167465968678
,,,,,,,,,,,,,,,,,,,,,,,,,,2022.384213,-85.37689738081377,,,,,,,,,,,,,,,,,,,,,,,2015.90038,-87.17407694862374,,,2021.044833,-90.75510644512063,,,,,,,,,,,,,2021.33699,-88.16259625493196,2020.220056,-93.15545044512548
,,,,,,,,,,,,,,,,,,,,,,,,,,2022.403149,-85.01971894129112,,,,,,,,,,,,,,,,,,,,,,,2015.91948,-87.1421915047169,,,2021.064112,-90.4647464338736,,,,,,,,,,,,,2021.35616,-87.59461862434871,2020.233517,-93.32455770737116
,,,,,,,,,,,,,,,,,,,,,,,,,,2022.420774,-84.67818246024854,,,,,,,,,,,,,,,,,,,,,,,2015.95783,-87.30910859666798,,,2021.083163,-90.20844450261532,,,,,,,,,,,,,2021.37534,-87.05899628308298,2020.241844,-93.42517448578418
,,,,,,,,,,,,,,,,,,,,,,,,,,2022.440053,-84.31870188080038,,,,,,,,,,,,,,,,,,,,,,,2015.97659,-87.51396820404123,,,2021.100788,-90.01194113870511,,,,,,,,,,,,,2021.39452,-86.58620676429187,2020.25137,-93.52080796518425
,,,,,,,,,,,,,,,,,,,,,,,,,,2022.459333,-84.00918229316802,,,,,,,,,,,,,,,,,,,,,,,2015.99624,-87.80214104880466,,,2021.122691,-89.84230861470743,,,,,,,,,,,,,2021.4137,-86.20244777311497,2020.259583,-93.60325996668699
,,,,,,,,,,,,,,,,,,,,,,,,,,2022.481007,-83.73416397600776,,,,,,,,,,,,,,,,,,,,,,,2016.01558,-88.13886353084183,,,2021.139118,-89.7630914540021,,,,,,,,,,,,,2021.43288,-85.92868831429554,2020.270649,-93.67405388426555
,,,,,,,,,,,,,,,,,,,,,,,,,,2022.497548,-83.58381351950744,,,,,,,,,,,,,,,,,,,,,,,2016.03468,-88.49430184128067,,,2021.158283,-89.73048775141092,,,,,,,,,,,,,2021.45479,-85.76496962285057,2020.278748,-93.7168248732149
,,,,,,,,,,,,,,,,,,,,,,,,,,2022.517797,-83.48144632453226,,,,,,,,,,,,,,,,,,,,,,,2016.05364,-88.83885731694076,,,2021.181612,-89.73188948991076,,,,,,,,,,,,,2021.47123,-85.76600621290545,2020.286734,-93.74332404900505
,,,,,,,,,,,,,,,,,,,,,,,,,,2022.537076,-83.48647934518034,,,,,,,,,,,,,,,,,,,,,,,2016.07297,-89.1494758482535,,,2021.200548,-89.74487361255048,,,,,,,,,,,,,2021.49041,-85.88999687174483,2020.295061,-93.73779726097943
,,,,,,,,,,,,,,,,,,,,,,,,,,2022.558751,-83.57690835719065,,,,,,,,,,,,,,,,,,,,,,,2016.09178,-89.37645636653504,,,2021.222908,-89.74222783187136,,,,,,,,,,,,,2021.50959,-86.15027963362085,2020.306013,-93.73052821060647
,,,,,,,,,,,,,,,,,,,,,,,,,,2022.57552,-83.69795746848692,,,,,,,,,,,,,,,,,,,,,,,2016.11098,-89.51755826712908,,,2021.239106,-89.71174297390738,,,,,,,,,,,,,2021.52877,-86.5395121888727,2020.314226,-93.67880387744076
,,,,,,,,,,,,,,,,,,,,,,,,,,2022.593031,-83.857733566503,,,,,,,,,,,,,,,,,,,,,,,2016.13007,-89.56758316084365,,,2021.256389,-89.65147110121981,,,,,,,,,,,,,2021.54795,-87.0447091936634,2020.325064,-93.61053268358214
,,,,,,,,,,,,,,,,,,,,,,,,,,2022.612082,-84.06981851311713,,,,,,,,,,,,,,,,,,,,,,,2016.14923,-89.53285249772308,,,2021.278634,-89.524343377736,,,,,,,,,,,,,2021.56712,-87.64671993097157,2020.334361,-93.52815363987959
,,,,,,,,,,,,,,,,,,,,,,,,,,2022.631247,-84.30059871231487,,,,,,,,,,,,,,,,,,,,,,,2016.1874,-89.25387718012044,,,2021.297343,-89.38216817534855,,,,,,,,,,,,,2021.5863,-88.32152904711276,2020.345426,-93.4174591315669
,,,,,,,,,,,,,,,,,,,,,,,,,,2022.650526,-84.53829421308511,,,,,,,,,,,,,,,,,,,,,,,2016.20684,-89.0296207889186,,,2021.316622,-89.21008061324312,,,,,,,,,,,,,2021.60548,-89.0389081116454,2020.35364,-93.33370140965779
,,,,,,,,,,,,,,,,,,,,,,,,,,2022.668379,-84.75842419100125,,,,,,,,,,,,,,,,,,,,,,,2016.22566,-88.77330730417039,,,2021.334703,-89.0349153673449,,,,,,,,,,,,,2021.62466,-89.76485058158725,2020.364705,-93.2183796144118
,,,,,,,,,,,,,,,,,,,,,,,,,,2022.687316,-84.9859545055648,,,,,,,,,,,,,,,,,,,,,,,2016.2445,-88.47456244558319,,,2021.353412,-88.85097912280098,,,,,,,,,,,,,2021.64384,-90.46334180673664,2020.372919,-93.13691052606224
,,,,,,,,,,,,,,,,,,,,,,,,,,2022.706481,-85.20374439082573,,,,,,,,,,,,,,,,,,,,,,,2016.2637,-88.130045932215,,,2021.375771,-88.63456128925185,,,,,,,,,,,,,2021.66301,-91.09884218811293,2020.394822,-92.99592814473415
,,,,,,,,,,,,,,,,,,,,,,,,,,2022.725531,-85.40798056041382,,,,,,,,,,,,,,,,,,,,,,,2016.28265,-87.74567585589132,,,2021.394365,-88.46016457108281,,,,,,,,,,,,,2021.68219,-91.64088071155899,2020.416496,-93.01950086931902
,,,,,,,,,,,,,,,,,,,,,,,,,,2022.744811,-85.60064360193773,,,,,,,,,,,,,,,,,,,,,,,2016.302,-87.30556176787607,,,2021.413644,-88.28485148759859,,,,,,,,,,,,,2021.70137,-92.06524201489832,2020.436859,-93.24385502171972
,,,,,,,,,,,,,,,,,,,,,,,,,,2022.765059,-85.78514044148797,,,,,,,,,,,,,,,,,,,,,,,2016.32106,-86.82751775385046,,,2021.434692,-88.101964521864,,,,,,,,,,,,,2021.72055,-92.35808576012678,2020.458762,-93.72951801730758
,,,,,,,,,,,,,,,,,,,,,,,,,,2022.784224,-85.93641682001086,,,,,,,,,,,,,,,,,,,,,,,2016.34019,-86.31339605466759,,,2021.448724,-87.98658147988705,,,,,,,,,,,,,2021.73973,-92.51726023393745,2020.475189,-94.26607593252311
,,,,,,,,,,,,,,,,,,,,,,,,,,2022.822554,-86.17044852650363,,,,,,,,,,,,,,,,,,,,,,,2016.35935,-85.78277843151847,,,2021.469599,-87.83845135550149,,,,,,,,,,,,,2021.7589,-92.55254281221126,2020.496749,-95.09803708114251
,,,,,,,,,,,,,,,,,,,,,,,,,,2022.840179,-86.25017746903814,,,,,,,,,,,,,,,,,,,,,,,2016.37836,-85.26942148499,,,2021.492187,-87.737721720582,,,,,,,,,,,,,2021.77808,-92.48434195594628,2020.496749,-95.09803708114251
,,,,,,,,,,,,,,,,,,,,,,,,,,2022.859572,-86.31357896196435,,,,,,,,,,,,,,,,,,,,,,,2016.39787,-84.80691729353835,,,2021.509013,-87.72779078664797,,,,,,,,,,,,,2021.79726,-92.34076421697753,2020.517569,-95.99555584632515
,,,,,,,,,,,,,,,,,,,,,,,,,,2022.878623,-86.35571442005137,,,,,,,,,,,,,,,,,,,,,,,2016.41701,-84.4535020452109,,,2021.528292,-87.81781366305863,,,,,,,,,,,,,2021.81644,-92.1539492735717,2020.517569,-95.99555584632515
,,,,,,,,,,,,,,,,,,,,,,,,,,2022.897788,-86.38639811416854,,,,,,,,,,,,,,,,,,,,,,,2016.43587,-84.23211979820024,,,2021.566279,-88.39253829127493,,,,,,,,,,,,,2021.83562,-91.95571736691991,2020.536962,-96.83454843968129
,,,,,,,,,,,,,,,,,,,,,,,,,,2022.918151,-86.40966874445854,,,,,,,,,,,,,,,,,,,,,,,2016.45504,-84.15482949633821,,,2021.584361,-88.87022406748606,,,,,,,,,,,,,2021.85479,-91.7736065305032,2020.536962,-96.83454843968129
,,,,,,,,,,,,,,,,,,,,,,,,,,2022.937316,-86.42650149950472,,,,,,,,,,,,,,,,,,,,,,,2016.47411,-84.23327985628862,,,2021.601359,-89.43137107476275,,,,,,,,,,,,,2021.88219,-91.57544575524767,2020.555214,-97.56517727226947
,,,,,,,,,,,,,,,,,,,,,,,,,,2023.012435,-86.45771494515121,,,,,,,,,,,,,,,,,,,,,,,2016.49361,-84.46731808048008,,,2021.620295,-90.18793080657152,,,,,,,,,,,,,2021.89315,-91.5275911107456,2020.555214,-97.56517727226947
,,,,,,,,,,,,,,,,,,,,,,,,,,2023.0316,-86.4412504809768,,,,,,,,,,,,,,,,,,,,,,,2016.51242,-84.81707461923402,,,2021.644593,-91.26479441961446,,,,,,,,,,,,,2021.91233,-91.47553599803659,2020.571869,-98.15061861548462
,,,,,,,,,,,,,,,,,,,,,,,,,,2023.06993,-86.34326946508712,,,,,,,,,,,,,,,,,,,,,,,2016.53179,-85.27453253394575,,,2021.660906,-92.00216356748986,,,,,,,,,,,,,2021.93151,-91.46422016840243,2020.571869,-98.15061861548462
,,,,,,,,,,,,,,,,,,,,,,,,,,2023.087784,-86.27070821757674,,,,,,,,,,,,,,,,,,,,,,,2016.55066,-85.76669536493502,,,2021.678531,-92.75040078137545,,,,,,,,,,,,,2021.95068,-91.48118597966219,2020.589152,-98.62658802049509
,,,,,,,,,,,,,,,,,,,,,,,,,,2023.106834,-86.1736044262294,,,,,,,,,,,,,,,,,,,,,,,2016.57002,-86.2638696033354,,,2021.700891,-93.57405724030274,,,,,,,,,,,,,2021.96986,-91.51170745096337,2020.589152,-98.62658802049509
,,,,,,,,,,,,,,,,,,,,,,,,,,2023.125999,-86.06353351417276,,,,,,,,,,,,,,,,,,,,,,,2016.5889,-86.70703010853771,,,2021.716975,-94.03680675523904,,,,,,,,,,,,,2021.98904,-91.54191110095115,2020.608887,-98.97985879303332
,,,,,,,,,,,,,,,,,,,,,,,,,,2023.14505,-85.95477751611594,,,,,,,,,,,,,,,,,,,,,,,2016.60787,-87.08736105225499,,,2021.76426,-94.61458103047683,,,,,,,,,,,,,2022.03014,-91.56386955695302,2020.608887,-98.97985879303332
,,,,,,,,,,,,,,,,,,,,,,,,,,2023.171003,-85.82122649444287,,,,,,,,,,,,,,,,,,,,,,,2016.62705,-87.39253630006128,,,2021.780801,-94.55870381785284,,,,,,,,,,,,,2022.04658,-91.5500814729049,2020.628509,-99.15393666583459
,,,,,,,,,,,,,,,,,,,,,,,,,,2023.190282,-85.7431890319377,,,,,,,,,,,,,,,,,,,,,,,2016.64628,-87.61653745927748,,,2021.797343,-94.3976595805735,,,,,,,,,,,,,2022.12329,-91.40099937208589,2020.628509,-99.15393666583459
,,,,,,,,,,,,,,,,,,,,,,,,,,2023.247777,-85.63406186252764,,,,,,,,,,,,,,,,,,,,,,,2016.66566,-87.76794230814129,,,2021.830311,-93.82679781994088,,,,,,,,,,,,,2022.14247,-91.35485689047827,2020.650297,-99.17800565515218
,,,,,,,,,,,,,,,,,,,,,,,,,,2023.265059,-85.61557612408079,,,,,,,,,,,,,,,,,,,,,,,2016.68462,-87.85851004855733,,,2021.853526,-93.36908562930421,,,,,,,,,,,,,2022.16164,-91.29974921479388,2020.650297,-99.17800565515218
,,,,,,,,,,,,,,,,,,,,,,,,,,2023.284452,-85.58589130752478,,,,,,,,,,,,,,,,,,,,,,,2016.70369,-87.91431463071883,,,2021.872691,-93.0032099065978,,,,,,,,,,,,,2022.18082,-91.22649126563576,2020.666382,-99.11048339469725
,,,,,,,,,,,,,,,,,,,,,,,,,,2023.303617,-85.53026059170273,,,,,,,,,,,,,,,,,,,,,,,2016.723,-87.95652763284848,,,2021.894822,-92.6237216820567,,,,,,,,,,,,,2022.2,-91.12423839596255,2020.666382,-99.11048339469725
,,,,,,,,,,,,,,,,,,,,,,,,,,2023.322668,-85.42900307455592,,,,,,,,,,,,,,,,,,,,,,,2016.74187,-87.99348973560008,,,2021.908511,-92.41283161807632,,,,,,,,,,,,,2022.21918,-90.98264870439131,2020.685946,-98.97704395027921
,,,,,,,,,,,,,,,,,,,,,,,,,,2023.343031,-85.27457681966993,,,,,,,,,,,,,,,,,,,,,,,2016.76101,-88.03067964708887,,,2021.925908,-92.18373678102209,,,,,,,,,,,,,2022.23836,-90.79426200062065,2020.685946,-98.97704395027921
,,,,,,,,,,,,,,,,,,,,,,,,,,2023.36231,-85.08496521653251,,,,,,,,,,,,,,,,,,,,,,,2016.78044,-88.06727374037963,,,2021.94781,-91.9332606831374,,,,,,,,,,,,,2022.25753,-90.5565512275323,2020.705225,-98.8294035491747
,,,,,,,,,,,,,,,,,,,,,,,,,,2023.381589,-84.85885119335123,,,,,,,,,,,,,,,,,,,,,,,2016.79909,-88.09757674737061,,,2021.96709,-91.73811172421607,,,,,,,,,,,,,2022.27671,-90.27253369504109,2020.705225,-98.8294035491747
,,,,,,,,,,,,,,,,,,,,,,,,,,2023.40064,-84.60815689795844,,,,,,,,,,,,,,,,,,,,,,,2016.81839,-88.11900217274285,,,2021.986369,-91.55770525908571,,,,,,,,,,,,,2022.29589,-89.95159360294079,2020.724732,-98.70051367841995
,,,,,,,,,,,,,,,,,,,,,,,,,,2023.418379,-84.3775343098978,,,,,,,,,,,,,,,,,,,,,,,2016.83763,-88.12665727550164,,,2022.006503,-91.38549819348836,,,,,,,,,,,,,2022.31507,-89.60811785043376,2020.724732,-98.70051367841995
,,,,,,,,,,,,,,,,,,,,,,,,,,2023.437316,-84.14999264421503,,,,,,,,,,,,,,,,,,,,,,,2016.85682,-88.12543196851087,,,2022.02293,-91.26260585206876,,,,,,,,,,,,,2022.33425,-89.25991236084631,2020.741388,-98.62914045286576
,,,,,,,,,,,,,,,,,,,,,,,,,,2023.456481,-83.95372568977119,,,,,,,,,,,,,,,,,,,,,,,2016.87634,-88.12699447109475,,,2022.039586,-91.15888957714647,,,,,,,,,,,,,2022.35342,-88.92626903708748,2020.741388,-98.62914045286576
,,,,,,,,,,,,,,,,,,,,,,,,,,2023.475646,-83.82063443010728,,,,,,,,,,,,,,,,,,,,,,,2016.89506,-88.14519660465989,,,2022.061488,-91.08529213490674,,,,,,,,,,,,,2022.3726,-88.62516079250629,2020.767797,-98.59039013849143
,,,,,,,,,,,,,,,,,,,,,,,,,,2023.494925,-83.76803488292747,,,,,,,,,,,,,,,,,,,,,,,2016.91415,-88.1948139510823,,,2022.080425,-91.0928402826419,,,,,,,,,,,,,2022.39178,-88.37261539842908,2020.767797,-98.59039013849143
,,,,,,,,,,,,,,,,,,,,,,,,,,2023.515287,-83.78987278846293,,,,,,,,,,,,,,,,,,,,,,,2016.93338,-88.2893321674806,,,2022.098164,-91.17617627628003,,,,,,,,,,,,,2022.41096,-88.18093745514604,2020.77852,-98.60175480153853
,,,,,,,,,,,,,,,,,,,,,,,,,,2023.534567,-83.8820976343708,,,,,,,,,,,,,,,,,,,,,,,2016.95243,-88.43460727274727,,,2022.130904,-91.48965083952154,,,,,,,,,,,,,2022.43014,-88.05856244113605,2020.77852,-98.60175480153853
,,,,,,,,,,,,,,,,,,,,,,,,,,2023.553503,-84.03339498794381,,,,,,,,,,,,,,,,,,,,,,,2016.97167,-88.63431881753134,,,2022.153264,-91.8044587460488,,,,,,,,,,,,,2022.44932,-88.01035539348182,2020.786848,-98.61058114806976
,,,,,,,,,,,,,,,,,,,,,,,,,,2023.572668,-84.25120055175232,,,,,,,,,,,,,,,,,,,,,,,2016.99059,-88.87591365498045,,,2022.178874,-92.20152350311149,,,,,,,,,,,,,2022.47123,-88.04582099636231,2020.786848,-98.61058114806976
,,,,,,,,,,,,,,,,,,,,,,,,,,2023.590293,-84.48272904567793,,,,,,,,,,,,,,,,,,,,,,,2017.00984,-89.13954865222222,,,2022.2034,-92.54788598731392,,,,,,,,,,,,,2022.48767,-88.14213710300396,2020.792323,-98.6200264952488
,,,,,,,,,,,,,,,,,,,,,,,,,,2023.609572,-84.75691356496901,,,,,,,,,,,,,,,,,,,,,,,2017.02903,-89.39070302870223,,,2022.219713,-92.72919003134263,,,,,,,,,,,,,2022.50685,-88.3201741770226,2020.792323,-98.6200264952488
,,,,,,,,,,,,,,,,,,,,,,,,,,2023.628737,-85.04460753002704,,,,,,,,,,,,,,,,,,,,,,,2017.04819,-89.60206523215089,,,2022.244468,-92.88496220963515,,,,,,,,,,,,,2022.52603,-88.56902360339933,2021.276011,-90.59202598977805
,,,,,,,,,,,,,,,,,,,,,,,,,,2023.647902,-85.34028134478616,,,,,,,,,,,,,,,,,,,,,,,2017.06761,-89.75133768859489,,,2022.253651,-92.9097947293645,,,,,,,,,,,,,2022.54521,-88.88341818278417,2021.276011,-90.59202598977805
,,,,,,,,,,,,,,,,,,,,,,,,,,2023.684692,-85.9134968049497,,,,,,,,,,,,,,,,,,,,,,,2017.08659,-89.81693127090541,,,2022.272816,-92.8698976187017,,,,,,,,,,,,,2022.56438,-89.25528762087431,2021.283882,-90.45891704742452
,,,,,,,,,,,,,,,,,,,,,,,,,,2023.706481,-86.25673190017154,,,,,,,,,,,,,,,,,,,,,,,2017.10572,-89.79415306582328,,,2022.297228,-92.69232087167835,,,,,,,,,,,,,2022.56438,-89.25528762087431,2021.283882,-90.45891704742452
,,,,,,,,,,,,,,,,,,,,,,,,,,2023.742073,-86.82914269960882,,,,,,,,,,,,,,,,,,,,,,,2017.12381,-89.69296253078296,,,2022.370295,-91.52020247618269,,,,,,,,,,,,,2022.5726,-89.42673987618011,2021.292209,-90.31809654647473
,,,,,,,,,,,,,,,,,,,,,,,,,,2023.7816,-87.47586488805581,,,,,,,,,,,,,,,,,,,,,,,2017.14409,-89.48914224564983,,,2022.389232,-91.13226459280799,,,,,,,,,,,,,2022.58356,-89.67384105175337,2021.292209,-90.31809654647473
,,,,,,,,,,,,,,,,,,,,,,,,,,2023.820159,-88.08618941181645,,,,,,,,,,,,,,,,,,,,,,,2017.16356,-89.23805812597482,,,2022.408397,-90.72042249935915,,,,,,,,,,,,,2022.58356,-89.67384105175337,2021.303275,-90.14553581554304
,,,,,,,,,,,,,,,,,,,,,,,,,,2023.837555,-88.33630654201573,,,,,,,,,,,,,,,,,,,,,,,2017.18248,-88.96549339179744,,,2022.425793,-90.3380257171999,,,,,,,,,,,,,2022.59178,-89.8618474990175,2021.303275,-90.14553581554304
,,,,,,,,,,,,,,,,,,,,,,,,,,2023.856834,-88.59125645719391,,,,,,,,,,,,,,,,,,,,,,,2017.20162,-88.6781461791792,,,2022.444958,-89.91604331770137,,,,,,,,,,,,,2022.60274,-90.12395579035991,2021.311603,-90.01577836374496
,,,,,,,,,,,,,,,,,,,,,,,,,,2023.875999,-88.81608556039396,,,,,,,,,,,,,,,,,,,,,,,2017.2208,-88.38824870386154,,,2022.464352,-89.50049823959218,,,,,,,,,,,,,2022.60274,-90.12395579035991,2021.311603,-90.01577836374496
,,,,,,,,,,,,,,,,,,,,,,,,,,2023.895164,-89.00145205302054,,,,,,,,,,,,,,,,,,,,,,,2017.23975,-88.10211355160936,,,2022.483745,-89.11552009237569,,,,,,,,,,,,,2022.61096,-90.32121049487644,2021.322554,-89.87210829926018
,,,,,,,,,,,,,,,,,,,,,,,,,,2023.914443,-89.1401820994929,,,,,,,,,,,,,,,,,,,,,,,2017.25897,-87.8069096356511,,,2022.506846,-88.7361063326797,,,,,,,,,,,,,2022.62192,-90.58708559984198,2021.322554,-89.87210829926018
,,,,,,,,,,,,,,,,,,,,,,,,,,2023.934578,-89.23932059069622,,,,,,,,,,,,,,,,,,,,,,,2017.27811,-87.49653444669453,,,2022.523044,-88.53691636501748,,,,,,,,,,,,,2022.62192,-90.58708559984198,2021.330083,-89.77919375659121
,,,,,,,,,,,,,,,,,,,,,,,,,,2023.953857,-89.28711236770813,,,,,,,,,,,,,,,,,,,,,,,2017.29707,-87.1521726450669,,,2022.543008,-88.41124884977735,,,,,,,,,,,,,2022.63014,-90.78492466780745,2021.330083,-89.77919375659121
,,,,,,,,,,,,,,,,,,,,,,,,,,2023.972908,-89.28778546074217,,,,,,,,,,,,,,,,,,,,,,,2017.33555,-86.30995750595585,,,2022.561831,-88.44796980845419,,,,,,,,,,,,,2022.6411,-91.04204263899521,2021.342803,-89.66294087304543
,,,,,,,,,,,,,,,,,,,,,,,,,,2023.992187,-89.22260235853177,,,,,,,,,,,,,,,,,,,,,,,2017.35478,-85.82558737773672,,,2022.580996,-88.64248471530695,,,,,,,,,,,,,2022.6411,-91.04204263899521,2021.342803,-89.66294087304543
,,,,,,,,,,,,,,,,,,,,,,,,,,2024.028977,-88.94034569798265,,,,,,,,,,,,,,,,,,,,,,,2017.37391,-85.32392712906703,,,2022.597936,-88.9402733748168,,,,,,,,,,,,,2022.64932,-91.23104649698692,2021.35113,-89.61116343836015
,,,,,,,,,,,,,,,,,,,,,,,,,,2024.048027,-88.72089901093359,,,,,,,,,,,,,,,,,,,,,,,2017.39311,-84.82834731723136,,,2022.619839,-89.47043589954434,,,,,,,,,,,,,2022.66027,-91.46654423125825,2021.35113,-89.61116343836015
,,,,,,,,,,,,,,,,,,,,,,,,,,2024.067307,-88.44199594058021,,,,,,,,,,,,,,,,,,,,,,,2017.41224,-84.37574569977775,,,2022.636722,-89.96453732906217,,,,,,,,,,,,,2022.66027,-91.46654423125825,2021.361511,-89.57931459782316
,,,,,,,,,,,,,,,,,,,,,,,,,,2024.084817,-88.15216369672325,,,,,,,,,,,,,,,,,,,,,,,2017.43182,-83.99348322989671,,,2022.656458,-90.59609924313794,,,,,,,,,,,,,2022.66849,-91.63748965815458,2021.361511,-89.57931459782316
,,,,,,,,,,,,,,,,,,,,,,,,,,2024.104096,-87.81480819975319,,,,,,,,,,,,,,,,,,,,,,,2017.45069,-83.74839992922794,,,2022.673056,-91.13551168245851,,,,,,,,,,,,,2022.67945,-91.84047297845487,2021.369953,-89.60704336854255
,,,,,,,,,,,,,,,,,,,,,,,,,,2024.123261,-87.47031045528826,,,,,,,,,,,,,,,,,,,,,,,2017.47014,-83.63880465909901,,,2022.692677,-91.71583098874748,,,,,,,,,,,,,2022.67945,-91.84047297845487,2021.369953,-89.60704336854255
,,,,,,,,,,,,,,,,,,,,,,,,,,2024.142426,-87.13402642471114,,,,,,,,,,,,,,,,,,,,,,,2017.48964,-83.67424928913229,,,2022.714238,-92.23869712118112,,,,,,,,,,,,,2022.68767,-91.98535010113854,2021.381475,-89.66370053493749
,,,,,,,,,,,,,,,,,,,,,,,,,,2024.161591,-86.83571646792939,,,,,,,,,,,,,,,,,,,,,,,2017.50823,-83.83503597816221,,,2022.730779,-92.52241722948493,,,,,,,,,,,,,2022.69863,-92.14711783590907,2021.381475,-89.66370053493749
,,,,,,,,,,,,,,,,,,,,,,,,,,2024.184578,-86.53655511442967,,,,,,,,,,,,,,,,,,,,,,,2017.5274,-84.10966384756858,,,2022.750913,-92.74288947841798,,,,,,,,,,,,,2022.69863,-92.14711783590907,2021.389004,-89.7836538756473
,,,,,,,,,,,,,,,,,,,,,,,,,,2024.204085,-86.3460943703985,,,,,,,,,,,,,,,,,,,,,,,2017.54655,-84.46896884769588,,,2022.769964,-92.82536779041497,,,,,,,,,,,,,2022.70685,-92.26028863398346,2021.389004,-89.7836538756473
,,,,,,,,,,,,,,,,,,,,,,,,,,2024.222908,-86.21414345211957,,,,,,,,,,,,,,,,,,,,,,,2017.56582,-84.88623806269666,,,2022.789357,-92.80762926116411,,,,,,,,,,,,,2022.72055,-92.40547258225108,2021.403492,-90.03784483415967
,,,,,,,,,,,,,,,,,,,,,,,,,,2024.242073,-86.13234562364748,,,,,,,,,,,,,,,,,,,,,,,2017.58494,-85.32627982640584,,,2022.81377,-92.69243799897615,,,,,,,,,,,,,2022.73699,-92.52641725191198,2021.403492,-90.03784483415967
,,,,,,,,,,,,,,,,,,,,,,,,,,2024.259812,-86.10047701777866,,,,,,,,,,,,,,,,,,,,,,,2017.60412,-85.76744968348514,,,2022.827916,-92.60962786747969,,,,,,,,,,,,,2022.74795,-92.58024631741945,2021.411705,-90.28964926164903
,,,,,,,,,,,,,,,,,,,,,,,,,,2024.279091,-86.07870524627992,,,,,,,,,,,,,,,,,,,,,,,2017.62319,-86.1900103258896,,,2022.845312,-92.52112270293235,,,,,,,,,,,,,2022.75068,-92.58797840480874,2021.411705,-90.28964926164903
,,,,,,,,,,,,,,,,,,,,,,,,,,2024.298027,-86.05971410162529,,,,,,,,,,,,,,,,,,,,,,,2017.64306,-86.61104732824916,,,2022.864477,-92.46356136813095,,,,,,,,,,,,,2022.75342,-92.59573881486173,2021.417352,-90.46278205137372
,,,,,,,,,,,,,,,,,,,,,,,,,,2024.317192,-86.02935554244748,,,,,,,,,,,,,,,,,,,,,,,2017.66162,-86.98933707111597,,,2022.883642,-92.45743295080663,,,,,,,,,,,,,2022.75616,-92.60349922491473,2021.417352,-90.46278205137372
,,,,,,,,,,,,,,,,,,,,,,,,,,2024.337555,-85.95563497288819,,,,,,,,,,,,,,,,,,,,,,,2017.68115,-87.3778942873909,,,2022.911477,-92.53252868742085,,,,,,,,,,,,,2022.7589,-92.61125963496836,2021.436174,-91.22540629648391
,,,,,,,,,,,,,,,,,,,,,,,,,,2024.356834,-85.84533046155339,,,,,,,,,,,,,,,,,,,,,,,2017.69996,-87.74778322368087,,,2022.926022,-92.60237301360002,,,,,,,,,,,,,2022.76164,-92.61902004502136,2021.436174,-91.22540629648391
,,,,,,,,,,,,,,,,,,,,,,,,,,2024.375885,-85.70461239946673,,,,,,,,,,,,,,,,,,,,,,,2017.71923,-88.1239161967454,,,2022.942563,-92.68660920283091,,,,,,,,,,,,,2022.76438,-92.62132983509169,2021.458648,-92.42147476190351
,,,,,,,,,,,,,,,,,,,,,,,,,,2024.39505,-85.53837542923938,,,,,,,,,,,,,,,,,,,,,,,2017.73846,-88.49248702860405,,,2022.9615,-92.77587122459992,,,,,,,,,,,,,2022.77534,-92.62181347631511,2021.458648,-92.42147476190351
,,,,,,,,,,,,,,,,,,,,,,,,,,2024.414329,-85.35688272791228,,,,,,,,,,,,,,,,,,,,,,,2017.75764,-88.83754549882853,,,2022.980665,-92.83772666331033,,,,,,,,,,,,,2022.83562,-92.52177194566698,2021.477584,-93.62488165149144
,,,,,,,,,,,,,,,,,,,,,,,,,,2024.43184,-85.20559304415329,,,,,,,,,,,,,,,,,,,,,,,2017.77672,-89.13800473299969,,,2023.006503,-92.841454156105,,,,,,,,,,,,,2022.85205,-92.50971945230792,2021.477584,-93.62488165149144
,,,,,,,,,,,,,,,,,,,,,,,,,,2024.451119,-85.0695711676544,,,,,,,,,,,,,,,,,,,,,,,2017.79628,-89.3829648329292,,,2023.020307,-92.81099346191776,,,,,,,,,,,,,2022.87123,-92.52092643023366,2021.493783,-94.738028960014
,,,,,,,,,,,,,,,,,,,,,,,,,,2024.470284,-84.97911688752933,,,,,,,,,,,,,,,,,,,,,,,2017.81515,-89.54154269810036,,,2023.039357,-92.73822653973792,,,,,,,,,,,,,2022.89041,-92.56080156734835,2021.493783,-94.738028960014
,,,,,,,,,,,,,,,,,,,,,,,,,,2024.489449,-84.9450113463712,,,,,,,,,,,,,,,,,,,,,,,2017.83458,-89.6155745343375,,,2023.058751,-92.64453295542506,,,,,,,,,,,,,2022.90959,-92.62214254280582,2021.514488,-96.20180069785475
,,,,,,,,,,,,,,,,,,,,,,,,,,2024.509812,-85.00665706388018,,,,,,,,,,,,,,,,,,,,,,,2017.85369,-89.59804979551312,,,2023.074949,-92.5638222486592,,,,,,,,,,,,,2022.92877,-92.69155181485266,2021.514488,-96.20180069785475
,,,,,,,,,,,,,,,,,,,,,,,,,,2024.547799,-85.31606628504231,,,,,,,,,,,,,,,,,,,,,,,2017.87294,-89.49696466418837,,,2023.095312,-92.4740179647205,,,,,,,,,,,,,2022.97534,-92.79391159109291,2021.536391,-97.66143721527837
,,,,,,,,,,,,,,,,,,,,,,,,,,2024.566964,-85.54718823873117,,,,,,,,,,,,,,,,,,,,,,,2017.89203,-89.3303401054336,,,2023.111968,-92.41729078403377,,,,,,,,,,,,,2022.9863,-92.78372116610515,2021.536391,-97.66143721527837
,,,,,,,,,,,,,,,,,,,,,,,,,,2024.584589,-85.79555387030449,,,,,,,,,,,,,,,,,,,,,,,2017.91124,-89.11772272439389,,,2023.131361,-92.38179639710256,,,,,,,,,,,,,2022.99452,-92.77108641882046,2021.555328,-98.76838500267289
,,,,,,,,,,,,,,,,,,,,,,,,,,2024.603754,-86.08247935290154,,,,,,,,,,,,,,,,,,,,,,,2017.93035,-88.89673336474578,,,2023.150069,-92.36535501753275,,,,,,,,,,,,,2023.00822,-92.72341920731056,2021.555328,-98.76838500267289
,,,,,,,,,,,,,,,,,,,,,,,,,,2024.625771,-86.41394123858079,,,,,,,,,,,,,,,,,,,,,,,2017.94938,-88.69118595442241,,,2023.176022,-92.34624530437813,,,,,,,,,,,,,2023.0137,-92.6994856157835,2021.574379,-99.60845742818374
,,,,,,,,,,,,,,,,,,,,,,,,,,2024.642198,-86.65506017932877,,,,,,,,,,,,,,,,,,,,,,,2017.96871,-88.51214364123585,,,2023.195529,-92.3066495223332,,,,,,,,,,,,,2023.02466,-92.63413611389359,2021.574379,-99.60845742818374
,,,,,,,,,,,,,,,,,,,,,,,,,,2024.661477,-86.92423602232148,,,,,,,,,,,,,,,,,,,,,,,2017.98793,-88.37063840127676,,,2023.214123,-92.22767495428381,,,,,,,,,,,,,2023.04384,-92.49289194693075,2021.592574,-100.1489716384472
,,,,,,,,,,,,,,,,,,,,,,,,,,2024.678988,-87.14432267246917,,,,,,,,,,,,,,,,,,,,,,,2018.00713,-88.26357326495797,,,2023.233402,-92.09305984247152,,,,,,,,,,,,,2023.05205,-92.42404266531668,2021.592574,-100.1489716384472
,,,,,,,,,,,,,,,,,,,,,,,,,,2024.698267,-87.36851712765376,,,,,,,,,,,,,,,,,,,,,,,2018.02626,-88.18160722081237,,,2023.250913,-91.92084217478012,,,,,,,,,,,,,2023.06301,-92.32009084944703,2021.609458,-100.42727673154654
,,,,,,,,,,,,,,,,,,,,,,,,,,2024.717318,-87.57066278222047,,,,,,,,,,,,,,,,,,,,,,,2018.04553,-88.10939573583204,,,2023.270078,-91.6793095066421,,,,,,,,,,,,,2023.07123,-92.24073723807892,2021.609458,-100.42727673154654
,,,,,,,,,,,,,,,,,,,,,,,,,,2024.739106,-87.77804641125694,,,,,,,,,,,,,,,,,,,,,,,2018.06496,-88.02781787135625,,,2023.289129,-91.39405278208616,,,,,,,,,,,,,2023.08219,-92.12899675063822,2021.617672,-100.50727557250998
,,,,,,,,,,,,,,,,,,,,,,,,,,2024.756731,-87.92826198204675,,,,,,,,,,,,,,,,,,,,,,,2018.08377,-87.92555410695225,,,2023.308408,-91.07504853178882,,,,,,,,,,,,,2023.09041,-92.0451042253029,2021.617672,-100.50727557250998
,,,,,,,,,,,,,,,,,,,,,,,,,,2024.775896,-88.07595461732636,,,,,,,,,,,,,,,,,,,,,,,2018.10295,-87.79488358253403,,,2023.327573,-90.75199114597571,,,,,,,,,,,,,2023.10411,-91.90481861969845,2021.627824,-100.50461586982624
,,,,,,,,,,,,,,,,,,,,,,,,,,2024.79529,-88.21217559776476,,,,,,,,,,,,,,,,,,,,,,,2018.12222,-87.63971826179652,,,2023.348507,-90.41448699537584,,,,,,,,,,,,,2023.10959,-91.84952827786198,2021.627824,-100.50461586982624
,,,,,,,,,,,,,,,,,,,,,,,,,,2024.81434,-88.3338896143914,,,,,,,,,,,,,,,,,,,,,,,2018.14137,-87.47065256649302,,,2023.367786,-90.13252104970964,,,,,,,,,,,,,2023.12055,-91.74190819827544,2021.636494,-100.45845794533481
,,,,,,,,,,,,,,,,,,,,,,,,,,2024.833391,-88.44366955709485,,,,,,,,,,,,,,,,,,,,,,,2018.16049,-87.2992569612578,,,2023.389004,-89.86104364933568,,,,,,,,,,,,,2023.1589,-91.39038594070661,2021.636494,-100.45845794533481
,,,,,,,,,,,,,,,,,,,,,,,,,,2024.851016,-88.53448380556367,,,,,,,,,,,,,,,,,,,,,,,2018.17965,-87.13760670903173,,,2023.406001,-89.67537297104921,,,,,,,,,,,,,2023.16712,-91.31843640949673,2021.64756,-100.34925412649034
,,,,,,,,,,,,,,,,,,,,,,,,,,2024.870295,-88.6356772391624,,,,,,,,,,,,,,,,,,,,,,,2018.1989,-86.99568797593923,,,2023.428531,-89.47190282552478,,,,,,,,,,,,,2023.17808,-91.2229217315778,2021.64756,-100.34925412649034
,,,,,,,,,,,,,,,,,,,,,,,,,,2024.88946,-88.73823218980031,,,,,,,,,,,,,,,,,,,,,,,2018.21816,-86.8804421030307,,,2023.44473,-89.35310326985662,,,,,,,,,,,,,2023.19726,-91.04892727507543,2021.655317,-100.22238422492362
,,,,,,,,,,,,,,,,,,,,,,,,,,,,,,,,,,,,,,,,,,,,,,,,,,2018.23708,-86.78381912896148,,,2023.464123,-89.24674640223961,,,,,,,,,,,,,2023.20548,-90.97068560940119,2021.655317,-100.22238422492362
,,,,,,,,,,,,,,,,,,,,,,,,,,,,,,,,,,,,,,,,,,,,,,,,,,2018.25651,-86.68412301366081,,,2023.503537,-89.20562752600416,,,,,,,,,,,,,2023.21644,-90.85677336378426,2021.667466,-100.00824882638453
,,,,,,,,,,,,,,,,,,,,,,,,,,,,,,,,,,,,,,,,,,,,,,,,,,2018.27532,-86.56822995070526,,,2023.520535,-89.29750775054737,,,,,,,,,,,,,2023.22466,-90.7680696446488,2021.667466,-100.00824882638453
,,,,,,,,,,,,,,,,,,,,,,,,,,,,,,,,,,,,,,,,,,,,,,,,,,2018.29445,-86.41239826888024,,,2023.539814,-89.49931774844616,,,,,,,,,,,,,2023.23562,-90.63588363376124,2021.678874,-99.75254176274107
,,,,,,,,,,,,,,,,,,,,,,,,,,,,,,,,,,,,,,,,,,,,,,,,,,2018.31368,-86.20209568508653,,,2023.558408,-89.81226112636162,,,,,,,,,,,,,2023.24384,-90.53288004942502,2021.687201,-99.56548796626808
,,,,,,,,,,,,,,,,,,,,,,,,,,,,,,,,,,,,,,,,,,,,,,,,,,2018.33294,-85.9301058873055,,,2023.580539,-90.35589078373576,,,,,,,,,,,,,2023.27397,-90.08462600421387,2021.687201,-99.56548796626808
,,,,,,,,,,,,,,,,,,,,,,,,,,,,,,,,,,,,,,,,,,,,,,,,,,2018.35243,-85.59569881613656,,,2023.595426,-90.80831086139239,,,,,,,,,,,,,2023.29315,-89.75594018054211,2021.695415,-99.37220288807207
,,,,,,,,,,,,,,,,,,,,,,,,,,,,,,,,,,,,,,,,,,,,,,,,,,2018.37123,-85.23249251325318,,,2023.614477,-91.51837693042046,,,,,,,,,,,,,2023.31233,-89.40257063983591,2021.695415,-99.37220288807207
,,,,,,,,,,,,,,,,,,,,,,,,,,,,,,,,,,,,,,,,,,,,,,,,,,2018.39035,-84.86203543148119,,,2023.636494,-92.44391489337288,,,,,,,,,,,,,2023.33151,-89.03822923834053,2021.703058,-99.1923541112656
,,,,,,,,,,,,,,,,,,,,,,,,,,,,,,,,,,,,,,,,,,,,,,,,,,2018.40969,-84.52565843509537,,,2023.652807,-93.16594692265171,,,,,,,,,,,,,2023.35068,-88.6794029940724,2021.703058,-99.1923541112656
,,,,,,,,,,,,,,,,,,,,,,,,,,,,,,,,,,,,,,,,,,,,,,,,,,2018.42871,-84.26957964263988,,,2023.670432,-93.93268862031562,,,,,,,,,,,,,2023.36986,-88.34268959237217,2021.711271,-99.00651309278757
,,,,,,,,,,,,,,,,,,,,,,,,,,,,,,,,,,,,,,,,,,,,,,,,,,2018.44789,-84.11719754721408,,,2023.689597,-94.71435380005607,,,,,,,,,,,,,2023.38904,-88.04426025630704,2021.711271,-99.00651309278757
,,,,,,,,,,,,,,,,,,,,,,,,,,,,,,,,,,,,,,,,,,,,,,,,,,2018.46715,-84.09328821283981,,,2023.708762,-95.39873900204361,,,,,,,,,,,,,2023.40822,-87.79791871730617,2021.72188,-98.78815711410793
,,,,,,,,,,,,,,,,,,,,,,,,,,,,,,,,,,,,,,,,,,,,,,,,,,2018.48636,-84.20727278693926,,,2023.767569,-96.58921158931959,,,,,,,,,,,,,2023.4274,-87.61472652074401,2021.72188,-98.78815711410793
,,,,,,,,,,,,,,,,,,,,,,,,,,,,,,,,,,,,,,,,,,,,,,,,,,2018.50545,-84.45139276073074,,,2023.78719,-96.67777653749566,,,,,,,,,,,,,2023.44658,-87.50300089789519,2021.729751,-98.6261550490531
,,,,,,,,,,,,,,,,,,,,,,,,,,,,,,,,,,,,,,,,,,,,,,,,,,2018.52458,-84.8178013004039,,,2023.806013,-96.66488930555774,,,,,,,,,,,,,2023.46575,-87.46867454330129,2021.729751,-98.6261550490531
,,,,,,,,,,,,,,,,,,,,,,,,,,,,,,,,,,,,,,,,,,,,,,,,,,2018.56301,-85.72601036843209,,,2023.822212,-96.60323593680778,,,,,,,,,,,,,2023.48493,-87.51565083792201,2021.74173,-98.44135546617947
,,,,,,,,,,,,,,,,,,,,,,,,,,,,,,,,,,,,,,,,,,,,,,,,,,2018.58219,-86.19017085444834,,,2023.842688,-96.4836514220803,,,,,,,,,,,,,2023.50411,-87.64618084738451,2021.74173,-98.44135546617947
,,,,,,,,,,,,,,,,,,,,,,,,,,,,,,,,,,,,,,,,,,,,,,,,,,2018.60125,-86.61965536906165,,,2023.861853,-96.35349306040357,,,,,,,,,,,,,2023.52329,-87.86054787873012,2021.750457,-98.31047385265384
,,,,,,,,,,,,,,,,,,,,,,,,,,,,,,,,,,,,,,,,,,,,,,,,,,2018.62047,-87.0016000440288,,,2023.880904,-96.22000547108091,,,,,,,,,,,,,2023.54247,-88.15653348765372,2021.750457,-98.31047385265384
,,,,,,,,,,,,,,,,,,,,,,,,,,,,,,,,,,,,,,,,,,,,,,,,,,2018.63966,-87.32243135618677,,,2023.900297,-96.08125352740599,,,,,,,,,,,,,2023.56164,-88.52834200907192,2021.761522,-98.20361534568205
,,,,,,,,,,,,,,,,,,,,,,,,,,,,,,,,,,,,,,,,,,,,,,,,,,2018.66207,-87.61708633451943,,,2023.917808,-95.94071490662114,,,,,,,,,,,,,2023.58082,-88.9665071413728,2021.761522,-98.20361534568205
,,,,,,,,,,,,,,,,,,,,,,,,,,,,,,,,,,,,,,,,,,,,,,,,,,2018.67801,-87.78596259087116,,,2023.939825,-95.72725245392714,,,,,,,,,,,,,2023.6,-89.45618908213204,2021.769507,-98.13668611022298
,,,,,,,,,,,,,,,,,,,,,,,,,,,,,,,,,,,,,,,,,,,,,,,,,,2018.69719,-87.95182317742044,,,2023.958876,-95.48732368405612,,,,,,,,,,,,,2023.61918,-89.97796836610016,2021.769507,-98.13668611022298
,,,,,,,,,,,,,,,,,,,,,,,,,,,,,,,,,,,,,,,,,,,,,,,,,,2018.71678,-88.0948003830129,,,2023.978041,-95.18617872671824,,,,,,,,,,,,,2023.63836,-90.50189041304607,2021.783996,-98.07427620348113
,,,,,,,,,,,,,,,,,,,,,,,,,,,,,,,,,,,,,,,,,,,,,,,,,,2018.73558,-88.2122542092067,,,2023.99732,-94.82260804993601,,,,,,,,,,,,,,,2021.783996,-98.07427620348113
,,,,,,,,,,,,,,,,,,,,,,,,,,,,,,,,,,,,,,,,,,,,,,,,,,2018.75486,-88.31367035461984,,,2024.015059,-94.44424504858067,,,,,,,,,,,,,,,2021.795061,-98.05037922065145
,,,,,,,,,,,,,,,,,,,,,,,,,,,,,,,,,,,,,,,,,,,,,,,,,,2018.83177,-88.42926988295446,,,2024.034224,-94.00431702741783,,,,,,,,,,,,,,,2021.795061,-98.05037922065145
,,,,,,,,,,,,,,,,,,,,,,,,,,,,,,,,,,,,,,,,,,,,,,,,,,2018.85121,-88.36603744589212,,,2024.053275,-93.56668538657834,,,,,,,,,,,,,,,2021.803161,-98.06549389146973
,,,,,,,,,,,,,,,,,,,,,,,,,,,,,,,,,,,,,,,,,,,,,,,,,,2018.87019,-88.28412770242451,,,2024.07244,-93.16953431032717,,,,,,,,,,,,,,,2021.803161,-98.06549389146973
,,,,,,,,,,,,,,,,,,,,,,,,,,,,,,,,,,,,,,,,,,,,,,,,,,2018.88932,-88.19912553904717,,,2024.087441,-92.9118550314939,,,,,,,,,,,,,,,2021.811488,-98.08782597401184
,,,,,,,,,,,,,,,,,,,,,,,,,,,,,,,,,,,,,,,,,,,,,,,,,,2018.90876,-88.13026361253496,,,2024.10923,-92.63187562849008,,,,,,,,,,,,,,,2021.811488,-98.08782597401184
,,,,,,,,,,,,,,,,,,,,,,,,,,,,,,,,,,,,,,,,,,,,,,,,,,2018.92745,-88.09869647884479,,,2024.147445,-92.47270593673807,,,,,,,,,,,,,,,2021.822097,-98.12760636951553
,,,,,,,,,,,,,,,,,,,,,,,,,,,,,,,,,,,,,,,,,,,,,,,,,,2018.94685,-88.11747402340022,,,2024.173398,-92.59550352469445,,,,,,,,,,,,,,,2021.822097,-98.12760636951553
,,,,,,,,,,,,,,,,,,,,,,,,,,,,,,,,,,,,,,,,,,,,,,,,,,2018.96595,-88.1946269091986,,,2024.189939,-92.73372143500944,,,,,,,,,,,,,,,2021.833391,-98.1919840018233
,,,,,,,,,,,,,,,,,,,,,,,,,,,,,,,,,,,,,,,,,,,,,,,,,,2018.98513,-88.33478266662046,,,2024.209104,-92.93409908104007,,,,,,,,,,,,,,,2021.833391,-98.1919840018233
,,,,,,,,,,,,,,,,,,,,,,,,,,,,,,,,,,,,,,,,,,,,,,,,,,2019.02352,-88.71189835792681,,,2024.228155,-93.14449055073034,,,,,,,,,,,,,,,2021.842803,-98.24878821619652
,,,,,,,,,,,,,,,,,,,,,,,,,,,,,,,,,,,,,,,,,,,,,,,,,,2019.04264,-88.896492733071,,,2024.24732,-93.33662711621211,,,,,,,,,,,,,,,2021.842803,-98.24878821619652
,,,,,,,,,,,,,,,,,,,,,,,,,,,,,,,,,,,,,,,,,,,,,,,,,,2019.06186,-89.0474260535871,,,2024.264831,-93.48010349515552,,,,,,,,,,,,,,,2021.861968,-98.38181857972292
,,,,,,,,,,,,,,,,,,,,,,,,,,,,,,,,,,,,,,,,,,,,,,,,,,2019.1293,-89.08988881617375,,,2024.283996,-93.5951619151255,,,,,,,,,,,,,,,2021.861968,-98.38181857972292
,,,,,,,,,,,,,,,,,,,,,,,,,,,,,,,,,,,,,,,,,,,,,,,,,,2019.13808,-89.04426018292165,,,2024.303161,-93.65996846069694,,,,,,,,,,,,,,,2021.889232,-98.56114550722037
,,,,,,,,,,,,,,,,,,,,,,,,,,,,,,,,,,,,,,,,,,,,,,,,,,2019.15784,-88.90074380985523,,,2024.320044,-93.67675410826509,,,,,,,,,,,,,,,2021.889232,-98.56114550722037
,,,,,,,,,,,,,,,,,,,,,,,,,,,,,,,,,,,,,,,,,,,,,,,,,,2019.19593,-88.5767762591111,,,2024.342688,-93.62824916800697,,,,,,,,,,,,,,,2021.908511,-98.66709744170133
,,,,,,,,,,,,,,,,,,,,,,,,,,,,,,,,,,,,,,,,,,,,,,,,,,2019.21535,-88.41067617472456,,,2024.361739,-93.53523754167188,,,,,,,,,,,,,,,2021.908511,-98.66709744170133
,,,,,,,,,,,,,,,,,,,,,,,,,,,,,,,,,,,,,,,,,,,,,,,,,,2019.25376,-88.07882960537205,,,2024.381361,-93.37721754692592,,,,,,,,,,,,,,,2021.928417,-98.74815093740744
,,,,,,,,,,,,,,,,,,,,,,,,,,,,,,,,,,,,,,,,,,,,,,,,,,2019.27257,-87.89228903510397,,,2024.400183,-93.16974330336157,,,,,,,,,,,,,,,2021.928417,-98.74815093740744
,,,,,,,,,,,,,,,,,,,,,,,,,,,,,,,,,,,,,,,,,,,,,,,,,,2019.28908,-87.68587548654857,,,2024.417808,-92.92776936522965,,,,,,,,,,,,,,,2021.947696,-98.79161861987242
,,,,,,,,,,,,,,,,,,,,,,,,,,,,,,,,,,,,,,,,,,,,,,,,,,2019.31086,-87.34789487591404,,,2024.436859,-92.62044781624708,,,,,,,,,,,,,,,2021.947696,-98.79161861987242
,,,,,,,,,,,,,,,,,,,,,,,,,,,,,,,,,,,,,,,,,,,,,,,,,,2019.33025,-86.96634660801435,,,2024.456138,-92.27039931673204,,,,,,,,,,,,,,,2021.966633,-98.79904882151259
,,,,,,,,,,,,,,,,,,,,,,,,,,,,,,,,,,,,,,,,,,,,,,,,,,2019.34928,-86.52412026161701,,,2024.475417,-91.90043096182396,,,,,,,,,,,,,,,2021.966633,-98.79904882151259
,,,,,,,,,,,,,,,,,,,,,,,,,,,,,,,,,,,,,,,,,,,,,,,,,,2019.36892,-86.01381182997066,,,2024.494468,-91.54244409992279,,,,,,,,,,,,,,,2021.986369,-98.76689945092048
,,,,,,,,,,,,,,,,,,,,,,,,,,,,,,,,,,,,,,,,,,,,,,,,,,2019.38798,-85.49311882941751,,,2024.514831,-91.21323667972352,,,,,,,,,,,,,,,2021.986369,-98.76689945092048
,,,,,,,,,,,,,,,,,,,,,,,,,,,,,,,,,,,,,,,,,,,,,,,,,,2019.40682,-84.98683212998235,,,2024.533882,-91.014341916722,,,,,,,,,,,,,,,2022.003994,-98.69862881820191
,,,,,,,,,,,,,,,,,,,,,,,,,,,,,,,,,,,,,,,,,,,,,,,,,,2019.42544,-84.52953681452463,,,2024.551108,-90.95550820822781,,,,,,,,,,,,,,,2022.003994,-98.69862881820191
,,,,,,,,,,,,,,,,,,,,,,,,,,,,,,,,,,,,,,,,,,,,,,,,,,2019.44534,-84.15184028417005,,,2024.570387,-91.03767400820495,,,,,,,,,,,,,,,2022.025896,-98.55528100874461
,,,,,,,,,,,,,,,,,,,,,,,,,,,,,,,,,,,,,,,,,,,,,,,,,,2019.46455,-83.92004037460468,,,2024.589836,-91.29985049555114,,,,,,,,,,,,,,,2022.025896,-98.55528100874461
,,,,,,,,,,,,,,,,,,,,,,,,,,,,,,,,,,,,,,,,,,,,,,,,,,2019.48311,-83.83362801108542,,,2024.609116,-91.7348888315048,,,,,,,,,,,,,,,2022.0397,-98.44121672404273
,,,,,,,,,,,,,,,,,,,,,,,,,,,,,,,,,,,,,,,,,,,,,,,,,,2019.50282,-83.88898005214598,,,2024.62828,-92.31962319369231,,,,,,,,,,,,,,,2022.0397,-98.44121672404273
,,,,,,,,,,,,,,,,,,,,,,,,,,,,,,,,,,,,,,,,,,,,,,,,,,2019.52189,-84.0800200112226,,,2024.647331,-93.01573537852204,,,,,,,,,,,,,,,,
,,,,,,,,,,,,,,,,,,,,,,,,,,,,,,,,,,,,,,,,,,,,,,,,,,2019.56036,-84.79573919148285,,,2024.666496,-93.7818526748809,,,,,,,,,,,,,,,,
,,,,,,,,,,,,,,,,,,,,,,,,,,,,,,,,,,,,,,,,,,,,,,,,,,2019.57953,-85.26700503922802,,,2024.684235,-94.48217087431318,,,,,,,,,,,,,,,,
,,,,,,,,,,,,,,,,,,,,,,,,,,,,,,,,,,,,,,,,,,,,,,,,,,2019.59865,-85.78326081333645,,,2024.701233,-95.10374348733419,,,,,,,,,,,,,,,,
,,,,,,,,,,,,,,,,,,,,,,,,,,,,,,,,,,,,,,,,,,,,,,,,,,2019.61735,-86.3103407359478,,,2024.722565,-95.7743321045137,,,,,,,,,,,,,,,,
,,,,,,,,,,,,,,,,,,,,,,,,,,,,,,,,,,,,,,,,,,,,,,,,,,2019.63759,-86.89514560038849,,,2024.747891,-96.35435794153287,,,,,,,,,,,,,,,,
,,,,,,,,,,,,,,,,,,,,,,,,,,,,,,,,,,,,,,,,,,,,,,,,,,2019.65605,-87.43905075188012,,,2024.762207,-96.57146775340392,,,,,,,,,,,,,,,,
,,,,,,,,,,,,,,,,,,,,,,,,,,,,,,,,,,,,,,,,,,,,,,,,,,2019.67532,-88.01623762995835,,,2024.800423,-96.79799548915885,,,,,,,,,,,,,,,,
,,,,,,,,,,,,,,,,,,,,,,,,,,,,,,,,,,,,,,,,,,,,,,,,,,2019.69442,-88.59622245417903,,,2024.81936,-96.76188644230085,,,,,,,,,,,,,,,,
,,,,,,,,,,,,,,,,,,,,,,,,,,,,,,,,,,,,,,,,,,,,,,,,,,2019.71366,-89.18349533385695,,,2024.837213,-96.68964774684196,,,,,,,,,,,,,,,,
,,,,,,,,,,,,,,,,,,,,,,,,,,,,,,,,,,,,,,,,,,,,,,,,,,2019.73279,-89.76035607100624,,,2024.856492,-96.59953722141032,,,,,,,,,,,,,,,,
,,,,,,,,,,,,,,,,,,,,,,,,,,,,,,,,,,,,,,,,,,,,,,,,,,2019.75457,-90.38057426548559,,,2024.875999,-96.51312316847768,,,,,,,,,,,,,,,,
,,,,,,,,,,,,,,,,,,,,,,,,,,,,,,,,,,,,,,,,,,,,,,,,,,2019.77703,-90.94140171313214,,,2024.894708,-96.43669376394858,,,,,,,,,,,,,,,,
,,,,,,,,,,,,,,,,,,,,,,,,,,,,,,,,,,,,,,,,,,,,,,,,,,2019.79037,-91.2087769770987,,,,,,,,,,,,,,,,,,,,
,,,,,,,,,,,,,,,,,,,,,,,,,,,,,,,,,,,,,,,,,,,,,,,,,,2019.80971,-91.51971107266719,,,,,,,,,,,,,,,,,,,,
,,,,,,,,,,,,,,,,,,,,,,,,,,,,,,,,,,,,,,,,,,,,,,,,,,2019.82894,-91.71324302302816,,,,,,,,,,,,,,,,,,,,
,,,,,,,,,,,,,,,,,,,,,,,,,,,,,,,,,,,,,,,,,,,,,,,,,,2019.8481,-91.78785122522675,,,,,,,,,,,,,,,,,,,,
,,,,,,,,,,,,,,,,,,,,,,,,,,,,,,,,,,,,,,,,,,,,,,,,,,2019.86726,-91.75141021510662,,,,,,,,,,,,,,,,,,,,
,,,,,,,,,,,,,,,,,,,,,,,,,,,,,,,,,,,,,,,,,,,,,,,,,,2019.88651,-91.62047934853703,,,,,,,,,,,,,,,,,,,,
,,,,,,,,,,,,,,,,,,,,,,,,,,,,,,,,,,,,,,,,,,,,,,,,,,2019.90579,-91.41923798772409,,,,,,,,,,,,,,,,,,,,
,,,,,,,,,,,,,,,,,,,,,,,,,,,,,,,,,,,,,,,,,,,,,,,,,,2019.92525,-91.19028966637455,,,,,,,,,,,,,,,,,,,,
,,,,,,,,,,,,,,,,,,,,,,,,,,,,,,,,,,,,,,,,,,,,,,,,,,2019.94451,-90.97126049293146,,,,,,,,,,,,,,,,,,,,
,,,,,,,,,,,,,,,,,,,,,,,,,,,,,,,,,,,,,,,,,,,,,,,,,,2019.96278,-90.7913032477869,,,,,,,,,,,,,,,,,,,,
,,,,,,,,,,,,,,,,,,,,,,,,,,,,,,,,,,,,,,,,,,,,,,,,,,2019.99779,-90.55154122837153,,,,,,,,,,,,,,,,,,,,
,,,,,,,,,,,,,,,,,,,,,,,,,,,,,,,,,,,,,,,,,,,,,,,,,,2020.01146,-90.50184361439169,,,,,,,,,,,,,,,,,,,,
,,,,,,,,,,,,,,,,,,,,,,,,,,,,,,,,,,,,,,,,,,,,,,,,,,2020.03058,-90.45235626330538,,,,,,,,,,,,,,,,,,,,
,,,,,,,,,,,,,,,,,,,,,,,,,,,,,,,,,,,,,,,,,,,,,,,,,,2020.04971,-90.41278632242599,,,,,,,,,,,,,,,,,,,,
,,,,,,,,,,,,,,,,,,,,,,,,,,,,,,,,,,,,,,,,,,,,,,,,,,2020.06884,-90.36525280757581,,,,,,,,,,,,,,,,,,,,
,,,,,,,,,,,,,,,,,,,,,,,,,,,,,,,,,,,,,,,,,,,,,,,,,,2020.09069,-90.28068132768614,,,,,,,,,,,,,,,,,,,,
,,,,,,,,,,,,,,,,,,,,,,,,,,,,,,,,,,,,,,,,,,,,,,,,,,2020.10709,-90.19149045214866,,,,,,,,,,,,,,,,,,,,
,,,,,,,,,,,,,,,,,,,,,,,,,,,,,,,,,,,,,,,,,,,,,,,,,,2020.14261,-89.90516764412364,,,,,,,,,,,,,,,,,,,,
,,,,,,,,,,,,,,,,,,,,,,,,,,,,,,,,,,,,,,,,,,,,,,,,,,2020.16446,-89.6941791457527,,,,,,,,,,,,,,,,,,,,
,,,,,,,,,,,,,,,,,,,,,,,,,,,,,,,,,,,,,,,,,,,,,,,,,,2020.18359,-89.50368319703998,,,,,,,,,,,,,,,,,,,,
,,,,,,,,,,,,,,,,,,,,,,,,,,,,,,,,,,,,,,,,,,,,,,,,,,2020.20271,-89.31691733180895,,,,,,,,,,,,,,,,,,,,
,,,,,,,,,,,,,,,,,,,,,,,,,,,,,,,,,,,,,,,,,,,,,,,,,,2020.22184,-89.13589030502115,,,,,,,,,,,,,,,,,,,,
,,,,,,,,,,,,,,,,,,,,,,,,,,,,,,,,,,,,,,,,,,,,,,,,,,2020.24085,-88.95770427896052,,,,,,,,,,,,,,,,,,,,
,,,,,,,,,,,,,,,,,,,,,,,,,,,,,,,,,,,,,,,,,,,,,,,,,,2020.25998,-88.76986687146078,,,,,,,,,,,,,,,,,,,,
,,,,,,,,,,,,,,,,,,,,,,,,,,,,,,,,,,,,,,,,,,,,,,,,,,2020.2791,-88.55543569621557,,,,,,,,,,,,,,,,,,,,
,,,,,,,,,,,,,,,,,,,,,,,,,,,,,,,,,,,,,,,,,,,,,,,,,,2020.29823,-88.29254473178169,,,,,,,,,,,,,,,,,,,,
,,,,,,,,,,,,,,,,,,,,,,,,,,,,,,,,,,,,,,,,,,,,,,,,,,2020.31736,-87.97422370306695,,,,,,,,,,,,,,,,,,,,
,,,,,,,,,,,,,,,,,,,,,,,,,,,,,,,,,,,,,,,,,,,,,,,,,,2020.33648,-87.60002571759242,,,,,,,,,,,,,,,,,,,,
,,,,,,,,,,,,,,,,,,,,,,,,,,,,,,,,,,,,,,,,,,,,,,,,,,2020.35561,-87.17907755488471,,,,,,,,,,,,,,,,,,,,
,,,,,,,,,,,,,,,,,,,,,,,,,,,,,,,,,,,,,,,,,,,,,,,,,,2020.39386,-86.2840479997233,,,,,,,,,,,,,,,,,,,,
,,,,,,,,,,,,,,,,,,,,,,,,,,,,,,,,,,,,,,,,,,,,,,,,,,2020.43211,-85.53949990873072,,,,,,,,,,,,,,,,,,,,
,,,,,,,,,,,,,,,,,,,,,,,,,,,,,,,,,,,,,,,,,,,,,,,,,,2020.47036,-85.23822283326852,,,,,,,,,,,,,,,,,,,,
,,,,,,,,,,,,,,,,,,,,,,,,,,,,,,,,,,,,,,,,,,,,,,,,,,2020.50861,-85.45623423290213,,,,,,,,,,,,,,,,,,,,
,,,,,,,,,,,,,,,,,,,,,,,,,,,,,,,,,,,,,,,,,,,,,,,,,,2020.54686,-86.10409195367991,,,,,,,,,,,,,,,,,,,,
,,,,,,,,,,,,,,,,,,,,,,,,,,,,,,,,,,,,,,,,,,,,,,,,,,2020.58511,-86.99162757174882,,,,,,,,,,,,,,,,,,,,
,,,,,,,,,,,,,,,,,,,,,,,,,,,,,,,,,,,,,,,,,,,,,,,,,,2020.62337,-87.93820289257788,,,,,,,,,,,,,,,,,,,,
,,,,,,,,,,,,,,,,,,,,,,,,,,,,,,,,,,,,,,,,,,,,,,,,,,2020.69987,-89.88818667906824,,,,,,,,,,,,,,,,,,,,
,,,,,,,,,,,,,,,,,,,,,,,,,,,,,,,,,,,,,,,,,,,,,,,,,,2020.73812,-90.91494042462061,,,,,,,,,,,,,,,,,,,,
,,,,,,,,,,,,,,,,,,,,,,,,,,,,,,,,,,,,,,,,,,,,,,,,,,2020.77637,-91.83261020906062,,,,,,,,,,,,,,,,,,,,
,,,,,,,,,,,,,,,,,,,,,,,,,,,,,,,,,,,,,,,,,,,,,,,,,,2020.81474,-92.43284564933431,,,,,,,,,,,,,,,,,,,,
,,,,,,,,,,,,,,,,,,,,,,,,,,,,,,,,,,,,,,,,,,,,,,,,,,2020.85299,-92.55882620796527,,,,,,,,,,,,,,,,,,,,
,,,,,,,,,,,,,,,,,,,,,,,,,,,,,,,,,,,,,,,,,,,,,,,,,,2020.89397,-92.16986434289738,,,,,,,,,,,,,,,,,,,,
,,,,,,,,,,,,,,,,,,,,,,,,,,,,,,,,,,,,,,,,,,,,,,,,,,2020.92949,-91.59418704916457,,,,,,,,,,,,,,,,,,,,
,,,,,,,,,,,,,,,,,,,,,,,,,,,,,,,,,,,,,,,,,,,,,,,,,,2020.96774,-91.02797286341861,,,,,,,,,,,,,,,,,,,,
,,,,,,,,,,,,,,,,,,,,,,,,,,,,,,,,,,,,,,,,,,,,,,,,,,2021.00601,-90.70308367476161,,,,,,,,,,,,,,,,,,,,
,,,,,,,,,,,,,,,,,,,,,,,,,,,,,,,,,,,,,,,,,,,,,,,,,,2021.04711,-90.69077524270456,,,,,,,,,,,,,,,,,,,,
,,,,,,,,,,,,,,,,,,,,,,,,,,,,,,,,,,,,,,,,,,,,,,,,,,2021.08272,-90.88633285838857,,,,,,,,,,,,,,,,,,,,
,,,,,,,,,,,,,,,,,,,,,,,,,,,,,,,,,,,,,,,,,,,,,,,,,,2021.12108,-91.18799749569996,,,,,,,,,,,,,,,,,,,,
,,,,,,,,,,,,,,,,,,,,,,,,,,,,,,,,,,,,,,,,,,,,,,,,,,2021.15943,-91.52820261602595,,,,,,,,,,,,,,,,,,,,
,,,,,,,,,,,,,,,,,,,,,,,,,,,,,,,,,,,,,,,,,,,,,,,,,,2021.19779,-91.86335585590365,,,,,,,,,,,,,,,,,,,,
,,,,,,,,,,,,,,,,,,,,,,,,,,,,,,,,,,,,,,,,,,,,,,,,,,2021.23603,-92.0894742686371,,,,,,,,,,,,,,,,,,,,
,,,,,,,,,,,,,,,,,,,,,,,,,,,,,,,,,,,,,,,,,,,,,,,,,,2021.27439,-92.03849973138225,,,,,,,,,,,,,,,,,,,,
,,,,,,,,,,,,,,,,,,,,,,,,,,,,,,,,,,,,,,,,,,,,,,,,,,2021.31275,-91.54398056617978,,,,,,,,,,,,,,,,,,,,
,,,,,,,,,,,,,,,,,,,,,,,,,,,,,,,,,,,,,,,,,,,,,,,,,,2021.3511,-90.54903058848653,,,,,,,,,,,,,,,,,,,,
,,,,,,,,,,,,,,,,,,,,,,,,,,,,,,,,,,,,,,,,,,,,,,,,,,2021.38946,-89.29930844687131,,,,,,,,,,,,,,,,,,,,
,,,,,,,,,,,,,,,,,,,,,,,,,,,,,,,,,,,,,,,,,,,,,,,,,,2021.43329,-88.11325971822585,,,,,,,,,,,,,,,,,,,,
,,,,,,,,,,,,,,,,,,,,,,,,,,,,,,,,,,,,,,,,,,,,,,,,,,2021.44699,-87.8888506344354,,,,,,,,,,,,,,,,,,,,
,,,,,,,,,,,,,,,,,,,,,,,,,,,,,,,,,,,,,,,,,,,,,,,,,,2021.48535,-87.80950094559064,,,,,,,,,,,,,,,,,,,,
,,,,,,,,,,,,,,,,,,,,,,,,,,,,,,,,,,,,,,,,,,,,,,,,,,2021.5237,-88.62314777415216,,,,,,,,,,,,,,,,,,,,
,,,,,,,,,,,,,,,,,,,,,,,,,,,,,,,,,,,,,,,,,,,,,,,,,,2021.56206,-90.037155789017,,,,,,,,,,,,,,,,,,,,
,,,,,,,,,,,,,,,,,,,,,,,,,,,,,,,,,,,,,,,,,,,,,,,,,,2021.60042,-91.70331598654141,,,,,,,,,,,,,,,,,,,,
,,,,,,,,,,,,,,,,,,,,,,,,,,,,,,,,,,,,,,,,,,,,,,,,,,2021.63877,-93.30268909750309,,,,,,,,,,,,,,,,,,,,
,,,,,,,,,,,,,,,,,,,,,,,,,,,,,,,,,,,,,,,,,,,,,,,,,,2021.67713,-94.61667047946285,,,,,,,,,,,,,,,,,,,,
,,,,,,,,,,,,,,,,,,,,,,,,,,,,,,,,,,,,,,,,,,,,,,,,,,2021.71548,-95.59818235976735,,,,,,,,,,,,,,,,,,,,
,,,,,,,,,,,,,,,,,,,,,,,,,,,,,,,,,,,,,,,,,,,,,,,,,,2021.75384,-96.21857026697413,,,,,,,,,,,,,,,,,,,,
,,,,,,,,,,,,,,,,,,,,,,,,,,,,,,,,,,,,,,,,,,,,,,,,,,2021.7922,-96.43465446063607,,,,,,,,,,,,,,,,,,,,
,,,,,,,,,,,,,,,,,,,,,,,,,,,,,,,,,,,,,,,,,,,,,,,,,,2021.83067,-96.19669500114946,,,,,,,,,,,,,,,,,,,,
,,,,,,,,,,,,,,,,,,,,,,,,,,,,,,,,,,,,,,,,,,,,,,,,,,2021.87176,-95.58413104646773,,,,,,,,,,,,,,,,,,,,
,,,,,,,,,,,,,,,,,,,,,,,,,,,,,,,,,,,,,,,,,,,,,,,,,,2021.90738,-94.9451227983864,,,,,,,,,,,,,,,,,,,,
,,,,,,,,,,,,,,,,,,,,,,,,,,,,,,,,,,,,,,,,,,,,,,,,,,2021.94574,-94.37497779109113,,,,,,,,,,,,,,,,,,,,
,,,,,,,,,,,,,,,,,,,,,,,,,,,,,,,,,,,,,,,,,,,,,,,,,,2021.96491,-94.20189255673158,,,,,,,,,,,,,,,,,,,,
,,,,,,,,,,,,,,,,,,,,,,,,,,,,,,,,,,,,,,,,,,,,,,,,,,2021.98409,-94.10037349569758,,,,,,,,,,,,,,,,,,,,
,,,,,,,,,,,,,,,,,,,,,,,,,,,,,,,,,,,,,,,,,,,,,,,,,,2022.00327,-94.05616408684719,,,,,,,,,,,,,,,,,,,,
,,,,,,,,,,,,,,,,,,,,,,,,,,,,,,,,,,,,,,,,,,,,,,,,,,2022.02245,-94.0467574915688,,,,,,,,,,,,,,,,,,,,
,,,,,,,,,,,,,,,,,,,,,,,,,,,,,,,,,,,,,,,,,,,,,,,,,,2022.04163,-94.04532680685111,,,,,,,,,,,,,,,,,,,,
,,,,,,,,,,,,,,,,,,,,,,,,,,,,,,,,,,,,,,,,,,,,,,,,,,2022.04437,-94.04419122432644,,,,,,,,,,,,,,,,,,,,
,,,,,,,,,,,,,,,,,,,,,,,,,,,,,,,,,,,,,,,,,,,,,,,,,,2022.0608,-94.02489573207257,,,,,,,,,,,,,,,,,,,,
,,,,,,,,,,,,,,,,,,,,,,,,,,,,,,,,,,,,,,,,,,,,,,,,,,2022.07998,-93.96236732192104,,,,,,,,,,,,,,,,,,,,
,,,,,,,,,,,,,,,,,,,,,,,,,,,,,,,,,,,,,,,,,,,,,,,,,,2022.09916,-93.84132358020094,,,,,,,,,,,,,,,,,,,,
,,,,,,,,,,,,,,,,,,,,,,,,,,,,,,,,,,,,,,,,,,,,,,,,,,2022.11834,-93.65065350453287,,,,,,,,,,,,,,,,,,,,
,,,,,,,,,,,,,,,,,,,,,,,,,,,,,,,,,,,,,,,,,,,,,,,,,,2022.13752,-93.41138263967855,,,,,,,,,,,,,,,,,,,,
,,,,,,,,,,,,,,,,,,,,,,,,,,,,,,,,,,,,,,,,,,,,,,,,,,2022.15669,-93.14223627280111,,,,,,,,,,,,,,,,,,,,
,,,,,,,,,,,,,,,,,,,,,,,,,,,,,,,,,,,,,,,,,,,,,,,,,,2022.17587,-92.86364255636086,,,,,,,,,,,,,,,,,,,,
,,,,,,,,,,,,,,,,,,,,,,,,,,,,,,,,,,,,,,,,,,,,,,,,,,2022.19505,-92.59462352582253,,,,,,,,,,,,,,,,,,,,
,,,,,,,,,,,,,,,,,,,,,,,,,,,,,,,,,,,,,,,,,,,,,,,,,,2022.21697,-92.31730338782117,,,,,,,,,,,,,,,,,,,,
,,,,,,,,,,,,,,,,,,,,,,,,,,,,,,,,,,,,,,,,,,,,,,,,,,2022.23329,-92.13322802076549,,,,,,,,,,,,,,,,,,,,
,,,,,,,,,,,,,,,,,,,,,,,,,,,,,,,,,,,,,,,,,,,,,,,,,,2022.25247,-91.9421201424315,,,,,,,,,,,,,,,,,,,,
,,,,,,,,,,,,,,,,,,,,,,,,,,,,,,,,,,,,,,,,,,,,,,,,,,2022.27165,-91.76094125505418,,,,,,,,,,,,,,,,,,,,
,,,,,,,,,,,,,,,,,,,,,,,,,,,,,,,,,,,,,,,,,,,,,,,,,,2022.29083,-91.56554764454161,,,,,,,,,,,,,,,,,,,,
,,,,,,,,,,,,,,,,,,,,,,,,,,,,,,,,,,,,,,,,,,,,,,,,,,2022.31275,-91.3026373488192,,,,,,,,,,,,,,,,,,,,
,,,,,,,,,,,,,,,,,,,,,,,,,,,,,,,,,,,,,,,,,,,,,,,,,,2022.32918,-91.06270904318016,,,,,,,,,,,,,,,,,,,,
,,,,,,,,,,,,,,,,,,,,,,,,,,,,,,,,,,,,,,,,,,,,,,,,,,2022.34836,-90.7370562624503,,,,,,,,,,,,,,,,,,,,
,,,,,,,,,,,,,,,,,,,,,,,,,,,,,,,,,,,,,,,,,,,,,,,,,,2022.36754,-90.36534221525402,,,,,,,,,,,,,,,,,,,,
,,,,,,,,,,,,,,,,,,,,,,,,,,,,,,,,,,,,,,,,,,,,,,,,,,2022.38672,-89.96266092354561,,,,,,,,,,,,,,,,,,,,
,,,,,,,,,,,,,,,,,,,,,,,,,,,,,,,,,,,,,,,,,,,,,,,,,,2022.4059,-89.55355123132237,,,,,,,,,,,,,,,,,,,,
,,,,,,,,,,,,,,,,,,,,,,,,,,,,,,,,,,,,,,,,,,,,,,,,,,2022.44425,-88.86477128966372,,,,,,,,,,,,,,,,,,,,
,,,,,,,,,,,,,,,,,,,,,,,,,,,,,,,,,,,,,,,,,,,,,,,,,,2022.46343,-88.63474359603941,,,,,,,,,,,,,,,,,,,,
,,,,,,,,,,,,,,,,,,,,,,,,,,,,,,,,,,,,,,,,,,,,,,,,,,2022.48261,-88.49928124830404,,,,,,,,,,,,,,,,,,,,
,,,,,,,,,,,,,,,,,,,,,,,,,,,,,,,,,,,,,,,,,,,,,,,,,,2022.50179,-88.45940173293775,,,,,,,,,,,,,,,,,,,,
,,,,,,,,,,,,,,,,,,,,,,,,,,,,,,,,,,,,,,,,,,,,,,,,,,2022.52096,-88.50637403055514,,,,,,,,,,,,,,,,,,,,
,,,,,,,,,,,,,,,,,,,,,,,,,,,,,,,,,,,,,,,,,,,,,,,,,,2022.55932,-88.79052758872842,,,,,,,,,,,,,,,,,,,,
,,,,,,,,,,,,,,,,,,,,,,,,,,,,,,,,,,,,,,,,,,,,,,,,,,2022.5785,-88.98309294041016,,,,,,,,,,,,,,,,,,,,
,,,,,,,,,,,,,,,,,,,,,,,,,,,,,,,,,,,,,,,,,,,,,,,,,,2022.59768,-89.17919533971404,,,,,,,,,,,,,,,,,,,,
,,,,,,,,,,,,,,,,,,,,,,,,,,,,,,,,,,,,,,,,,,,,,,,,,,2022.63603,-89.55651284741327,,,,,,,,,,,,,,,,,,,,
,,,,,,,,,,,,,,,,,,,,,,,,,,,,,,,,,,,,,,,,,,,,,,,,,,2022.67439,-89.9292110853121,,,,,,,,,,,,,,,,,,,,
,,,,,,,,,,,,,,,,,,,,,,,,,,,,,,,,,,,,,,,,,,,,,,,,,,2022.69357,-90.12952200955684,,,,,,,,,,,,,,,,,,,,
,,,,,,,,,,,,,,,,,,,,,,,,,,,,,,,,,,,,,,,,,,,,,,,,,,2022.73192,-90.5732068139812,,,,,,,,,,,,,,,,,,,,
,,,,,,,,,,,,,,,,,,,,,,,,,,,,,,,,,,,,,,,,,,,,,,,,,,2022.77028,-91.00021380254603,,,,,,,,,,,,,,,,,,,,
,,,,,,,,,,,,,,,,,,,,,,,,,,,,,,,,,,,,,,,,,,,,,,,,,,2022.81138,-91.27090272337426,,,,,,,,,,,,,,,,,,,,
,,,,,,,,,,,,,,,,,,,,,,,,,,,,,,,,,,,,,,,,,,,,,,,,,,2022.82793,-91.29254364525028,,,,,,,,,,,,,,,,,,,,
,,,,,,,,,,,,,,,,,,,,,,,,,,,,,,,,,,,,,,,,,,,,,,,,,,2022.84711,-91.2440820527076,,,,,,,,,,,,,,,,,,,,
,,,,,,,,,,,,,,,,,,,,,,,,,,,,,,,,,,,,,,,,,,,,,,,,,,2022.86628,-91.12166400223936,,,,,,,,,,,,,,,,,,,,
,,,,,,,,,,,,,,,,,,,,,,,,,,,,,,,,,,,,,,,,,,,,,,,,,,2022.8882,-90.91113111360892,,,,,,,,,,,,,,,,,,,,
,,,,,,,,,,,,,,,,,,,,,,,,,,,,,,,,,,,,,,,,,,,,,,,,,,2022.90464,-90.72874649549873,,,,,,,,,,,,,,,,,,,,
,,,,,,,,,,,,,,,,,,,,,,,,,,,,,,,,,,,,,,,,,,,,,,,,,,2022.92382,-90.52232870987278,,,,,,,,,,,,,,,,,,,,
,,,,,,,,,,,,,,,,,,,,,,,,,,,,,,,,,,,,,,,,,,,,,,,,,,2022.943,-90.34259281483743,,,,,,,,,,,,,,,,,,,,
,,,,,,,,,,,,,,,,,,,,,,,,,,,,,,,,,,,,,,,,,,,,,,,,,,2022.96491,-90.1939260099506,,,,,,,,,,,,,,,,,,,,
,,,,,,,,,,,,,,,,,,,,,,,,,,,,,,,,,,,,,,,,,,,,,,,,,,2022.98135,-90.12830356999262,,,,,,,,,,,,,,,,,,,,
,,,,,,,,,,,,,,,,,,,,,,,,,,,,,,,,,,,,,,,,,,,,,,,,,,2023.00053,-90.10481405319612,,,,,,,,,,,,,,,,,,,,
,,,,,,,,,,,,,,,,,,,,,,,,,,,,,,,,,,,,,,,,,,,,,,,,,,2023.01971,-90.12992327776621,,,,,,,,,,,,,,,,,,,,
,,,,,,,,,,,,,,,,,,,,,,,,,,,,,,,,,,,,,,,,,,,,,,,,,,2023.03889,-90.1885804757418,,,,,,,,,,,,,,,,,,,,
,,,,,,,,,,,,,,,,,,,,,,,,,,,,,,,,,,,,,,,,,,,,,,,,,,2023.05806,-90.25557506346932,,,,,,,,,,,,,,,,,,,,
,,,,,,,,,,,,,,,,,,,,,,,,,,,,,,,,,,,,,,,,,,,,,,,,,,2023.0745,-90.30870536308399,,,,,,,,,,,,,,,,,,,,
,,,,,,,,,,,,,,,,,,,,,,,,,,,,,,,,,,,,,,,,,,,,,,,,,,2023.09916,-90.37108756579642,,,,,,,,,,,,,,,,,,,,
,,,,,,,,,,,,,,,,,,,,,,,,,,,,,,,,,,,,,,,,,,,,,,,,,,2023.1156,-90.399885321906,,,,,,,,,,,,,,,,,,,,
,,,,,,,,,,,,,,,,,,,,,,,,,,,,,,,,,,,,,,,,,,,,,,,,,,2023.13478,-90.42683774776579,,,,,,,,,,,,,,,,,,,,
,,,,,,,,,,,,,,,,,,,,,,,,,,,,,,,,,,,,,,,,,,,,,,,,,,2023.15396,-90.45743012675054,,,,,,,,,,,,,,,,,,,,
,,,,,,,,,,,,,,,,,,,,,,,,,,,,,,,,,,,,,,,,,,,,,,,,,,2023.17313,-90.50565909746847,,,,,,,,,,,,,,,,,,,,
,,,,,,,,,,,,,,,,,,,,,,,,,,,,,,,,,,,,,,,,,,,,,,,,,,2023.19231,-90.58836006583606,,,,,,,,,,,,,,,,,,,,
,,,,,,,,,,,,,,,,,,,,,,,,,,,,,,,,,,,,,,,,,,,,,,,,,,2023.21149,-90.70345059273656,,,,,,,,,,,,,,,,,,,,
,,,,,,,,,,,,,,,,,,,,,,,,,,,,,,,,,,,,,,,,,,,,,,,,,,2023.23055,-90.84093167758743,,,,,,,,,,,,,,,,,,,,
,,,,,,,,,,,,,,,,,,,,,,,,,,,,,,,,,,,,,,,,,,,,,,,,,,2023.24973,-90.9847531810173,,,,,,,,,,,,,,,,,,,,
,,,,,,,,,,,,,,,,,,,,,,,,,,,,,,,,,,,,,,,,,,,,,,,,,,2023.26891,-91.10976752769066,,,,,,,,,,,,,,,,,,,,
,,,,,,,,,,,,,,,,,,,,,,,,,,,,,,,,,,,,,,,,,,,,,,,,,,2023.28809,-91.18829309073881,,,,,,,,,,,,,,,,,,,,
,,,,,,,,,,,,,,,,,,,,,,,,,,,,,,,,,,,,,,,,,,,,,,,,,,2023.30727,-91.19340667769555,,,,,,,,,,,,,,,,,,,,
,,,,,,,,,,,,,,,,,,,,,,,,,,,,,,,,,,,,,,,,,,,,,,,,,,2023.32644,-91.10112319228377,,,,,,,,,,,,,,,,,,,,
,,,,,,,,,,,,,,,,,,,,,,,,,,,,,,,,,,,,,,,,,,,,,,,,,,2023.34836,-90.85755959212776,,,,,,,,,,,,,,,,,,,,
,,,,,,,,,,,,,,,,,,,,,,,,,,,,,,,,,,,,,,,,,,,,,,,,,,2023.3648,-90.57963203332108,,,,,,,,,,,,,,,,,,,,
,,,,,,,,,,,,,,,,,,,,,,,,,,,,,,,,,,,,,,,,,,,,,,,,,,2023.38672,-90.14096480720056,,,,,,,,,,,,,,,,,,,,
,,,,,,,,,,,,,,,,,,,,,,,,,,,,,,,,,,,,,,,,,,,,,,,,,,2023.40316,-89.77885819303971,,,,,,,,,,,,,,,,,,,,
,,,,,,,,,,,,,,,,,,,,,,,,,,,,,,,,,,,,,,,,,,,,,,,,,,2023.42233,-89.3586269767728,,,,,,,,,,,,,,,,,,,,
,,,,,,,,,,,,,,,,,,,,,,,,,,,,,,,,,,,,,,,,,,,,,,,,,,2023.44151,-88.97689261308892,,,,,,,,,,,,,,,,,,,,
,,,,,,,,,,,,,,,,,,,,,,,,,,,,,,,,,,,,,,,,,,,,,,,,,,2023.46069,-88.66934286954094,,,,,,,,,,,,,,,,,,,,
,,,,,,,,,,,,,,,,,,,,,,,,,,,,,,,,,,,,,,,,,,,,,,,,,,2023.47987,-88.46600134485873,,,,,,,,,,,,,,,,,,,,
,,,,,,,,,,,,,,,,,,,,,,,,,,,,,,,,,,,,,,,,,,,,,,,,,,2023.48809,-88.43477520984389,,,,,,,,,,,,,,,,,,,,
,,,,,,,,,,,,,,,,,,,,,,,,,,,,,,,,,,,,,,,,,,,,,,,,,,2023.51822,-88.44168432288808,,,,,,,,,,,,,,,,,,,,
,,,,,,,,,,,,,,,,,,,,,,,,,,,,,,,,,,,,,,,,,,,,,,,,,,2023.5374,-88.58728479471175,,,,,,,,,,,,,,,,,,,,
,,,,,,,,,,,,,,,,,,,,,,,,,,,,,,,,,,,,,,,,,,,,,,,,,,2023.55658,-88.8142093424799,,,,,,,,,,,,,,,,,,,,
,,,,,,,,,,,,,,,,,,,,,,,,,,,,,,,,,,,,,,,,,,,,,,,,,,2023.57576,-89.10142280456557,,,,,,,,,,,,,,,,,,,,
,,,,,,,,,,,,,,,,,,,,,,,,,,,,,,,,,,,,,,,,,,,,,,,,,,2023.59494,-89.42936189626518,,,,,,,,,,,,,,,,,,,,
,,,,,,,,,,,,,,,,,,,,,,,,,,,,,,,,,,,,,,,,,,,,,,,,,,2023.61412,-89.78251488398526,,,,,,,,,,,,,,,,,,,,
,,,,,,,,,,,,,,,,,,,,,,,,,,,,,,,,,,,,,,,,,,,,,,,,,,2023.63329,-90.15110807847543,,,,,,,,,,,,,,,,,,,,
,,,,,,,,,,,,,,,,,,,,,,,,,,,,,,,,,,,,,,,,,,,,,,,,,,2023.65247,-90.5332554360084,,,,,,,,,,,,,,,,,,,,
,,,,,,,,,,,,,,,,,,,,,,,,,,,,,,,,,,,,,,,,,,,,,,,,,,2023.67165,-90.93274363563714,,,,,,,,,,,,,,,,,,,,
