site,latitude,x_interp,smoothed_curve,trend,combined_smoothed,combined_trend,smoothed_semhem_diff,trend_semhem_diff
alt,82.45,"[2005.30046233 2005.31964041 2005.33881849 2005.35799658 2005.37717466
 2005.39635274 2005.41553082 2005.4347089  2005.45388699 2005.47306507
 2005.49224315 2005.51142123 2005.53059932 2005.5497774  2005.56895548
 2005.58813356 2005.60731164 2005.62648973 2005.64566781 2005.66484589
 2005.68402397 2005.70320206 2005.72238014 2005.74155822 2005.7607363
 2005.77991438 2005.79909247 2005.81827055 2005.83744863 2005.85662671
 2005.87580479 2005.89498288 2005.91416096 2005.93333904 2005.95251712
 2005.97169521 2005.99087329 2006.01005137 2006.02922945 2006.04840753
 2006.06758562 2006.0867637  2006.10594178 2006.12511986 2006.14429795
 2006.16347603 2006.18265411 2006.20183219 2006.22101027 2006.24018836
 2006.25936644 2006.27854452 2006.2977226  2006.31690069 2006.33607877
 2006.35525685 2006.37443493 2006.39361301 2006.4127911  2006.43196918
 2006.45114726 2006.47032534 2006.48950342 2006.50868151 2006.52785959
 2006.54703767 2006.56621575 2006.58539384 2006.60457192 2006.62375
 2006.64292808 2006.66210616 2006.68128425 2006.70046233 2006.71964041
 2006.73881849 2006.75799658 2006.77717466 2006.79635274 2006.81553082
 2006.8347089  2006.85388699 2006.87306507 2006.89224315 2006.91142123
 2006.93059932 2006.9497774  2006.96895548 2006.98813356 2007.00731164
 2007.02648973 2007.04566781 2007.06484589 2007.08402397 2007.10320206
 2007.12238014 2007.14155822 2007.1607363  2007.17991438 2007.19909247
 2007.21827055 2007.23744863 2007.25662671 2007.27580479 2007.29498288
 2007.31416096 2007.33333904 2007.35251712 2007.37169521 2007.39087329
 2007.41005137 2007.42922945 2007.44840753 2007.46758562 2007.4867637
 2007.50594178 2007.52511986 2007.54429795 2007.56347603 2007.58265411
 2007.60183219 2007.62101027 2007.64018836 2007.65936644 2007.67854452
 2007.6977226  2007.71690069 2007.73607877 2007.75525685 2007.77443493
 2007.79361301 2007.8127911  2007.83196918 2007.85114726 2007.87032534
 2007.88950342 2007.90868151 2007.92785959 2007.94703767 2007.96621575
 2007.98539384 2008.00457192 2008.02375    2008.04292808 2008.06210616
 2008.08128425 2008.10046233 2008.11964041 2008.13881849 2008.15799658
 2008.17717466 2008.19635274 2008.21553082 2008.2347089  2008.25388699
 2008.27306507 2008.29224315 2008.31142123 2008.33059932 2008.3497774
 2008.36895548 2008.38813356 2008.40731164 2008.42648973 2008.44566781
 2008.46484589 2008.48402397 2008.50320206 2008.52238014 2008.54155822
 2008.5607363  2008.57991438 2008.59909247 2008.61827055 2008.63744863
 2008.65662671 2008.67580479 2008.69498288 2008.71416096 2008.73333904
 2008.75251712 2008.77169521 2008.79087329 2008.81005137 2008.82922945
 2008.84840753 2008.86758562 2008.8867637  2008.90594178 2008.92511986
 2008.94429795 2008.96347603 2008.98265411 2009.00183219 2009.02101027
 2009.04018836 2009.05936644 2009.07854452 2009.0977226  2009.11690069
 2009.13607877 2009.15525685 2009.17443493 2009.19361301 2009.2127911
 2009.23196918 2009.25114726 2009.27032534 2009.28950342 2009.30868151
 2009.32785959 2009.34703767 2009.36621575 2009.38539384 2009.40457192
 2009.42375    2009.44292808 2009.46210616 2009.48128425 2009.50046233
 2009.51964041 2009.53881849 2009.55799658 2009.57717466 2009.59635274
 2009.61553082 2009.6347089  2009.65388699 2009.67306507 2009.69224315
 2009.71142123 2009.73059932 2009.7497774  2009.76895548 2009.78813356
 2009.80731164 2009.82648973 2009.84566781 2009.86484589 2009.88402397
 2009.90320206 2009.92238014 2009.93909817]","[-82.316592   -81.9056113  -81.55723149 -81.26919594 -81.01932094
 -80.7721869  -80.48977611 -80.14361072 -79.72544034 -79.25382019
 -78.7746798  -78.35536333 -78.07308573 -78.0000175  -78.18810172
 -78.656865   -79.38695153 -80.3209624  -81.37166372 -82.43605172
 -83.41259648 -84.21813513 -84.80115763 -85.1488291  -85.28642843
 -85.26959482 -85.17107888 -85.06493311 -85.01150939 -85.04623751
 -85.17449271 -85.37316771 -85.59833024 -85.7969498  -85.91984091
 -85.93286778 -85.8239767  -85.60457732 -85.3053405  -84.9675898
 -84.63254665 -84.33116328 -84.07696341 -83.8636483  -83.6679013
 -83.45665393 -83.19695674 -82.86592809 -82.45826498 -81.98943661
 -81.49359707 -81.01667773 -80.60623247 -80.3004916  -80.11919441
 -80.0586149  -80.09209423 -80.17607481 -80.26048516 -80.30107099
 -80.27081411 -80.16768292 -80.01676437 -79.86584209 -79.7754129
 -79.80487175 -79.99805374 -80.37122231 -80.90635035 -81.55138506
 -82.22772158 -82.84359296 -83.31073642 -83.56096197 -83.55925984
 -83.3106957  -82.85970511 -82.28193054 -81.67026654 -81.11800807
 -80.7025157  -80.47257062 -80.44189753 -80.58975362 -80.86817761
 -81.21390269 -81.56231492 -81.86017266 -82.07457386 -82.19642978
 -82.23814204 -82.22643022 -82.19244322 -82.16174155 -82.14669602
 -82.14314438 -82.13203334 -82.08550344 -81.97575499 -81.78433545
 -81.50936557 -81.16872702 -80.79821454 -80.44490526 -80.15720147
 -79.97387626 -79.91478355 -79.97554746 -80.12778328 -80.32495051
 -80.51278797 -80.64204826 -80.6806569  -80.62247299 -80.49040959
 -80.33305274 -80.21519027 -80.20415614 -80.35486658 -80.6968109
 -81.22586983 -81.90296075 -82.65995416 -83.41180686 -84.07249064
 -84.57144841 -84.86716535 -84.95503281 -84.86788138 -84.66909229
 -84.43976992 -84.26270413 -84.20636295 -84.3123105  -84.58840178
 -85.00903462 -85.5220048  -86.06032213 -86.55619774 -86.95412726
 -87.22031283 -87.34660837 -87.34847459 -87.25781483 -87.1127063
 -86.94664232 -86.77994567 -86.61535204 -86.4387095  -86.22442888
 -85.94417033 -85.57647029 -85.11473626 -84.57152486 -83.97788802
 -83.37781015 -82.81901047 -82.34227193 -81.97199316 -81.71029158
 -81.53636807 -81.41145713 -81.28848827 -81.12434348 -80.89189959
 -80.58901264 -80.24209825 -79.90326929 -79.64126879 -79.52791467
 -79.62284698 -79.95986349 -80.53782895 -81.31826959 -82.23041282
 -83.18276083 -84.07899095 -84.83493989 -85.39327253 -85.73279244
 -85.87060702 -85.85676949 -85.76265653 -85.66557083 -85.63289782
 -85.7090351  -85.90773921 -86.21127089 -86.57621341 -86.94435924
 -87.25614779 -87.46347248 -87.53917467 -87.48117231 -87.31058983
 -87.06463435 -86.78608863 -86.51205909 -86.26470747 -86.04608552
 -85.83825029 -85.60847272 -85.3181464  -84.93318909 -84.43327473
 -83.81775221 -83.1066772  -82.33683192 -81.55369931 -80.80141658
 -80.11323994 -79.50496445 -78.97300115 -78.4978049  -78.05180884
 -77.61010461 -77.1611672  -76.71485084 -76.30539841 -75.98825559
 -75.83095757 -75.8995871  -76.24369512 -76.88280948 -77.79766545
 -78.92832993 -80.1800895  -81.43625015 -82.57566135 -83.49167118
 -84.10887363 -84.39443972 -84.3618868  -84.06667784 -83.59465702
 -83.04576387 -82.51632993 -82.08342461 -81.7941757  -81.6618083
 -81.66867891 -81.77507034 -81.89374471]","[-82.91509116 -82.91694817 -82.91959847 -82.92296101 -82.92695103
 -82.93148165 -82.93646003 -82.9417956  -82.94738903 -82.95314699
 -82.95897446 -82.96476916 -82.97043151 -82.97586136 -82.98095888
 -82.98562484 -82.98976022 -82.99326811 -82.99605728 -82.99802654
 -82.99909541 -82.99917135 -82.99816651 -82.99600946 -82.99261666
 -82.98792013 -82.98185479 -82.9743527  -82.9653686  -82.95483697
 -82.94272069 -82.92898541 -82.91359583 -82.89652776 -82.87776277
 -82.85728491 -82.83510161 -82.81120752 -82.78561132 -82.75833721
 -82.7294091  -82.69886376 -82.66673384 -82.6330701  -82.59792916
 -82.56136876 -82.52345942 -82.4842807  -82.44390533 -82.4024261
 -82.35993862 -82.31654123 -82.27233093 -82.22743275 -82.1819582
 -82.13601619 -82.08973824 -82.04324499 -81.99666598 -81.95013715
 -81.90379264 -81.857757   -81.81219006 -81.76720568 -81.72295577
 -81.67957031 -81.63718883 -81.59594612 -81.55597599 -81.51741333
 -81.48038416 -81.44501274 -81.41142375 -81.37973192 -81.35005473
 -81.32250011 -81.29716855 -81.27416177 -81.25357128 -81.23547953
 -81.21997411 -81.20711686 -81.19697807 -81.18961376 -81.18508782
 -81.1834234  -81.18466461 -81.18883832 -81.1959652  -81.20605128
 -81.21910459 -81.23511849 -81.25408005 -81.27596829 -81.30075435
 -81.32840168 -81.35886613 -81.39209617 -81.42803256 -81.46661007
 -81.50775608 -81.55139159 -81.59743138 -81.64578435 -81.69635383
 -81.7490379  -81.80373534 -81.86032363 -81.91869275 -81.97872366
 -82.04029394 -82.10327793 -82.16754294 -82.23296912 -82.2994186
 -82.36675778 -82.43485277 -82.50356708 -82.57276266 -82.6423123
 -82.71207791 -82.78192507 -82.85172218 -82.92133913 -82.99064736
 -83.05952058 -83.12783504 -83.19546982 -83.26230893 -83.32823637
 -83.39313376 -83.45690777 -83.51944845 -83.58065901 -83.64043508
 -83.69869557 -83.75535235 -83.81032332 -83.86353156 -83.91490521
 -83.96437625 -84.01188174 -84.05736347 -84.10076576 -84.14204198
 -84.1811477  -84.21804399 -84.25269434 -84.28506894 -84.31514046
 -84.3428809  -84.36827536 -84.39130949 -84.41197138 -84.43025319
 -84.44614875 -84.45966261 -84.47079001 -84.47954022 -84.48591419
 -84.48992766 -84.49159401 -84.49092667 -84.48794262 -84.48265771
 -84.4751034  -84.46529588 -84.45325516 -84.43901069 -84.42259499
 -84.40403283 -84.38335355 -84.36059134 -84.33577384 -84.30893881
 -84.28011963 -84.24935403 -84.21667152 -84.18211425 -84.14571921
 -84.107526   -84.06757234 -84.02590289 -83.98255223 -83.93756635
 -83.89099171 -83.84286945 -83.79323984 -83.74215558 -83.68965672
 -83.63580152 -83.58063058 -83.52419629 -83.46655413 -83.40775276
 -83.34784616 -83.2868898  -83.22493655 -83.16204946 -83.09828561
 -83.03370398 -82.96836911 -82.90233938 -82.83568707 -82.76846422
 -82.700745   -82.63259639 -82.56408641 -82.49528399 -82.42625912
 -82.35708189 -82.28782903 -82.21856104 -82.1493611  -82.08029995
 -82.01144962 -81.94288357 -81.87467334 -81.80689104 -81.73959946
 -81.67288572 -81.60681177 -81.54144761 -81.47685913 -81.41311252
 -81.35026389 -81.28838143 -81.22752553 -81.1677503  -81.10910934
 -81.05165324 -80.99542973 -80.94048118 -80.88684903 -80.83456955
 -80.78367414 -80.73419195 -80.68614608 -80.63955655 -80.59443854
 -80.55080493 -80.50865668 -80.47078964]","[[], [], [], [], [], [], [], [], [], [], [], [], [], [], [], [-82.31659200074266], [-81.90561130461123], [-81.55723149289545], [-81.26919593526145], [-81.01932094187882], [-80.77218689718006], [-80.48977610801853], [-80.14361071716999], [-79.72544034392882], [-79.2538201860271], [-78.77467980240584], [-78.35536333425969], [-78.07308573287737], [-78.00001750441692], [-78.1881017170458], [-78.65686499824497], [-79.38695152816477], [-80.32096239764546], [-81.37166371943829], [-82.43605171540966], [-83.41259648354533], [-84.21813512715768], [-84.8011576322827], [-85.14882909675418], [-85.28642843272826], [-85.26959481588987], [-85.17107888365672], [-85.06493311148478], [-85.01150938536767], [-85.0462375108904], [-85.17449271463074], [-85.37316770976439], [-85.59833023746738], [-85.79694980336413], [-85.91984091198924], [-85.93286777993768], [-85.8239767011006], [-85.60457732294793], [-85.30534050455117], [-84.96758979952813], [-84.63254664513069], [-84.33116327741419], [-84.07696341299993], [-83.86364830112234], [-83.66790129549878], [-83.45665393078784], [-83.19695673573975], [-82.86592809463961], [-82.45826497793286], [-81.98943661287842], [-81.49359707039048], [-81.01667773167559], [-80.60623247138254], [-80.30049159965982], [-80.11919441226792], [-80.0586148975942], [-80.09209423025116], [-80.17607481364611], [-80.26048515984745], [-80.3010709868928], [-80.27081410771194], [-80.16768292361988], [-80.01676437159078], [-79.865842085036], [-79.77541289819037], [-79.80487174707737], [-79.99805374441917], [-80.37122231042868], [-80.90635035183017], [-81.55138506118351], [-82.22772158223201], [-82.84359295964191], [-83.31073642346044], [-83.56096197301663], [-83.55925983846878], [-83.31069569873533], [-82.8597051070866], [-82.28193054019131], [-81.67026654331741], [-81.1180080734902], [-80.70251570279818], [-80.47257062107553], [-80.44189752562635], [-80.58975361850287], [-80.86817760583968], [-81.21390268505449], [-81.56231492223317], [-81.8601726566869], [-82.07457386384306], [-82.19642978149705], [-82.23814204368448], [-82.22643021719212], [-82.19244322272931], [-82.16174154989599], [-82.14669601633072], [-82.14314437927935], [-82.13203334285468], [-82.08550344450852], [-81.97575498748036], [-81.78433544587256], [-81.50936556916515], [-81.16872702304677], [-80.7982145449425], [-80.444905258765], [-80.15720146632538], [-79.97387626471013], [-79.91478354876581], [-79.97554745658461], [-80.12778328173412], [-80.32495050792079], [-80.51278797453111], [-80.64204825674976], [-80.68065690292447], [-80.62247298715131], [-80.49040958999048], [-80.33305274281054], [-80.21519026726953], [-80.20415614123253], [-80.35486658161773], [-80.69681089956293], [-81.22586982709599], [-81.90296075371239], [-82.65995415763882], [-83.41180686192416], [-84.07249063808638], [-84.57144841437577], [-84.86716535111427], [-84.95503281061936], [-84.86788137916349], [-84.66909229296736], [-84.43976992132102], [-84.26270412803414], [-84.20636294659786], [-84.31231049720535], [-84.58840178297308], [-85.00903462269486], [-85.52200479616188], [-86.06032213016815], [-86.55619774366374], [-86.95412725779512], [-87.22031283429436], [-87.34660837452068], [-87.34847459427226], [-87.25781483111926], [-87.11270629519844], [-86.94664231556672], [-86.7799456703578], [-86.61535203565093], [-86.4387094983607], [-86.22442887698028], [-85.94417032995432], [-85.57647029268331], [-85.11473626109652], [-84.57152485603409], [-83.97788802361006], [-83.377810147717], [-82.81901047333251], [-82.3422719291028], [-81.97199315588021], [-81.71029157596277], [-81.53636807055317], [-81.41145713209794], [-81.28848826529838], [-81.12434348241841], [-80.89189959431764], [-80.58901263574089], [-80.2420982470465], [-79.9032692935974], [-79.6412687914922], [-79.52791467070266], [-79.62284698060344], [-79.9598634861041], [-80.53782894528923], [-81.31826959059542], [-82.2304128218296], [-83.18276083160828], [-84.07899094949697], [-84.83493988799985], [-85.39327253337338], [-85.73279243521442], [-85.87060702120505], [-85.85676949332206], [-85.76265652837333], [-85.66557083332435], [-85.63289782179706], [-85.70903509630988], [-85.90773921089195], [-86.211270892216], [-86.57621340537696], [-86.94435923828811], [-87.25614779353246], [-87.46347247737752], [-87.53917467274904], [-87.48117231008143], [-87.310589825441], [-87.06463435467609], [-86.78608863168714], [-86.51205908802281], [-86.26470747311778], [-86.04608552027912], [-85.83825029282839], [-85.60847271982296], [-85.31814639767956], [-84.93318908833793], [-84.4332747322018], [-83.81775221101303], [-83.10667720264749], [-82.3368319187457], [-81.553699307431], [-80.8014165802177], [-80.11323993912437], [-79.50496444869671], [-78.97300115268361], [-78.49780490048434], [-78.05180884488455], [-77.61010461494921], [-77.16116719854482], [-76.71485084155115], [-76.30539841460102], [-75.98825558818604], [-75.83095757355589], [-75.89958710057522], [-76.24369512372795], [-76.8828094835484], [-77.7976654521072], [-78.92832993013735], [-80.18008949652781], [-81.43625014597059, -82.5756613542702], [-83.49167117928636], [-84.10887362731988], [-84.39443971600708], [-84.36188679768924], [-84.06667784441895], [-83.59465702298448], [-83.04576386767046], [-82.51632992807029], [-82.08342461227744], [-81.79417570285204], [-81.6618083036154], [-81.66867891083322], [-81.77507033506834], [-81.89374470516697], [], [], [], [], [], [], [], [], [], [], [], [], [], [], [], [], [], [], [], [], [], [], [], [], [], [], [], [], [], [], [], [], [], [], [], [], [], [], [], [], [], [], [], [], [], [], [], [], [], [], [], [], [], [], [], [], [], [], [], [], [], [], [], [], [], [], [], [], [], [], [], [], [], [], [], [], [], [], [], [], [], [], [], [], [], [], [], [], [], [], [], [], [], [], [], [], [], [], [], [], [], [], [], [], [], [], [], [], [], [], [], [], [], [], [], [], [], [], [], [], [], [], [], [], [], [], [], [], [], [], [], [], [], [], [], [], [], [], [], [], [], [], [], [], [], [], [], [], [], [], [], [], [], [], [], [], [], [], [], [], [], [], [], [], [], [], [], [], [], [], [], [], [], [], [], [], [], [], [], [], [], [], [], [], [], [], [], [], [], [], [], [], [], [], [], [], [], [], [], [], [], [], [], [], [], [], [], [], [], [], [], [], [], [], [], [], [], [], [], [], [], [], [], [], [], [], [], [], [], [], [], [], [], [], [], [], [], [], [], [], [], [], [], [], [], [], [], [], [], [], [], [], [], [], [], [], [], [], [], [], [], [], [], [], [], [], [], [], [], [], [], [], [], [], [], [], [], [], [], [], [], [], [], [], [], [], [], [], [], [], [], [], [], [], [], [], [], [], [], [], [], [], [], [], [], [], [], [], [], [], [], [], [], [], [], [], [], [], [], [], [], [], [], [], [], [], [], [], [], [], [], [], [], [], [], [], [], [], [], [], [], [], [], [], [], [], [], [], [], [], [], [], [], [], [], [], [], [], [], [], [], [], [], [], [], [], [], [], [], [], [], [], [], [], [], [], [], [], [], [], [], [], [], [], [], [], [], [], [], [], [], [], [], [], [], [], [], [], [], [], [], [], [], [], [], [], [], [], [], [], [], [], [], [], [], [], [], [], [], [], [], [], [], [], [], [], [], [], [], [], [], [], [], [], [], [], [], [], [], [], [], [], [], [], [], [], [], [], [], [], [], [], [], [], [], [], [], [], [], [], [], [], [], [], [], [], [], [], [], [], [], [], [], [], [], [], [], [], [], [], [], [], [], [], [], [], [], [], [], [], [], [], [], [], [], [], [], [], [], [], [], [], [], [], [], [], [], [], [], [], [], [], [], [], [], [], [], [], [], [], [], [], [], [], [], [], [], [], [], [], [], [], [], [], [], [], [], [], [], [], [], [], [], [], [], [], [], [], [], [], [], [], [], [], [], [], [], [], [], [], [], [], [], [], [], [], [], [], [], [], [], [], [], [], [], [], [], [], [], [], [], [], [], [], [], [], [], [], [], [], [], [], [], [], [], [], [], [], [], [], [], [], [], [], [], [], [], [], [], [], [], [], [], [], [], [], [], [], [], [], [], [], [], [], [], [], [], [], [], [], [], [], [], [], [], [], [], [], [], [], [], [], [], [], [], [], [], [], [], [], [], [], [], [], [], [], [], [], [], [], [], [], [], [], [], [], [], [], [], [], [], [], [], [], [], [], [], [], [], [], [], [], [], [], [], [], [], [], [], [], [], [], [], [], [], [], [], [], [], [], [], [], [], [], [], [], [], [], [], [], [], [], [], [], [], [], [], [], [], [], [], [], [], [], [], [], [], [], [], [], [], [], [], [], [], [], [], [], [], [], [], [], [], [], [], [], [], [], [], [], [], [], [], [], [], []]","[[], [], [], [], [], [], [], [], [], [], [], [], [], [], [], [-82.9150911630152], [-82.91694816665166], [-82.91959847371676], [-82.92296100504694], [-82.92695103270756], [-82.93148164827815], [-82.93646003331584], [-82.94179559743169], [-82.94738902645861], [-82.95314698859967], [-82.95897445697955], [-82.964769156398], [-82.9704315091323], [-82.97586135697374], [-82.98095888347312], [-82.98562483680318], [-82.98976022255192], [-82.99326811484254], [-82.9960572767328], [-82.99802654337014], [-82.99909541173774], [-82.99917134643935], [-82.99816651041266], [-82.99600945944252], [-82.99261665827713], [-82.98792013446977], [-82.98185479304087], [-82.9743526972795], [-82.96536860250261], [-82.95483696748047], [-82.9427206851387], [-82.92898540700648], [-82.91359582796562], [-82.89652775557687], [-82.87776276715489], [-82.85728490810573], [-82.83510160672591], [-82.8112075243014], [-82.78561131996902], [-82.75833721410544], [-82.72940909608445], [-82.69886376257594], [-82.66673383896669], [-82.63307009913567], [-82.59792915911974], [-82.56136876117228], [-82.52345942005822], [-82.4842806985884], [-82.4439053327358], [-82.40242609934369], [-82.35993862275764], [-82.31654123125446], [-82.27233093018616], [-82.22743274534098], [-82.18195820262716], [-82.13601619071574], [-82.08973824157344], [-82.04324498969201], [-81.99666597566669], [-81.95013714726522], [-81.90379264217518], [-81.85775699659943], [-81.81219006025333], [-81.76720568068477], [-81.72295576889593], [-81.67957031428067], [-81.63718883483611], [-81.59594611651585], [-81.55597599197627], [-81.51741333263209], [-81.4803841565977], [-81.44501274278467], [-81.41142375330668], [-81.37973192014125], [-81.35005472594209], [-81.3225001104971], [-81.2971685546203], [-81.2741617663868], [-81.25357128267942], [-81.23547953095152], [-81.2199741122519], [-81.2071168556117], [-81.19697806827588], [-81.18961376415855], [-81.1850878175518], [-81.18342340369561], [-81.18466460793049], [-81.18883831691969], [-81.19596520275437], [-81.20605128087925], [-81.2191045916209], [-81.23511848624577], [-81.25408005486294], [-81.27596829110098], [-81.30075434759974], [-81.32840167520503], [-81.35886613439637], [-81.39209616868196], [-81.42803256035512], [-81.46661006838337], [-81.5077560812784], [-81.55139158858444], [-81.59743138080334], [-81.64578435348493], [-81.69635382920872], [-81.74903789521396], [-81.80373533951477], [-81.86032363470571], [-81.91869275045043], [-81.97872366230969], [-82.04029393863645], [-82.10327792794763], [-82.16754294366287], [-82.23296911820948], [-82.29941859620122], [-82.36675778058598], [-82.43485276561508], [-82.50356707931572], [-82.57276265616979], [-82.64231229814325], [-82.71207791215953], [-82.78192507016026], [-82.85172217716008], [-82.92133912753953], [-82.99064736273941], [-83.05952058352396], [-83.1278350429115], [-83.19546982227442], [-83.26230892852341], [-83.32823636786799], [-83.39313375644022], [-83.45690776958543], [-83.5194484490419], [-83.58065901209257], [-83.6404350838742], [-83.69869556891756], [-83.75535234572888], [-83.81032332328208], [-83.86353155623597], [-83.9149052091766], [-83.96437624775433], [-84.01188174368423], [-84.05736347280146], [-84.10076575740767], [-84.14204197586287], [-84.18114769910486], [-84.21804398575738], [-84.25269434409883], [-84.28506894422428], [-84.31514046391202], [-84.34288089528576], [-84.3682753640219], [-84.39130948526042], [-84.4119713781897], [-84.43025319284304], [-84.44614874525179], [-84.45966261064292], [-84.47079001417642], [-84.47954022346534], [-84.4859141910061], [-84.48992765659034], [-84.49159401448568], [-84.4909266692694], [-84.48794262165332], [-84.48265771456741], [-84.47510339754034], [-84.46529587558565], [-84.4532551618355], [-84.43901068503004], [-84.4225949924779], [-84.40403283350369], [-84.38335354556622], [-84.36059133702581], [-84.33577384183334], [-84.30893881088798], [-84.28011962914486], [-84.24935403490544], [-84.21667152081244], [-84.1821142500517], [-84.14571921276026], [-84.10752600018924], [-84.06757233732391], [-84.02590288914877], [-83.98255222529251], [-83.93756634504867], [-83.89099171067186], [-83.84286944584875], [-83.79323984240722], [-83.74215558212062], [-83.68965672072312], [-83.63580152400912], [-83.58063057986227], [-83.52419629195899], [-83.4665541307479], [-83.40775276091472], [-83.34784615878822], [-83.28688980216138], [-83.22493655258128], [-83.16204946036163], [-83.09828561444601], [-83.03370398226643], [-82.96836911039938], [-82.90233938242022], [-82.83568707252658], [-82.76846422172044], [-82.70074500191063], [-82.63259638680348], [-82.56408640767833], [-82.49528399212468], [-82.42625912192644], [-82.35708189389818], [-82.2878290266375], [-82.21856104238373], [-82.14936109832222], [-82.08029995157247], [-82.01144962481521], [-81.94288357478324], [-81.87467333925355], [-81.80689103586722], [-81.73959946196132], [-81.67288572249117], [-81.60681177297234], [-81.54144761229449], [-81.47685912618097], [-81.41311252445824], [-81.35026389082583], [-81.2883814274694], [-81.22752553298174, -81.16775029972142], [-81.109109338111], [-81.05165324370861], [-80.99542973066143], [-80.94048117639944], [-80.88684903497963], [-80.83456954923433], [-80.78367413865934], [-80.73419194595486], [-80.68614607789313], [-80.63955654855609], [-80.59443853833965], [-80.55080492812137], [-80.50865668266171], [-80.47078964257015], [], [], [], [], [], [], [], [], [], [], [], [], [], [], [], [], [], [], [], [], [], [], [], [], [], [], [], [], [], [], [], [], [], [], [], [], [], [], [], [], [], [], [], [], [], [], [], [], [], [], [], [], [], [], [], [], [], [], [], [], [], [], [], [], [], [], [], [], [], [], [], [], [], [], [], [], [], [], [], [], [], [], [], [], [], [], [], [], [], [], [], [], [], [], [], [], [], [], [], [], [], [], [], [], [], [], [], [], [], [], [], [], [], [], [], [], [], [], [], [], [], [], [], [], [], [], [], [], [], [], [], [], [], [], [], [], [], [], [], [], [], [], [], [], [], [], [], [], [], [], [], [], [], [], [], [], [], [], [], [], [], [], [], [], [], [], [], [], [], [], [], [], [], [], [], [], [], [], [], [], [], [], [], [], [], [], [], [], [], [], [], [], [], [], [], [], [], [], [], [], [], [], [], [], [], [], [], [], [], [], [], [], [], [], [], [], [], [], [], [], [], [], [], [], [], [], [], [], [], [], [], [], [], [], [], [], [], [], [], [], [], [], [], [], [], [], [], [], [], [], [], [], [], [], [], [], [], [], [], [], [], [], [], [], [], [], [], [], [], [], [], [], [], [], [], [], [], [], [], [], [], [], [], [], [], [], [], [], [], [], [], [], [], [], [], [], [], [], [], [], [], [], [], [], [], [], [], [], [], [], [], [], [], [], [], [], [], [], [], [], [], [], [], [], [], [], [], [], [], [], [], [], [], [], [], [], [], [], [], [], [], [], [], [], [], [], [], [], [], [], [], [], [], [], [], [], [], [], [], [], [], [], [], [], [], [], [], [], [], [], [], [], [], [], [], [], [], [], [], [], [], [], [], [], [], [], [], [], [], [], [], [], [], [], [], [], [], [], [], [], [], [], [], [], [], [], [], [], [], [], [], [], [], [], [], [], [], [], [], [], [], [], [], [], [], [], [], [], [], [], [], [], [], [], [], [], [], [], [], [], [], [], [], [], [], [], [], [], [], [], [], [], [], [], [], [], [], [], [], [], [], [], [], [], [], [], [], [], [], [], [], [], [], [], [], [], [], [], [], [], [], [], [], [], [], [], [], [], [], [], [], [], [], [], [], [], [], [], [], [], [], [], [], [], [], [], [], [], [], [], [], [], [], [], [], [], [], [], [], [], [], [], [], [], [], [], [], [], [], [], [], [], [], [], [], [], [], [], [], [], [], [], [], [], [], [], [], [], [], [], [], [], [], [], [], [], [], [], [], [], [], [], [], [], [], [], [], [], [], [], [], [], [], [], [], [], [], [], [], [], [], [], [], [], [], [], [], [], [], [], [], [], [], [], [], [], [], [], [], [], [], [], [], [], [], [], [], [], [], [], [], [], [], [], [], [], [], [], [], [], [], [], [], [], [], [], [], [], [], [], [], [], [], [], [], [], [], [], [], [], [], [], [], [], [], [], [], [], [], [], [], [], [], [], [], [], [], [], [], [], [], [], [], [], [], [], [], [], [], [], [], [], [], [], [], [], [], [], [], [], [], [], [], [], [], [], [], [], [], [], [], [], [], [], [], [], [], [], [], [], [], [], [], [], [], [], [], [], [], [], [], [], [], [], [], [], [], [], [], [], [], [], [], [], [], [], [], [], [], [], [], [], [], [], [], [], [], [], [], [], [], [], [], [], [], [], [], [], [], [], [], [], [], [], [], []]",0.7306718199403852,0.6649177902569879
altMPI,82.45,"[2011.050994   2011.07017208 2011.08935016 2011.10852825 2011.12770633
 2011.14688441 2011.16606249 2011.18524058 2011.20441866 2011.22359674
 2011.24277482 2011.2619529  2011.28113099 2011.30030907 2011.31948715
 2011.33866523 2011.35784332 2011.3770214  2011.39619948 2011.41537756
 2011.43455564 2011.45373373 2011.47291181 2011.49208989 2011.51126797
 2011.53044605 2011.54962414 2011.56880222 2011.5879803  2011.60715838
 2011.62633647 2011.64551455 2011.66469263 2011.68387071 2011.70304879
 2011.72222688 2011.74140496 2011.76058304 2011.77976112 2011.79893921
 2011.81811729 2011.83729537 2011.85647345 2011.87565153 2011.89482962
 2011.9140077  2011.93318578 2011.95236386 2011.97154195 2011.99072003
 2012.00989811 2012.02907619 2012.04825427 2012.06743236 2012.08661044
 2012.10578852 2012.1249666  2012.14414468 2012.16332277 2012.18250085
 2012.20167893 2012.22085701 2012.2400351  2012.25921318 2012.27839126
 2012.29756934 2012.31674742 2012.33592551 2012.35510359 2012.37428167
 2012.39345975 2012.41263784 2012.43181592 2012.450994   2012.47017208
 2012.48935016 2012.50852825 2012.52770633 2012.54688441 2012.56606249
 2012.58524058 2012.60441866 2012.62359674 2012.64277482 2012.6619529
 2012.68113099 2012.70030907 2012.71948715 2012.73866523 2012.75784332
 2012.7770214  2012.79619948 2012.81537756 2012.83455564 2012.85373373
 2012.87291181 2012.89208989 2012.91126797 2012.93044605 2012.94962414
 2012.96880222 2012.9879803  2013.00715838 2013.02633647 2013.04551455
 2013.06469263 2013.08387071 2013.10304879 2013.12222688 2013.14140496
 2013.16058304 2013.17976112 2013.19893921 2013.21811729 2013.23729537
 2013.25647345 2013.27565153 2013.29482962 2013.3140077  2013.33318578
 2013.35236386 2013.37154195 2013.39072003 2013.40989811 2013.42907619
 2013.44825427 2013.46743236 2013.48661044 2013.50578852 2013.5249666
 2013.54414468 2013.56332277 2013.58250085 2013.60167893 2013.62085701
 2013.6400351  2013.65921318 2013.67839126 2013.69756934 2013.71674742
 2013.73592551 2013.75510359 2013.77428167 2013.79345975 2013.81263784
 2013.83181592 2013.850994   2013.87017208 2013.88935016 2013.90852825
 2013.92770633 2013.94688441 2013.96606249 2013.98524058 2014.00441866
 2014.02359674 2014.04277482 2014.0619529  2014.08113099 2014.10030907
 2014.11948715 2014.13866523 2014.15784332 2014.1770214  2014.19619948
 2014.21537756 2014.23455564 2014.25373373 2014.27291181 2014.29208989
 2014.31126797 2014.33044605 2014.34962414 2014.36880222 2014.3879803
 2014.40715838 2014.42633647 2014.44551455 2014.46469263 2014.48387071
 2014.50304879 2014.52222688 2014.54140496 2014.56058304 2014.57976112
 2014.59893921 2014.61811729 2014.63729537 2014.65647345 2014.67565153
 2014.69482962 2014.7140077  2014.73318578 2014.75236386 2014.77154195
 2014.79072003 2014.80989811 2014.82907619 2014.84825427 2014.86743236
 2014.88661044 2014.90578852 2014.9249666  2014.94414468 2014.96332277
 2014.98250085 2015.00167893 2015.02085701 2015.0400351  2015.05921318
 2015.07839126 2015.09756934 2015.11674742 2015.13592551 2015.15510359
 2015.17428167 2015.19345975 2015.21263784 2015.23181592 2015.250994
 2015.27017208 2015.28935016 2015.30852825 2015.32770633 2015.34688441
 2015.36606249 2015.38524058 2015.40441866 2015.42359674 2015.44277482
 2015.4619529  2015.48113099 2015.50030907 2015.51948715 2015.53866523
 2015.55784332 2015.5770214  2015.59619948 2015.61537756 2015.63455564
 2015.65373373 2015.67291181 2015.69208989 2015.71126797 2015.73044605
 2015.74962414 2015.76880222 2015.7879803  2015.80715838 2015.82633647
 2015.84551455 2015.86469263 2015.88387071 2015.90304879 2015.92222688
 2015.94140496 2015.96058304 2015.97976112 2015.99893921 2016.01811729
 2016.03729537 2016.05647345 2016.07565153 2016.09482962 2016.1140077
 2016.13318578 2016.15236386 2016.17154195 2016.19072003 2016.20989811
 2016.22907619 2016.24825427 2016.26743236 2016.28661044 2016.30578852
 2016.3249666  2016.34414468 2016.36332277 2016.38250085 2016.40167893
 2016.42085701 2016.4400351  2016.45921318 2016.47839126 2016.49756934
 2016.51674742 2016.53592551 2016.55510359 2016.57428167 2016.59345975
 2016.61263784 2016.63181592 2016.650994   2016.67017208 2016.68935016
 2016.70852825 2016.72770633 2016.74688441 2016.76606249 2016.78524058
 2016.80441866 2016.82359674 2016.84277482 2016.8619529  2016.88113099
 2016.90030907 2016.91948715 2016.93866523 2016.95784332 2016.9770214
 2016.99619948 2017.01537756 2017.03455564 2017.05373373 2017.07291181
 2017.09208989 2017.11126797 2017.13044605 2017.14962414 2017.16880222
 2017.1879803  2017.20715838 2017.22633647 2017.24551455 2017.26469263
 2017.28387071 2017.30304879 2017.32222688 2017.34140496 2017.36058304
 2017.37976112 2017.39893921 2017.41811729 2017.43729537 2017.45647345
 2017.47565153 2017.49482962 2017.5140077  2017.53318578 2017.55236386
 2017.57154195 2017.59072003 2017.60989811 2017.62907619 2017.64825427
 2017.66743236 2017.68661044 2017.70578852 2017.7249666  2017.74414468
 2017.76332277 2017.78250085 2017.80167893 2017.82085701 2017.8400351
 2017.85921318 2017.87839126 2017.89756934 2017.91674742 2017.93592551
 2017.95510359 2017.97428167 2017.99345975 2018.01263784 2018.03181592
 2018.050994   2018.07017208 2018.08935016 2018.10852825 2018.12770633
 2018.14688441 2018.16606249 2018.18524058 2018.20441866 2018.22359674
 2018.24277482 2018.2619529  2018.28113099 2018.30030907 2018.31948715
 2018.33866523 2018.35784332 2018.3770214  2018.39619948 2018.41537756
 2018.43455564 2018.45373373 2018.47291181 2018.49208989 2018.51126797
 2018.53044605 2018.54962414 2018.56880222 2018.5879803  2018.60715838
 2018.62633647 2018.64551455 2018.66469263 2018.68387071 2018.70304879
 2018.72222688 2018.74140496 2018.76058304 2018.77976112 2018.79893921
 2018.81811729 2018.83729537 2018.85647345 2018.87565153 2018.89482962
 2018.9140077  2018.93318578 2018.95236386 2018.97154195 2018.99072003
 2019.00989811 2019.02907619 2019.04825427 2019.06743236 2019.08661044
 2019.10578852 2019.1249666  2019.14414468 2019.16332277 2019.18250085
 2019.20167893 2019.22085701 2019.2400351  2019.25921318 2019.27839126
 2019.29756934 2019.31674742 2019.33592551 2019.35510359 2019.37428167
 2019.39345975 2019.41263784 2019.43181592 2019.450994   2019.47017208
 2019.48935016 2019.50852825 2019.52770633 2019.54688441 2019.56606249
 2019.58524058 2019.60441866 2019.62359674 2019.64277482 2019.6619529
 2019.68113099 2019.70030907 2019.71948715 2019.73866523 2019.75784332
 2019.7770214  2019.79619948 2019.81537756 2019.83455564 2019.85373373
 2019.87291181 2019.89208989 2019.91126797 2019.93044605 2019.94962414
 2019.96880222 2019.9879803  2020.00715838 2020.02633647 2020.04551455
 2020.06469263 2020.08387071 2020.10304879 2020.12222688 2020.14140496
 2020.16058304 2020.17976112 2020.19893921 2020.21811729 2020.23729537
 2020.25647345 2020.27565153 2020.29482962 2020.3140077  2020.33318578
 2020.35236386 2020.37154195 2020.39072003 2020.40989811 2020.42907619
 2020.44825427 2020.46743236 2020.48661044 2020.50578852 2020.5249666
 2020.54414468 2020.56332277 2020.58250085 2020.60167893 2020.62085701
 2020.6400351  2020.65921318 2020.67839126 2020.69756934 2020.71674742
 2020.73592551 2020.75510359 2020.77428167 2020.79345975 2020.81263784
 2020.83181592 2020.850994   2020.87017208 2020.88935016 2020.90852825
 2020.92770633 2020.94688441 2020.96606249 2020.98524058 2021.00441866
 2021.02359674 2021.04277482 2021.0619529  2021.08113099 2021.10030907
 2021.11948715 2021.13866523 2021.15784332 2021.1770214  2021.19619948
 2021.21537756 2021.23455564 2021.25373373 2021.27291181 2021.29208989
 2021.31126797 2021.33044605 2021.34962414 2021.36880222 2021.3879803
 2021.40715838 2021.42633647 2021.44551455 2021.46469263 2021.48387071
 2021.50304879 2021.52222688 2021.54140496 2021.56058304 2021.57976112
 2021.59893921 2021.61811729 2021.63729537 2021.65647345 2021.67565153
 2021.69482962 2021.7140077  2021.73318578 2021.75236386 2021.77154195
 2021.79072003 2021.80989811 2021.82907619 2021.84825427 2021.86743236
 2021.88661044 2021.90578852 2021.9249666  2021.94414468 2021.96332277
 2021.98250085 2022.00167893 2022.02085701 2022.0400351  2022.05921318
 2022.07839126 2022.09756934 2022.11674742 2022.13592551 2022.15510359
 2022.17428167 2022.19345975 2022.21263784 2022.23181592 2022.250994
 2022.27017208 2022.28935016 2022.30852825 2022.32770633 2022.34688441
 2022.36606249 2022.38524058 2022.40441866 2022.42359674 2022.44277482
 2022.4619529  2022.48113099 2022.50030907 2022.51948715 2022.53866523
 2022.55784332 2022.5770214  2022.59619948 2022.61537756 2022.63455564
 2022.65373373 2022.67291181 2022.69208989 2022.71126797 2022.73044605
 2022.74962414 2022.76880222 2022.7879803  2022.80715838 2022.82633647
 2022.84551455 2022.86469263 2022.88387071 2022.90304879 2022.92222688
 2022.94140496 2022.96058304 2022.97976112 2022.99893921 2023.01811729
 2023.03729537 2023.05647345 2023.07565153 2023.09482962 2023.1140077
 2023.13318578 2023.15236386 2023.17154195 2023.19072003 2023.20989811
 2023.22907619 2023.24825427 2023.26743236 2023.28661044 2023.30578852
 2023.3249666  2023.34414468 2023.36332277 2023.38250085 2023.40167893
 2023.42085701 2023.4400351  2023.45921318 2023.478383  ]","[-86.10398066 -86.23028017 -86.31114917 -86.3279266  -86.27558908
 -86.16379289 -86.01460166 -85.85726547 -85.72110579 -85.62801536
 -85.58624977 -85.58697581 -85.60447831 -85.60021028 -85.53001453
 -85.35316085 -85.04142621 -84.58636044 -84.0032242  -83.33071078
 -82.62640151 -81.95874189 -81.39700492 -81.00108516 -80.81296525
 -80.85132937 -81.11014028 -81.56120299 -82.15997041 -82.85327734
 -83.58740999 -84.3149964  -84.99959331 -85.61744247 -86.15654066
 -86.61374645 -86.99101621 -87.2919304  -87.5194659  -87.67552164
 -87.76215545 -87.78397588 -87.75075784 -87.67929301 -87.59362421
 -87.52320363 -87.49912797 -87.54908526 -87.69207532 -87.93412395
 -88.26606273 -88.66407729 -89.09306636 -89.51230484 -89.88230995
 -90.17145392 -90.36093464 -90.44707266 -90.44034769 -90.36139477
 -90.23485499 -90.08246276 -89.91695386 -89.73825863 -89.53294072
 -89.27713676 -88.94249859 -88.50389489 -87.94724568 -87.27573644
 -86.51294141 -85.70203206 -84.90098283 -84.17456715 -83.58458601
 -83.18014132 -82.98980329 -83.01711991 -83.24025786 -83.6157976
 -84.08583452 -84.58698456 -85.05958867 -85.455437   -85.74277743
 -85.90796912 -85.95387839 -85.89576177 -85.75583556 -85.55785142
 -85.32285326 -85.06688375 -84.80079642 -84.53180649 -84.26595768
 -84.01051639 -83.77537486 -83.57285856 -83.41587362 -83.31483955
 -83.274242   -83.28985547 -83.34760947 -83.42472589 -83.49320082
 -83.52511043 -83.49870312 -83.40393668 -83.24610619 -83.04653273
 -82.83984867 -82.6681622  -82.57306895 -82.58700637 -82.72571116
 -82.98339572 -83.33176796 -83.72329974 -84.09829955 -84.39457144
 -84.55790175 -84.55142377 -84.36211472 -84.00322758 -83.51225104
 -82.94486152 -82.3660742  -81.84029545 -81.42212651 -81.14951773
 -81.04032955 -81.09261145 -81.28814576 -81.5982007  -81.99007088
 -82.43294369 -82.90196706 -83.37991006 -83.85641849 -84.3254987
 -84.78221956 -85.21975811 -85.62775578 -85.99253544 -86.29917357
 -86.53488543 -86.69278918 -86.77494379 -86.79369499 -86.77074125
 -86.73389063 -86.71205933 -86.72953686 -86.80080635 -86.92713247
 -87.09579392 -87.28228097 -87.45508766 -87.58214417 -87.63751026
 -87.6068422  -87.49040262 -87.30283975 -87.06973144 -86.82157836
 -86.5865418  -86.3835369  -86.217267   -86.07640824 -85.9354811
 -85.76016731 -85.51507105 -85.17235418 -84.71944919 -84.16419532
 -83.53625235 -82.88437202 -82.26994851 -81.75801868 -81.40738902
 -81.26171458 -81.34314184 -81.64959151 -82.15600791 -82.81912327
 -83.58463972 -84.39532431 -85.198456   -85.95133888 -86.62412615
 -87.19983711 -87.67209656 -88.04156916 -88.31224342 -88.48864029
 -88.57462612 -88.57399932 -88.49247499 -88.34025694 -88.13417587
 -87.89845605 -87.66351561 -87.46269671 -87.32740266 -87.28160291
 -87.33692798 -87.4895505  -87.71973375 -87.99439231 -88.27232756
 -88.51120202 -88.67488131 -88.73960825 -88.69770675 -88.55797418
 -88.34264197 -88.08152707 -87.80461805 -87.53473138 -87.28187317
 -87.04061469 -86.79117153 -86.50405526 -86.14741145 -85.6955333
 -85.13676163 -84.47906286 -83.75202263 -83.00471567 -82.29974206
 -81.70448949 -81.2812457  -81.07798263 -81.12148036 -81.41397395
 -81.93375627 -82.63941053 -83.47667146 -84.38644227 -85.31240563
 -86.20689242 -87.03416305 -87.77088763 -88.40427684 -88.92878617
 -89.34251829 -89.64444067 -89.83316454 -89.90751883 -89.86860613
 -89.72256768 -89.48305917 -89.17244508 -88.82101812 -88.46407584
 -88.13723894 -87.87088973 -87.68493589 -87.5851223  -87.5618449
 -87.59191649 -87.64306935 -87.68036394 -87.67321612 -87.60153461
 -87.45963102 -87.25701022 -87.01579593 -86.76531442 -86.53499838
 -86.34716025 -86.21126692 -86.12106369 -86.05529165 -85.98197361
 -85.86545954 -85.67479968 -85.39168746 -85.0162561  -84.56942673
 -84.09120245 -83.63512305 -83.25988846 -83.01973816 -82.95541466
 -83.08741969 -83.41279072 -83.90590597 -84.52303006 -85.20958925
 -85.90868584 -86.5692096  -87.15209652 -87.63376371 -88.00641877
 -88.27561708 -88.4559836  -88.56630174 -88.6251921  -88.6483014
 -88.64742119 -88.63140191 -88.60823053 -88.58733562 -88.58114202
 -88.60512728 -88.67608144 -88.80880945 -89.01200556 -89.28436986
 -89.61209485 -89.96861215 -90.31704265 -90.61515816 -90.82204908
 -90.90522967 -90.84670416 -90.64663807 -90.32371908 -89.9119677
 -89.45449096 -88.99534633 -88.57114677 -88.20413952 -87.89822363
 -87.6387937  -87.39652688 -87.13440008 -86.81653606 -86.41708768
 -85.92733964 -85.35954567 -84.74669063 -84.13820062 -83.59240932
 -83.16725307 -82.91098709 -82.85466232 -83.00771876 -83.357355
 -83.87158656 -84.50517216 -85.20706581 -85.9278424  -86.62569354
 -87.27000837 -87.84217693 -88.33389356 -88.74379508 -89.07357319
 -89.32470321 -89.49666786 -89.58707918 -89.59353071 -89.51651054
 -89.36239107 -89.14544904 -88.88810123 -88.61898817 -88.36909931
 -88.16668041 -88.03202888 -87.97341158 -87.98516055 -88.04853745
 -88.13536769 -88.2137814  -88.25488134 -88.2388981  -88.15943602
 -88.02478434 -87.85589355 -87.68134901 -87.53036916 -87.42533091
 -87.3754786  -87.37329731 -87.39449266 -87.40176302 -87.35174461
 -87.20381599 -86.92901481 -86.51724182 -85.98124557 -85.35650482
 -84.6969391  -84.06720999 -83.53303889 -83.15134274 -82.9619915
 -82.98262178 -83.20729494 -83.60901599 -84.14537241 -84.76599466
 -85.42028187 -86.06391779 -86.66309985 -87.19600048 -87.65163232
 -88.02686878 -88.32272583 -88.54105392 -88.68257059 -88.74671234
 -88.73321752 -88.6448425  -88.49025216 -88.28604087 -88.05702774
 -87.83438663 -87.65174088 -87.53989941 -87.52132274 -87.60557451
 -87.78687136 -88.04443434 -88.3457437  -88.65214651 -88.92570857
 -89.13588818 -89.26459795 -89.30853712 -89.27826343 -89.19418719
 -89.08037187 -88.95754036 -88.83689952 -88.71626578 -88.57948475
 -88.3994425  -88.144166   -87.78480459 -87.30383207 -86.70169268
 -86.00038913 -85.24309957 -84.48971336 -83.80900088 -83.26880742
 -82.92607347 -82.81852102 -82.95948136 -83.3367127  -83.91527453
 -84.64373646 -85.4623924  -86.31186324 -87.14049814 -87.90936435
 -88.5942202  -89.18453743 -89.68027784 -90.08753464 -90.41426976
 -90.66720914 -90.85053996 -90.96649466 -91.01736724 -91.00811519
 -90.94853088 -90.85409557 -90.74499764 -90.64331068 -90.56886695
 -90.53478734 -90.54381307 -90.58648856 -90.64188184 -90.68095446
 -90.67206488 -90.5875398  -90.40991876 -90.13645378 -89.78075002
 -89.37100704 -88.94504609 -88.54302695 -88.19930704 -87.93515034
 -87.75388003 -87.63961504 -87.56001146 -87.47259533 -87.33352242
 -87.10706813 -86.77395279 -86.33682418 -85.82176495 -85.27546682
 -84.75858505 -84.33651737 -84.06933373 -84.00271324 -84.16148155
 -84.54678409 -85.13717701 -85.89312887 -86.7638211  -87.69476802
 -88.63474161 -89.54079793 -90.38074171 -91.1330119  -91.78455881
 -92.32769885 -92.75708259 -93.06774584 -93.25482099 -93.31494929
 -93.24890077 -93.06451267 -92.7789001  -92.41901789 -92.02003151
 -91.62150095 -91.26195486 -90.9728968  -90.77352699 -90.66739859
 -90.64187046 -90.67064612 -90.71901353 -90.75078546 -90.73553071
 -90.65459518 -90.50458998 -90.29757694 -90.05790606 -89.8163612
 -89.60288466 -89.43948672 -89.33493513 -89.28244919 -89.26097558
 -89.23984626 -89.18587576 -89.07139117 -88.88146296 -88.61875687
 -88.30488792 -87.97789426 -87.68626781 -87.48069584 -87.40513659
 -87.48899203 -87.74190419 -88.15215111 -88.68887046 -89.30754335
 -89.95757163 -90.59039293 -91.16654014 -91.6603653  -92.06172586
 -92.37460385 -92.61328382 -92.79719195 -92.94569877 -93.07407117
 -93.19137546 -93.30058104 -93.40052842 -93.48896743 -93.56560225
 -93.63413982 -93.70262502 -93.78184248 -93.88213409 -94.0094476
 -94.16172037 -94.32670636 -94.48206021 -94.59799368 -94.64218447
 -94.58603578 -94.41098835 -94.11344213 -93.70708006 -93.22187354
 -92.699726   -92.18746416 -91.72849289 -91.35478615 -91.0808709
 -90.90111143 -90.79095939 -90.71202386 -90.62001674 -90.47403032
 -90.24530436 -89.92372699 -89.52076982 -89.0682697  -88.61330835
 -88.21023191 -87.91138258 -87.75834748 -87.77537719 -87.96612266
 -88.3141353  -88.78680372 -89.34171241 -89.93400007 -90.52318356
 -91.07814126 -91.57947573 -92.0191042  -92.39756346 -92.72001239
 -92.99212172 -93.2169709  -93.39372457 -93.5183232  -93.58586165
 -93.59386141 -93.54537361 -93.450887   -93.32830876 -93.20077706
 -93.0926533  -93.02453964 -93.00849193 -93.04464127 -93.12016682
 -93.21106421 -93.28652095 -93.31507827 -93.27129802 -93.14147218
 -92.92704736 -92.6448971  -92.32424283 -92.00075378 -91.70901287
 -91.47494383 -91.30985071 -91.20742168 -91.1444727  -91.08540863
 -90.98958284 -90.82011925 -90.55240038 -90.18046779 -89.71998914
 -89.20712902 -88.69348558 -88.23804728 -87.89784826]","[-84.64175421 -84.66340833 -84.6874921  -84.71402757 -84.74302848
 -84.77450008 -84.80843877 -84.84483029 -84.88365319 -84.92487717
 -84.96846126 -85.0143577  -85.06250432 -85.11282942 -85.16525345
 -85.21968582 -85.27602814 -85.33417151 -85.39399836 -85.45538188
 -85.51818638 -85.58226774 -85.64747373 -85.7136447  -85.78061337
 -85.84820567 -85.91624141 -85.98453532 -86.05289614 -86.1211281
 -86.18903178 -86.25640435 -86.32304082 -86.38873437 -86.45327703
 -86.51645987 -86.57807554 -86.63791756 -86.69578131 -86.75146493
 -86.80477014 -86.8555064  -86.90348183 -86.94850878 -86.99041512
 -87.02903196 -87.06419837 -87.09576213 -87.12358046 -87.14752278
 -87.16746497 -87.18330075 -87.19492606 -87.2022443  -87.20518746
 -87.20370489 -87.1977408  -87.18725893 -87.17224086 -87.1526803
 -87.12858509 -87.09998002 -87.06690067 -87.02939615 -86.98753152
 -86.94138224 -86.89104339 -86.83662204 -86.77823894 -86.71603055
 -86.6501399  -86.58072602 -86.50795759 -86.43201292 -86.35308358
 -86.27136875 -86.18707947 -86.10043893 -86.01166926 -85.92100278
 -85.8286785  -85.73493828 -85.6400332  -85.54421548 -85.44774003
 -85.35086355 -85.25384364 -85.15693598 -85.06039923 -84.96449136
 -84.86946184 -84.77555954 -84.68302909 -84.59211144 -84.5030378
 -84.41603156 -84.33131624 -84.24910571 -84.16959871 -84.09298596
 -84.01945147 -83.94916889 -83.88229762 -83.81898578 -83.75937101
 -83.70357887 -83.65172091 -83.60389617 -83.56019071 -83.52067887
 -83.48541771 -83.45445044 -83.42781201 -83.40552288 -83.38758729
 -83.37399754 -83.36473324 -83.35976136 -83.35903652 -83.36250138
 -83.37008699 -83.38171277 -83.3972881  -83.41671306 -83.4398763
 -83.46665735 -83.49692867 -83.53055404 -83.56739022 -83.60728679
 -83.65008811 -83.69563489 -83.74375999 -83.7942909  -83.84705762
 -83.90188648 -83.95859921 -84.01701973 -84.07696742 -84.1382625
 -84.20072901 -84.26419204 -84.32847648 -84.39341042 -84.45882646
 -84.52455989 -84.59045085 -84.65634381 -84.72208868 -84.7875405
 -84.85256078 -84.91701841 -84.98078557 -85.04374212 -85.10577656
 -85.16678274 -85.2266638  -85.2853295  -85.34269756 -85.39869403
 -85.45324694 -85.50629804 -85.55779479 -85.60769207 -85.65595138
 -85.70254172 -85.74743894 -85.7906245  -85.83208849 -85.87182738
 -85.9098415  -85.94613723 -85.98072742 -86.01363093 -86.04486876
 -86.07446659 -86.1024556  -86.12887103 -86.15374999 -86.1771329
 -86.19906335 -86.21958668 -86.23875098 -86.25660674 -86.27320368
 -86.28859254 -86.30282626 -86.31595851 -86.32804166 -86.33912926
 -86.34927241 -86.35852114 -86.36692779 -86.37454163 -86.38141167
 -86.38758584 -86.39310905 -86.39802405 -86.40237438 -86.40620215
 -86.40954393 -86.41243543 -86.41491246 -86.41700839 -86.4187533
 -86.42017569 -86.42130299 -86.42215913 -86.42276885 -86.42315503
 -86.42333683 -86.42333457 -86.42316411 -86.42284151 -86.4223818
 -86.42179854 -86.42110579 -86.42031493 -86.41943837 -86.41848959
 -86.41747892 -86.41641807 -86.41531745 -86.41418843 -86.41304222
 -86.41189014 -86.41074464 -86.40961847 -86.40852493 -86.40747899
 -86.4064944  -86.40558636 -86.40477151 -86.40406505 -86.40348708
 -86.40305926 -86.40279912 -86.40272654 -86.40286387 -86.40323373
 -86.4038592  -86.40476619 -86.40597729 -86.40751335 -86.4094036
 -86.41167515 -86.41435233 -86.41746023 -86.42102571 -86.42507645
 -86.42963532 -86.43472489 -86.44037222 -86.4466019  -86.45343519
 -86.46089372 -86.46899753 -86.47776531 -86.4872146  -86.49735991
 -86.50821646 -86.51979814 -86.53211286 -86.5451683  -86.55896949
 -86.57351811 -86.58881758 -86.60486773 -86.6216618  -86.63919166
 -86.6574486  -86.67642034 -86.69609135 -86.71644339 -86.73745598
 -86.7591059  -86.7813666  -86.80420898 -86.82760169 -86.85151038
 -86.87589917 -86.90072973 -86.92596046 -86.95154837 -86.97744818
 -87.00361247 -87.02999277 -87.05653857 -87.08319834 -87.10991956
 -87.13664775 -87.16332711 -87.18990304 -87.21632027 -87.24252138
 -87.26844839 -87.2940471  -87.3192623  -87.34403694 -87.36831573
 -87.39204509 -87.41517235 -87.43764526 -87.45941314 -87.48042812
 -87.50064379 -87.52001463 -87.53849822 -87.55605299 -87.57263906
 -87.58822235 -87.60277007 -87.61625153 -87.62863923 -87.6399078
 -87.65003498 -87.65900317 -87.66679842 -87.67340631 -87.67881571
 -87.6830226  -87.68602544 -87.6878231  -87.68841793 -87.68781777
 -87.68603282 -87.68307542 -87.67896172 -87.67371002 -87.66734046
 -87.65987882 -87.65135424 -87.64179426 -87.6312308  -87.61969843
 -87.60723356 -87.59387527 -87.57966244 -87.56463955 -87.54885251
 -87.53234634 -87.51516684 -87.49736328 -87.4789855  -87.46008388
 -87.44070881 -87.42091367 -87.40075202 -87.38027561 -87.35953728
 -87.33859109 -87.3174904  -87.29628854 -87.27503877 -87.25379309
 -87.23260346 -87.21152095 -87.19059576 -87.16987776 -87.14941516
 -87.12925657 -87.1094493  -87.09003752 -87.07106566 -87.05257475
 -87.03460497 -87.01719715 -87.00038967 -86.98421821 -86.96871726
 -86.95392011 -86.93985867 -86.92656099 -86.91405273 -86.90236154
 -86.89151242 -86.8815262  -86.8724223  -86.86421972 -86.85693551
 -86.85058384 -86.8451776  -86.84072774 -86.83724333 -86.83473192
 -86.83319889 -86.83264859 -86.83308385 -86.83450467 -86.83690925
 -86.84029554 -86.8446594  -86.84999514 -86.8562956  -86.86355211
 -86.87175485 -86.88089157 -86.89094816 -86.90191145 -86.91376734
 -86.9264978  -86.94008445 -86.95450858 -86.96974981 -86.98578718
 -87.00259811 -87.02016005 -87.03844943 -87.05744077 -87.07710856
 -87.09742584 -87.11836506 -87.13989868 -87.16199813 -87.18463438
 -87.20777787 -87.23139837 -87.25546513 -87.27994805 -87.30481634
 -87.33003848 -87.35558318 -87.38141873 -87.40751367 -87.43383616
 -87.46035433 -87.48703724 -87.51385296 -87.54077128 -87.56776207
 -87.59479526 -87.62184172 -87.64887215 -87.67585818 -87.70277214
 -87.72958767 -87.75627814 -87.78281682 -87.80918087 -87.83534912
 -87.86129774 -87.88700471 -87.91245155 -87.93762019 -87.96249327
 -87.98705623 -88.01129412 -88.03519389 -88.05874431 -88.08193482
 -88.10475897 -88.12721123 -88.14928627 -88.17098116 -88.19229528
 -88.21322924 -88.23378606 -88.25397087 -88.273789   -88.29324824
 -88.31235888 -88.33113257 -88.34958291 -88.36772556 -88.3855769
 -88.40315514 -88.42048128 -88.43757728 -88.4544667  -88.47117456
 -88.48772738 -88.50415301 -88.52048063 -88.53674062 -88.55296452
 -88.56918489 -88.5854353  -88.60175027 -88.61816478 -88.63471483
 -88.65143631 -88.66836508 -88.68553906 -88.70299627 -88.7207732
 -88.73890717 -88.75743464 -88.77639112 -88.79581389 -88.81573869
 -88.83620009 -88.85723227 -88.87886763 -88.90113798 -88.92407316
 -88.94770102 -88.97205141 -88.99715151 -89.0230239  -89.04969048
 -89.07717257 -89.10548906 -89.13465487 -89.16468326 -89.19558682
 -89.22737472 -89.26005365 -89.29362771 -89.32809843 -89.36346462
 -89.39972242 -89.43686519 -89.47488353 -89.51376525 -89.55349497
 -89.59405473 -89.63542476 -89.67758195 -89.7204997  -89.76414889
 -89.80849779 -89.85351289 -89.89915941 -89.94539892 -89.99218442
 -90.03947212 -90.08722082 -90.1353823  -90.18390463 -90.23273519
 -90.28182129 -90.33110818 -90.38053835 -90.43005335 -90.47959421
 -90.52910017 -90.5785113  -90.62776753 -90.67680465 -90.72555904
 -90.77396936 -90.82197352 -90.86950782 -90.91650999 -90.96291967
 -91.00867689 -91.05372014 -91.0979882  -91.1414268  -91.1839812
 -91.22559463 -91.26621316 -91.30578754 -91.34426932 -91.38161136
 -91.41776935 -91.45270208 -91.48637055 -91.51873809 -91.54977117
 -91.5794397  -91.60771729 -91.63457824 -91.66000147 -91.68396796
 -91.70646271 -91.72747575 -91.74699921 -91.7650291  -91.78156477
 -91.79660806 -91.81016499 -91.82224381 -91.83285685 -91.84202073
 -91.84975424 -91.85608221 -91.86103025 -91.86462416 -91.86689571
 -91.86788122 -91.86761938 -91.86614846 -91.86351027 -91.8597511
 -91.85491891 -91.84906245 -91.84223332 -91.83448464 -91.8258713
 -91.81645008 -91.8062785  -91.79541621 -91.78392466 -91.77186309
 -91.75929267 -91.74627627 -91.73287616 -91.71915569 -91.7051783
 -91.69100544 -91.6766994  -91.66232069 -91.64792927 -91.63358735
 -91.61935443 -91.60528804 -91.5914453  -91.57788035 -91.56464673
 -91.55179696 -91.53938114 -91.52744863 -91.5160465  -91.50521773
 -91.49500404 -91.48544511 -91.4765782  -91.46843956 -91.46106199
 -91.45447632 -91.4487108  -91.44378947 -91.43973475 -91.4365678
 -91.43430649 -91.43296601 -91.43255911 -91.43309521 -91.43458201
 -91.43702475 -91.44042566 -91.44478658 -91.45010709 -91.45638166
 -91.46360246 -91.47176311 -91.48085402 -91.49086313 -91.50177781
 -91.51358133 -91.52625609 -91.53978442 -91.55414679 -91.56932152
 -91.58528599 -91.60201719 -91.61949087 -91.63767129]","[[], [], [], [], [], [], [], [], [], [], [], [], [], [], [], [], [], [], [], [], [], [], [], [], [], [], [], [], [], [], [], [], [], [], [], [], [], [], [], [], [], [], [], [], [], [], [], [], [], [], [], [], [], [], [], [], [], [], [], [], [], [], [], [], [], [], [], [], [], [], [], [], [], [], [], [], [], [], [], [], [], [], [], [], [], [], [], [], [], [], [], [], [], [], [], [], [], [], [], [], [], [], [], [], [], [], [], [], [], [], [], [], [], [], [], [], [], [], [], [], [], [], [], [], [], [], [], [], [], [], [], [], [], [], [], [], [], [], [], [], [], [], [], [], [], [], [], [], [], [], [], [], [], [], [], [], [], [], [], [], [], [], [], [], [], [], [], [], [], [], [], [], [], [], [], [], [], [], [], [], [], [], [], [], [], [], [], [], [], [], [], [], [], [], [], [], [], [], [], [], [], [], [], [], [], [], [], [], [], [], [], [], [], [], [], [], [], [], [], [], [], [], [], [], [], [], [], [], [], [], [], [], [], [], [], [], [], [], [], [], [], [], [], [], [], [], [], [], [], [], [], [], [], [], [], [], [], [], [], [], [], [], [], [], [], [], [], [], [], [], [], [], [], [], [], [], [], [], [], [], [], [], [], [], [], [], [], [], [], [], [], [], [], [], [], [], [], [], [], [], [], [], [], [], [], [], [], [], [], [], [], [], [], [], [-86.10398066473557], [-86.2302801663325], [-86.31114916807834], [-86.32792659908479], [-86.27558908289896], [-86.16379289395412], [-86.01460165722449], [-85.85726547102418], [-85.72110579176682], [-85.62801536130306], [-85.58624977045237], [-85.58697580634323], [-85.6044783146864], [-85.60021027685856], [-85.5300145345623], [-85.35316085411435], [-85.04142621304695], [-84.58636044088324], [-84.00322419514494], [-83.33071077581134], [-82.62640151099853], [-81.95874189270549], [-81.39700491976627], [-81.00108515606398], [-80.8129652511443], [-80.85132936789083], [-81.11014027655527], [-81.56120298679588], [-82.1599704102147], [-82.85327733510216], [-83.58740998586045], [-84.31499639930846], [-84.99959331089741], [-85.61744247349557], [-86.1565406637762], [-86.61374644738348], [-86.99101621240449], [-87.29193040138792], [-87.51946590299843], [-87.67552164437808], [-87.76215545196558], [-87.7839758763031], [-87.75075784097147], [-87.67929300641244], [-87.59362421237572], [-87.5232036256928], [-87.49912797432803], [-87.5490852576002], [-87.69207532377995], [-87.93412395130412], [-88.2660627286005], [-88.66407729098034], [-89.09306635578642], [-89.51230483509273], [-89.88230994624503], [-90.17145392031189], [-90.3609346436708], [-90.44707265928817], [-90.44034768989408], [-90.36139476899578], [-90.23485499141846], [-90.08246276028011], [-89.91695386066293], [-89.73825863454802], [-89.53294072172784], [-89.27713675786842], [-88.94249858980874], [-88.50389488601186], [-87.94724567618655], [-87.27573643764856], [-86.51294140512853], [-85.70203205664455], [-84.90098283475211], [-84.17456714557642], [-83.58458600632368], [-83.18014132337339], [-82.98980328695848], [-83.0171199106652], [-83.24025786348336], [-83.61579759845722], [-84.08583452213496], [-84.58698455860345], [-85.05958867130667], [-85.45543699990255], [-85.74277742631878], [-85.9079691171362], [-85.95387838993204], [-85.89576177311558], [-85.75583556015584], [-85.55785141528233], [-85.32285326103852], [-85.06688375341918], [-84.80079641839356], [-84.53180649127016], [-84.26595767708052], [-84.01051639249856], [-83.77537486103775], [-83.57285856043607], [-83.41587361613405], [-83.31483955377549], [-83.27424200418427], [-83.28985547498534], [-83.34760946676403], [-83.42472589483552], [-83.4932008161789], [-83.52511043116883], [-83.49870312041729], [-83.40393667700792], [-83.24610618915574], [-83.04653272924298], [-82.8398486673712], [-82.66816220207916], [-82.57306895399452], [-82.58700637047866], [-82.72571115737712], [-82.98339571982068], [-83.33176796356885], [-83.72329974069767], [-84.0982995489109], [-84.39457144430368], [-84.55790175130583], [-84.55142376712402], [-84.3621147212717], [-84.00322757608541], [-83.51225103838148], [-82.94486152294984], [-82.36607419792347], [-81.84029545289295], [-81.42212651241489], [-81.149517728876], [-81.04032954949653], [-81.09261145340668], [-81.28814576451926], [-81.5982007042639], [-81.99007087988896], [-82.43294369090339], [-82.90196706300809], [-83.37991005694059], [-83.85641848707934], [-84.325498704663], [-84.78221956042366], [-85.21975811461755], [-85.62775577946859], [-85.99253543961893], [-86.29917356820283], [-86.53488543085325], [-86.6927891770865], [-86.77494379095705], [-86.79369498526299], [-86.77074125204135], [-86.73389063196386], [-86.71205933360399], [-86.72953686229721], [-86.80080634920853], [-86.92713247461803], [-87.09579391838739], [-87.28228096796795], [-87.45508765764998], [-87.58214416752435], [-87.63751026119792], [-87.6068421981198], [-87.49040261702478], [-87.30283975342755], [-87.06973144320168], [-86.82157836114298], [-86.58654180347759], [-86.38353689618734], [-86.21726700159607], [-86.07640823965167], [-85.93548110009903], [-85.76016731178545], [-85.51507105425561], [-85.1723541751875], [-84.71944918799888], [-84.1641953227498], [-83.53625235271362], [-82.88437201660278], [-82.26994851458852], [-81.75801867906878], [-81.40738902039209], [-81.26171457722084], [-81.34314184490756], [-81.64959150865762], [-82.15600790903774], [-82.8191232718617], [-83.58463971808986], [-84.39532431271591], [-85.1984560003788], [-85.95133887695374], [-86.62412615099498], [-87.19983710560125], [-87.67209655601509], [-88.04156915774965], [-88.31224341770341], [-88.48864029393197], [-88.57462611970956], [-88.57399932399099], [-88.4924749855915], [-88.34025694088581], [-88.13417586622992], [-87.89845604715383], [-87.6635156124828], [-87.46269670501367], [-87.3274026632631], [-87.28160291093985], [-87.33692797681977], [-87.48955050432528], [-87.71973375013056], [-87.99439230669213], [-88.2723275585668], [-88.51120201946819], [-88.67488130544322], [-88.7396082451815], [-88.69770675415668], [-88.55797417793566], [-88.34264197003262], [-88.08152706916859], [-87.80461805431808], [-87.53473137721792], [-87.28187317171145], [-87.04061469126641], [-86.79117152594293], [-86.50405525626358], [-86.14741145302453], [-85.69553329705286], [-85.13676163185973], [-84.47906285548503], [-83.75202263278311], [-83.00471567246997], [-82.29974206032466], [-81.70448948896201], [-81.28124569544399], [-81.07798263435537], [-81.12148035709404], [-81.41397394948561], [-81.93375626567023], [-82.6394105282018], [-83.47667145692361, -84.38644227486853], [-85.31240562558985], [-86.20689242128715], [-87.03416304899353], [-87.77088763066374], [-88.40427684257735], [-88.92878617366901], [-89.34251829230973], [-89.6444406743061], [-89.83316454395661], [-89.90751883352387], [-89.86860613263316], [-89.72256768461419], [-89.48305917156534], [-89.17244508229989], [-88.82101811664937], [-88.46407584423983], [-88.13723894484401], [-87.87088972889684], [-87.68493588596117], [-87.5851222958353], [-87.56184489741338], [-87.59191649452492], [-87.64306935428921], [-87.6803639436462], [-87.67321612445556], [-87.60153461384162], [-87.45963101863974], [-87.25701022442475], [-87.01579592714072], [-86.76531442282264], [-86.53499838236134], [-86.34716025364277], [-86.21126691805466], [-86.12106368704782], [-86.05529165471006], [-85.98197361195734], [-85.86545953860198], [-85.67479968320755], [-85.39168745663096], [-85.01625610230799], [-84.5694267320645], [-84.09120244929387], [-83.63512305448482], [-83.25988846169308], [-83.01973815948489], [-82.95541465729465], [-83.08741968730584], [-83.41279072055646], [-83.90590597382432], [-84.52303006083561], [-85.20958925228834], [-85.90868584130995], [-86.56920960198327], [-87.15209651876104], [-87.63376371004394], [-88.00641876729279], [-88.27561707981556], [-88.4559836019068], [-88.56630174424173], [-88.6251921022798], [-88.64830140344891], [-88.64742118539162], [-88.63140191176285], [-88.60823053488751], [-88.5873356225253], [-88.58114202054026], [-88.60512727916455], [-88.67608143889247], [-88.80880944839016], [-89.01200556494427], [-89.28436986212155], [-89.61209484518562], [-89.96861214859238], [-90.3170426485475], [-90.61515816261999], [-90.82204907717744], [-90.90522967425153], [-90.84670416192654], [-90.64663806518253], [-90.32371907832056], [-89.91196770430204], [-89.4544909627539], [-88.99534633300371], [-88.57114676754829], [-88.2041395158927], [-87.8982236276367], [-87.63879369642646], [-87.3965268753105], [-87.13440007577233], [-86.8165360634785], [-86.41708768351934], [-85.92733963863266], [-85.35954567160735], [-84.74669062957038], [-84.13820061636613], [-83.5924093166639], [-83.16725307483912], [-82.91098708955634], [-82.85466232015479], [-83.00771876137945], [-83.35735500340016], [-83.87158656163918], [-84.50517215924246], [-85.20706580759665], [-85.9278424029632], [-86.6256935386945], [-87.27000837427806], [-87.84217692685695], [-88.33389355942043], [-88.74379507585533], [-89.07357318646967], [-89.32470320947144], [-89.49666786185438], [-89.5870791792259], [-89.59353070732492], [-89.51651053542709], [-89.36239106977246], [-89.14544903833543], [-88.88810123075585], [-88.61898816688363], [-88.36909930672586], [-88.16668041466022], [-88.03202888283948], [-87.97341157686924], [-87.98516054827006], [-88.04853745336538], [-88.13536768590792], [-88.21378140288769], [-88.25488134350981], [-88.23889810376096], [-88.15943602344763], [-88.02478433596366], [-87.85589354779503], [-87.68134901136534], [-87.5303691573607], [-87.42533090719114], [-87.37547860024152], [-87.37329730609585], [-87.39449266411592], [-87.40176301899076], [-87.35174460574129], [-87.20381599319607], [-86.92901481325582], [-86.51724182105033], [-85.98124556788964], [-85.3565048166931], [-84.69693910022406], [-84.06720998951481], [-83.53303888959951], [-83.15134273640533], [-82.96199149534998], [-82.98262177814792], [-83.20729494064334], [-83.60901599174281], [-84.14537240827981], [-84.76599465585696], [-85.4202818679437], [-86.06391779061798], [-86.66309984756425], [-87.19600048191316], [-87.65163232276504], [-88.02686878450754], [-88.32272583196786], [-88.54105391800695], [-88.68257059098258], [-88.74671233689573], [-88.7332175240197], [-88.64484250382904], [-88.4902521648977], [-88.28604086761686], [-88.0570277372062], [-87.83438662662424], [-87.65174088203962], [-87.5398994096528], [-87.52132273671725], [-87.60557450997362], [-87.78687136397664], [-88.04443433924573], [-88.34574369722331], [-88.65214651403001], [-88.92570857032098], [-89.13588818108909], [-89.264597953464], [-89.30853711890977], [-89.27826342769903], [-89.19418719025353], [-89.08037186582523], [-88.95754035505307], [-88.8368995178802], [-88.71626577674535], [-88.57948475475791], [-88.39944249570881], [-88.14416599730993], [-87.7848045886291], [-87.30383207431497], [-86.70169268397106], [-86.00038912864497], [-85.24309957028515], [-84.48971335669941], [-83.80900087999157], [-83.26880742262178], [-82.92607346910819], [-82.81852102241744], [-82.95948135680621], [-83.33671270118798], [-83.91527452803643], [-84.64373645831999], [-85.46239239651133], [-86.31186323617477], [-87.14049814147381], [-87.90936435152385], [-88.59422020335305], [-89.18453742903763], [-89.68027784221381], [-90.08753464119128], [-90.41426975629268], [-90.66720913669927], [-90.85053996363685], [-90.96649465861849], [-91.01736723920722], [-91.00811519051301], [-90.9485308834408], [-90.8540955713553], [-90.74499764090125], [-90.64331067887922], [-90.5688669450481], [-90.53478733704831], [-90.5438130659836], [-90.58648856337366], [-90.64188184021235], [-90.680954463043], [-90.67206487589633], [-90.58753980393402], [-90.40991875863914], [-90.13645378107414], [-89.78075002193573], [-89.37100703867048], [-88.945046089224], [-88.54302694834433], [-88.19930703908918], [-87.9351503396077], [-87.75388002603792], [-87.63961503690372], [-87.56001145956519], [-87.47259532773255], [-87.33352242089394], [-87.10706812940188], [-86.77395279300183], [-86.33682418320798], [-85.82176494789526], [-85.27546681878479], [-84.75858504975334], [-84.33651737232762], [-84.06933373028598], [-84.0027132376313], [-84.16148154631807], [-84.54678409088059], [-85.13717701083637], [-85.89312887322949], [-86.7638210988799], [-87.69476801562979], [-88.63474160953272], [-89.54079793108387], [-90.38074171355662], [-91.13301189678427], [-91.78455880651379], [-92.32769885386487], [-92.75708259230538], [-93.06774583930634], [-93.25482099329972], [-93.31494928700882], [-93.24890076659649], [-93.0645126684082], [-92.77890010304944], [-92.41901788596802], [-92.02003151064636], [-91.62150094971983], [-91.26195485724612], [-90.97289679529256], [-90.77352699020332], [-90.66739859273814], [-90.64187046281003], [-90.67064612449252], [-90.71901353233298], [-90.75078546170003], [-90.73553071231147], [-90.6545951776092], [-90.50458998349617], [-90.29757694036229], [-90.05790605813353], [-89.81636120447256], [-89.60288465832625], [-89.43948671771575], [-89.33493513266325], [-89.28244919072397], [-89.26097558336703], [-89.23984625516937], [-89.18587576444749], [-89.07139116638747], [-88.88146296325276], [-88.61875686527705], [-88.30488791972336], [-87.97789425867627], [-87.68626780823091], [-87.48069584247624], [-87.40513659314298], [-87.48899203409646], [-87.74190419085994], [-88.15215111325888], [-88.68887045794904], [-89.30754335435584], [-89.95757162652103], [-90.59039293438515], [-91.16654013525755], [-91.66036530048834], [-92.0617258564631], [-92.3746038547125], [-92.61328381606128], [-92.79719194880839], [-92.94569877010265], [-93.07407117492424], [-93.1913754578241], [-93.30058103758554], [-93.4005284239067], [-93.4889674317393], [-93.56560225242985], [-93.63413981692497], [-93.70262501769636], [-93.78184247912061], [-93.88213409158386], [-94.00944760376142], [-94.16172036950813], [-94.32670636341108], [-94.48206021076089], [-94.59799367518754], [-94.64218447368869], [-94.58603578348064], [-94.41098834640357], [-94.1134421260216], [-93.70708005730135], [-93.22187353722178], [-92.69972599795534], [-92.18746416198847], [-91.7284928940404], [-91.3547861532209], [-91.08087090085802], [-90.90111143201351], [-90.79095939450079], [-90.71202386317297], [-90.62001673885598], [-90.47403031829532], [-90.2453043609211], [-89.92372699231903], [-89.52076982117957], [-89.06826970422416], [-88.61330834841868], [-88.21023190949374], [-87.91138257601531], [-87.75834747682522], [-87.77537719272708], [-87.9661226607929], [-88.31413530043403], [-88.78680372145027], [-89.34171241484609, -89.934000072104], [-90.52318356298578], [-91.07814126485083], [-91.57947573423435], [-92.01910420432311], [-92.39756346388089], [-92.72001239277779], [-92.9921217208002], [-93.21697089520904], [-93.39372457254291], [-93.5183231987817], [-93.5858616494857], [-93.59386140992571], [-93.54537361114345], [-93.45088700431009], [-93.32830875880369], [-93.200777057384], [-93.09265330253591], [-93.0245396368896], [-93.00849192687818], [-93.04464127230727], [-93.12016682432285], [-93.21106421133972], [-93.28652095477008], [-93.31507826829025], [-93.27129802277032], [-93.1414721809032], [-92.92704735958856], [-92.64489710038112], [-92.32424282915972], [-92.00075378341151], [-91.70901287201681], [-91.47494383209235], [-91.3098507077518], [-91.20742167689849], [-91.1444727030344], [-91.08540863146241], [-90.98958283608579], [-90.8201192536668], [-90.55240038080517], [-90.18046779023962], [-89.71998913921925], [-89.20712901998871], [-88.69348558262999], [-88.23804727581127], [-87.8978482646949], [], [], [], [], [], [], [], [], [], [], [], [], [], [], [], [], [], [], [], [], [], [], [], [], [], [], [], [], [], [], [], [], [], [], [], [], [], [], [], [], [], [], [], [], [], [], [], [], [], [], [], []]","[[], [], [], [], [], [], [], [], [], [], [], [], [], [], [], [], [], [], [], [], [], [], [], [], [], [], [], [], [], [], [], [], [], [], [], [], [], [], [], [], [], [], [], [], [], [], [], [], [], [], [], [], [], [], [], [], [], [], [], [], [], [], [], [], [], [], [], [], [], [], [], [], [], [], [], [], [], [], [], [], [], [], [], [], [], [], [], [], [], [], [], [], [], [], [], [], [], [], [], [], [], [], [], [], [], [], [], [], [], [], [], [], [], [], [], [], [], [], [], [], [], [], [], [], [], [], [], [], [], [], [], [], [], [], [], [], [], [], [], [], [], [], [], [], [], [], [], [], [], [], [], [], [], [], [], [], [], [], [], [], [], [], [], [], [], [], [], [], [], [], [], [], [], [], [], [], [], [], [], [], [], [], [], [], [], [], [], [], [], [], [], [], [], [], [], [], [], [], [], [], [], [], [], [], [], [], [], [], [], [], [], [], [], [], [], [], [], [], [], [], [], [], [], [], [], [], [], [], [], [], [], [], [], [], [], [], [], [], [], [], [], [], [], [], [], [], [], [], [], [], [], [], [], [], [], [], [], [], [], [], [], [], [], [], [], [], [], [], [], [], [], [], [], [], [], [], [], [], [], [], [], [], [], [], [], [], [], [], [], [], [], [], [], [], [], [], [], [], [], [], [], [], [], [], [], [], [], [], [], [], [], [], [], [], [-84.64175421137537], [-84.66340832590899], [-84.68749210492177], [-84.71402756521316], [-84.74302848067614], [-84.77450007910518], [-84.80843876824201], [-84.8448302864649], [-84.8836531856467], [-84.92487716806107], [-84.9684612566989], [-85.01435769667823], [-85.06250431807786], [-85.11282942454663], [-85.16525345448169], [-85.21968582111151], [-85.27602813715663], [-85.33417151021195], [-85.39399835649473], [-85.45538187894378], [-85.51818638297304], [-85.5822677362168], [-85.64747372558904], [-85.71364469636991], [-85.78061337340274], [-85.8482056683909], [-85.91624141181924], [-85.98453531792401], [-86.0528961387265], [-86.12112810201606], [-86.18903178170204], [-86.25640434590942], [-86.32304081526506], [-86.38873436786267], [-86.45327702767611], [-86.51645986650391], [-86.57807553946962], [-86.63791756159485], [-86.6957813068563], [-86.75146492880677], [-86.80477014212987], [-86.85550640351231], [-86.90348182950893], [-86.94850878205145], [-86.99041512326365], [-87.02903196448275], [-87.06419836535144], [-87.09576212933074], [-87.12358046280417], [-87.14752278223025], [-87.16746497387787], [-87.18330074883842], [-87.19492605681626], [-87.20224429741526], [-87.20518745553866], [-87.20370489273314], [-87.19774079939748], [-87.18725893396174], [-87.17224086421606], [-87.152680304243], [-87.12858509049849], [-87.09998001952016], [-87.06690067100634], [-87.02939614942325], [-86.9875315212492], [-86.94138223622313], [-86.89104338938571], [-86.83662203603087], [-86.77823894385774], [-86.71603055123931], [-86.6501398975299], [-86.58072601623898], [-86.5079575878499], [-86.43201291790906], [-86.35308357540949], [-86.27136875401516], [-86.1870794650608], [-86.10043892628606], [-86.01166925506703], [-85.92100278038686], [-85.82867849907994], [-85.73493827664826], [-85.6400331997924], [-85.54421548385292], [-85.4477400314719], [-85.35086354684226], [-85.25384364462332], [-85.15693598053318], [-85.06039923242393], [-84.96449136244296], [-84.8694618398992], [-84.77555954114595], [-84.68302908816783], [-84.59211144126488], [-84.50303780080526], [-84.41603156227559], [-84.33131624227875], [-84.24910570715016], [-84.16959871009375], [-84.09298596218058], [-84.0194514688516], [-83.94916889484102], [-83.88229762070597], [-83.81898578483013], [-83.75937100537143], [-83.70357886890409], [-83.65172091088496], [-83.6038961743623], [-83.56019070658908], [-83.5206788708611], [-83.48541771194023], [-83.45445044255771], [-83.42781200777904], [-83.40552287953103], [-83.38758729057538], [-83.37399754250723], [-83.36473324190182], [-83.35976135623139], [-83.35903651907827], [-83.36250137949116], [-83.37008699342199], [-83.38171276640234], [-83.3972881012606], [-83.41671305540926], [-83.43987629677044], [-83.46665735419054], [-83.49692867231016], [-83.53055404197056], [-83.56739021520794], [-83.60728678774336], [-83.65008810999043], [-83.69563488918925], [-83.74375999410614], [-83.79429089715134], [-83.84705761653363], [-83.90188648332149], [-83.95859920619881], [-84.01701972867663], [-84.07696741825507], [-84.13826249980144], [-84.20072901062974], [-84.26419203978764], [-84.32847647655227], [-84.39341042237362], [-84.45882646488275], [-84.52455988843201], [-84.59045084554852], [-84.65634380850535], [-84.72208868349443], [-84.78754050192882], [-84.8525607797867], [-84.91701840921299], [-84.98078557488402], [-85.04374211968054], [-85.10577656380778], [-85.16678273564878], [-85.22666380008044], [-85.28532950080194], [-85.34269756371849], [-85.39869403277451], [-85.45324694158], [-85.50629803806024], [-85.55779479293257], [-85.60769206619246], [-85.65595137967625], [-85.70254171601096], [-85.74743894155559], [-85.79062450161084], [-85.83208849210686], [-85.87182737821401], [-85.90984149608997], [-85.94613723436693], [-85.98072741637515], [-86.01363092856612], [-86.04486875509876], [-86.07446658786549], [-86.10245560384075], [-86.1288710272818], [-86.15374998634255], [-86.17713289894662], [-86.19906335278688], [-86.21958668439206], [-86.23875097795501], [-86.25660674384436], [-86.27320368450464], [-86.28859254034245], [-86.302826264717], [-86.31595851070449], [-86.32804165986089], [-86.33912925623164], [-86.34927240717492], [-86.35852113900721], [-86.36692779217401], [-86.37454163359159], [-86.38141167113791], [-86.38758583656046], [-86.39310905386272], [-86.39802405368704], [-86.40237438244658], [-86.40620215272968], [-86.40954393404198], [-86.41243543153503], [-86.41491245673969], [-86.41700839236235], [-86.418753304553], [-86.4201756910681], [-86.42130298531715], [-86.42215913252241], [-86.42276885164105], [-86.42315503045093], [-86.42333683041603], [-86.42333457182359], [-86.42316411086306], [-86.4228415105868], [-86.42238180280121], [-86.42179853713583], [-86.42110578920034], [-86.42031492812595], [-86.4194383698125], [-86.41848959464268], [-86.41747892036744], [-86.41641807111984], [-86.41531744850722], [-86.41418842966822], [-86.41304222214418], [-86.41189014354444], [-86.41074463892419], [-86.40961846566269], [-86.40852493326042], [-86.40747899048554], [-86.40649439754608], [-86.40558636334191], [-86.40477151436079], [-86.40406505059536], [-86.40348708100225], [-86.40305925534841], [-86.40279912013582], [-86.40272653872373, -86.40286387292204], [-86.40323373319777], [-86.40385919633539], [-86.40476618862552], [-86.40597728690392], [-86.40751335461826], [-86.40940360375774], [-86.41167514932894], [-86.41435232853519], [-86.41746023426963], [-86.42102570828169], [-86.42507645278711], [-86.42963531574678], [-86.43472488933057], [-86.44037221865554], [-86.44660190468939], [-86.45343518943272], [-86.46089371867565], [-86.46899752608012], [-86.4777653057297], [-86.48721460133561], [-86.49735991098338], [-86.50821646241539], [-86.51979814490024], [-86.53211286428724], [-86.54516830375387], [-86.55896949436378], [-86.57351810796465], [-86.58881758341661], [-86.60486772857793], [-86.6216618011541], [-86.63919165543457], [-86.6574485979049], [-86.67642033823505], [-86.69609134530404], [-86.71644338864463], [-86.737455975299], [-86.75910590403838], [-86.7813666044942], [-86.80420897959779], [-86.82760169334999], [-86.85151038403855], [-86.87589916554032], [-86.90072973343695], [-86.9259604552782], [-86.95154837363162], [-86.97744817904801], [-87.00361247339644], [-87.02999276637732], [-87.0565385661869], [-87.08319834332362], [-87.1099195602672], [-87.13664775173802], [-87.16332711230392], [-87.1899030430451], [-87.21632026742355], [-87.24252137820248], [-87.26844839426717], [-87.29404709988535], [-87.31926230294484], [-87.34403694099429], [-87.36831572927949], [-87.39204508727444], [-87.4151723454133], [-87.43764526348144], [-87.45941313630621], [-87.48042812220504], [-87.50064378533763], [-87.52001463074275], [-87.53849821515651], [-87.55605298829785], [-87.57263905577247], [-87.58822234730002], [-87.60277006980206], [-87.61625153077034], [-87.62863922780083], [-87.63990779684661], [-87.65003497801723], [-87.65900316922054], [-87.66679842015466], [-87.6734063078034], [-87.67881571238989], [-87.68302259659835], [-87.68602544410402], [-87.6878231018841], [-87.68841792558385], [-87.68781776966516], [-87.6860328236325], [-87.68307541664814], [-87.6789617155753], [-87.67371002304142], [-87.667340458132], [-87.65987882454537], [-87.65135424036957], [-87.6417942599757], [-87.63123079538114], [-87.61969842831198], [-87.60723355552574], [-87.59387527464665], [-87.57966244482297], [-87.56463955392206], [-87.54885251174828], [-87.53234633955363], [-87.51516684349546], [-87.49736327883117], [-87.47898549789261], [-87.46008387583728], [-87.44070880731559], [-87.42091367496003], [-87.40075202452299], [-87.38027560997786], [-87.35953727743973], [-87.33859108550583], [-87.31749040016872], [-87.29628853567873], [-87.2750387673215], [-87.25379309397893], [-87.23260345639675], [-87.21152094883067], [-87.19059575632706], [-87.16987775945393], [-87.1494151570461], [-87.12925656729003], [-87.10944930178067], [-87.09003752297623], [-87.0710656586268], [-87.05257475410683], [-87.0346049696865], [-87.01719715109174], [-87.00038967019621], [-86.98421821427965], [-86.96871726209989], [-86.9539201070121], [-86.93985867126098], [-86.92656099075765], [-86.91405273393431], [-86.90236154101315], [-86.89151242366893], [-86.88152620047616], [-86.87242230488634], [-86.86421971795262], [-86.85693551094822], [-86.8505838393014], [-86.84517760251258], [-86.84072773704024], [-86.83724332905153], [-86.83473191762131], [-86.83319888730412], [-86.83264859003401], [-86.83308385497149], [-86.83450467077357], [-86.83690925376439], [-86.84029553727734], [-86.8446594043119], [-86.84999514150445], [-86.85629559792237], [-86.86355211285074], [-86.87175484788645], [-86.88089157495992], [-86.8909481557073], [-86.90191144889961], [-86.91376733925097], [-86.9264978007601], [-86.94008444595964], [-86.95450858482324], [-86.96974981398698], [-86.98578718034904], [-87.0025981148424], [-87.02016005432357], [-87.03844942971594], [-87.05744076978627], [-87.07710855843737], [-87.09742584275087], [-87.11836505974944], [-87.13989868233807], [-87.16199812673281], [-87.18463437929402], [-87.20777787157006], [-87.23139837050267], [-87.25546512551712], [-87.27994804890339], [-87.30481633648364], [-87.33003848066105], [-87.35558317891274], [-87.38141872887833], [-87.40751366631292], [-87.43383615734191], [-87.46035433416088], [-87.48703723524312], [-87.51385295922671], [-87.54077127919562], [-87.5677620678205], [-87.59479526174604], [-87.62184172222113], [-87.64887214643032], [-87.67585818328357], [-87.7027721372392], [-87.72958767482221], [-87.75627813656598], [-87.78281681809068], [-87.8091808673918], [-87.83534911500453], [-87.86129773619456], [-87.88700470974254], [-87.91245155130295], [-87.9376201858827], [-87.9624932669759], [-87.98705622949379], [-88.01129411808479], [-88.03519389282799], [-88.05874431106099], [-88.08193481878138], [-88.10475897384235], [-88.12721122642812], [-88.14928627287686], [-88.1709811642708], [-88.19229528265852], [-88.21322924101878], [-88.23378605709405], [-88.25397086900286], [-88.27378899857104], [-88.29324823880343], [-88.3123588762025], [-88.33113256767992], [-88.34958291039794], [-88.3677255621327], [-88.38557689672675], [-88.4031551408521], [-88.42048127822277], [-88.43757728328163], [-88.45446669583353], [-88.47117456360662], [-88.48772737903933], [-88.50415301038217], [-88.5204806272191], [-88.53674062054405], [-88.55296451754528], [-88.56918489127905], [-88.58543530213406], [-88.60175026549163], [-88.61816478404208], [-88.6347148312631], [-88.6514363061156], [-88.66836507779277], [-88.68553906354623], [-88.70299627281562], [-88.72077319714307], [-88.73890716888423], [-88.75743464460012], [-88.77639112419673], [-88.79581388960449], [-88.81573868603627], [-88.83620008936359], [-88.85723227196746], [-88.87886762686124], [-88.90113797751233], [-88.9240731644448], [-88.94770101868761], [-88.97205140957671], [-88.99715151145982], [-89.02302389507815], [-89.04969047701802], [-89.07717256678325], [-89.1054890576738], [-89.13465487467808], [-89.16468326352846], [-89.19558682083873], [-89.22737472130403], [-89.26005364562774], [-89.29362771451541], [-89.3280984300792], [-89.36346462494197], [-89.39972241931419], [-89.43686518628253], [-89.47488352553172], [-89.51376524568896], [-89.55349496716094], [-89.59405473132414], [-89.63542475966817], [-89.67758194743007], [-89.72049969695074], [-89.76414889367817], [-89.80849779406181], [-89.85351289391897], [-89.89915940945812], [-89.94539891544159], [-89.99218442392502], [-90.03947212383123], [-90.08722082312556], [-90.13538230422975], [-90.1839046317383], [-90.2327351873543], [-90.28182129044858], [-90.33110817998848], [-90.38053835093115], [-90.43005335410047], [-90.47959420742652], [-90.52910016588919], [-90.578511300876], [-90.62776752577379], [-90.67680465289469], [-90.72555904336166], [-90.77396936039243], [-90.82197352017695], [-90.86950781668901], [-90.91650998898591], [-90.96291967090833], [-91.0086768890184], [-91.05372014259079], [-91.09798820017566], [-91.14142679770906], [-91.18398120030746], [-91.22559463363385], [-91.2662131604832], [-91.30578754038046], [-91.34426932046001], [-91.38161135895528], [-91.41776935083263], [-91.45270208302773], [-91.48637054858501], [-91.51873809498073], [-91.54977116785736], [-91.57943969513305], [-91.60771728696155], [-91.63457823733889], [-91.66000146627366], [-91.68396795655806], [-91.7064627143392], [-91.72747575044968], [-91.74699921149892], [-91.76502909634709], [-91.78156477279349], [-91.79660805951049], [-91.8101649854874], [-91.82224381026637], [-91.83285684586309], [-91.84202073242466], [-91.84975423805689], [-91.85608221345548], [-91.86103025067544], [-91.86462416381973], [-91.86689571118289], [-91.86788122237785], [-91.86761937638212], [-91.86614845735801], [-91.8635102694219], [-91.8597511047106], [-91.85491890681712], [-91.84906245333829], [-91.84223331844116], [-91.83448464272942], [-91.82587130173596], [-91.81645007763869], [-91.80627850243442], [-91.79541620783476], [-91.78392465666911], [-91.77186309281292], [-91.75929267468076], [-91.74627627053964], [-91.7328761589847], [-91.71915569330618], [-91.70517830257597], [-91.69100543927873], [-91.67669939642616], [-91.66232069255926, -91.6479292746243], [-91.6335873536115], [-91.61935442611697], [-91.6052880381683], [-91.59144529947976], [-91.57788035305163], [-91.56464672598271], [-91.55179696122175], [-91.53938114175625], [-91.52744862811936], [-91.51604650171548], [-91.5052177256395], [-91.49500404068475], [-91.48544510668847], [-91.47657819999732], [-91.4684395583464], [-91.4610619902951], [-91.45447632372932], [-91.44871079694987], [-91.44378946771222], [-91.43973475119078], [-91.43656779531182], [-91.43430649143151], [-91.43296601361263], [-91.43255910840948], [-91.43309520631853], [-91.43458201256917], [-91.43702474797723], [-91.44042566408716], [-91.44478658409551], [-91.4501070894237], [-91.456381657788], [-91.46360246097645], [-91.47176310888239], [-91.48085401901714], [-91.49086312671442], [-91.50177780562814], [-91.51358133233656], [-91.52625609201212], [-91.53978442173566], [-91.55414679130077], [-91.56932151707657], [-91.58528598952319], [-91.6020171944632], [-91.61949087075907], [-91.63767129418956], [], [], [], [], [], [], [], [], [], [], [], [], [], [], [], [], [], [], [], [], [], [], [], [], [], [], [], [], [], [], [], [], [], [], [], [], [], [], [], [], [], [], [], [], [], [], [], [], [], [], [], []]",0.15268903856754185,0.15197441761244018
brw,71.32,"[2005.24922184 2005.26839992 2005.28757801 2005.30675609 2005.32593417
 2005.34511225 2005.36429034 2005.38346842 2005.4026465  2005.42182458
 2005.44100266 2005.46018075 2005.47935883 2005.49853691 2005.51771499
 2005.53689307 2005.55607116 2005.57524924 2005.59442732 2005.6136054
 2005.63278349 2005.65196157 2005.67113965 2005.69031773 2005.70949581
 2005.7286739  2005.74785198 2005.76703006 2005.78620814 2005.80538623
 2005.82456431 2005.84374239 2005.86292047 2005.88209855 2005.90127664
 2005.92045472 2005.9396328  2005.95881088 2005.97798897 2005.99716705
 2006.01634513 2006.03552321 2006.05470129 2006.07387938 2006.09305746
 2006.11223554 2006.13141362 2006.15059171 2006.16976979 2006.18894787
 2006.20812595 2006.22730403 2006.24648212 2006.2656602  2006.28483828
 2006.30401636 2006.32319444 2006.34237253 2006.36155061 2006.38072869
 2006.39990677 2006.41908486 2006.43826294 2006.45744102 2006.4766191
 2006.49579718 2006.51497527 2006.53415335 2006.55333143 2006.57250951
 2006.5916876  2006.61086568 2006.63004376 2006.64922184 2006.66839992
 2006.68757801 2006.70675609 2006.72593417 2006.74511225 2006.76429034
 2006.78346842 2006.8026465  2006.82182458 2006.84100266 2006.86018075
 2006.87935883 2006.89853691 2006.91771499 2006.93689307 2006.95607116
 2006.97524924 2006.99442732 2007.0136054  2007.03278349 2007.05196157
 2007.07113965 2007.09031773 2007.10949581 2007.1286739  2007.14785198
 2007.16703006 2007.18620814 2007.20538623 2007.22456431 2007.24374239
 2007.26292047 2007.28209855 2007.30127664 2007.32045472 2007.3396328
 2007.35881088 2007.37798897 2007.39716705 2007.41634513 2007.43552321
 2007.45470129 2007.47387938 2007.49305746 2007.51223554 2007.53141362
 2007.55059171 2007.56976979 2007.58894787 2007.60812595 2007.62730403
 2007.64648212 2007.6656602  2007.68483828 2007.70401636 2007.72319444
 2007.74237253 2007.76155061 2007.78072869 2007.79990677 2007.81908486
 2007.83826294 2007.85744102 2007.8766191  2007.89579718 2007.91497527
 2007.93415335 2007.95333143 2007.97250951 2007.9916876  2008.01086568
 2008.03004376 2008.04922184 2008.06839992 2008.08757801 2008.10675609
 2008.12593417 2008.14511225 2008.16429034 2008.18346842 2008.2026465
 2008.22182458 2008.24100266 2008.26018075 2008.27935883 2008.29853691
 2008.31771499 2008.33689307 2008.35607116 2008.37524924 2008.39442732
 2008.4136054  2008.43278349 2008.45196157 2008.47113965 2008.49031773
 2008.50949581 2008.5286739  2008.54785198 2008.56703006 2008.58620814
 2008.60538623 2008.62456431 2008.64374239 2008.66292047 2008.68209855
 2008.70127664 2008.72045472 2008.7396328  2008.75881088 2008.77798897
 2008.79716705 2008.81634513 2008.83552321 2008.85470129 2008.87387938
 2008.89305746 2008.91223554 2008.93141362 2008.95059171 2008.96976979
 2008.98894787 2009.00812595 2009.02730403 2009.04648212 2009.0656602
 2009.08483828 2009.10401636 2009.12319444 2009.14237253 2009.16155061
 2009.18072869 2009.19990677 2009.21908486 2009.23826294 2009.25744102
 2009.2766191  2009.29579718 2009.31497527 2009.33415335 2009.35333143
 2009.37250951 2009.3916876  2009.41086568 2009.43004376 2009.44922184
 2009.46839992 2009.48757801 2009.50675609 2009.52593417 2009.54511225
 2009.56429034 2009.58346842 2009.6026465  2009.62182458 2009.64100266
 2009.66018075 2009.67935883 2009.69853691 2009.71771499 2009.73689307
 2009.75607116 2009.77524924 2009.79442732 2009.8136054  2009.83278349
 2009.85196157 2009.87113965 2009.89031773 2009.90949581 2009.9286739
 2009.94785198 2009.96703006 2009.98620814 2010.00538623 2010.02456431
 2010.04374239 2010.06292047 2010.08209855 2010.10127664 2010.12045472
 2010.1396328  2010.15881088 2010.17798897 2010.1939745 ]","[-86.25968288 -85.97198636 -85.75419491 -85.58675998 -85.44168659
 -85.28994555 -85.10920208 -84.89017802 -84.64032257 -84.3840436
 -84.15925874 -84.01112268 -83.98399306 -84.11327764 -84.41868981
 -84.9001362  -85.53697071 -86.29059886 -87.10979795 -87.93766212
 -88.71880453 -89.40555351 -89.96219793 -90.36680821 -90.61076061
 -90.6965157  -90.63450321 -90.44005437 -90.13111463 -89.72713009
 -89.24907342 -88.72013383 -88.16644073 -87.61708863 -87.10292453
 -86.65393656 -86.29550126 -86.04419806 -85.90410734 -85.86463569
 -85.90059818 -85.97495606 -86.04402972 -86.06432121 -85.99989381
 -85.82876524 -85.54707387 -85.17004518 -84.72942657 -84.26777207
 -83.83058761 -83.457834   -83.17644389 -82.99534824 -82.90402428
 -82.87488514 -82.86906239 -82.8444541  -82.76445389 -82.60564649
 -82.36297031 -82.05136391 -81.70361741 -81.36490482 -81.08510081
 -80.91037736 -80.87568422 -80.99941072 -81.28109615 -81.70237708
 -82.23070764 -82.82492293 -83.4413868  -84.03953583 -84.58587223
 -85.05588705 -85.4340386  -85.71215317 -85.88715195 -85.95885821
 -85.92877069 -85.7998696  -85.57764914 -85.27174884 -84.89751603
 -84.47670394 -84.03671955 -83.60815497 -83.22087303 -82.89929392
 -82.65785626 -82.49774718 -82.40579031 -82.35599485 -82.31371353
 -82.24177129 -82.10744618 -81.88892286 -81.57986753 -81.19109991
 -80.74890164 -80.2901881  -79.85543542 -79.48075241 -79.19070391
 -78.99338041 -78.87877305 -78.82085557 -78.78301803 -78.72580622
 -78.6154388  -78.43140371 -78.1716112  -77.85406709 -77.51472185
 -77.20190591 -76.96842105 -76.86278906 -76.92127883 -77.16212578
 -77.58287783 -78.16115968 -78.85848282 -79.62618236 -80.41224188
 -81.16772785 -81.8517853  -82.43457644 -82.8980626  -83.23501046
 -83.44693686 -83.5418222  -83.53230663 -83.43478142 -83.26938794
 -83.06055262 -82.83742473 -82.63351891 -82.48502223 -82.42757007
 -82.49174519 -82.6979938  -83.05196583 -83.54138112 -84.13535712
 -84.78672517 -85.43729001 -86.02536273 -86.4943891  -86.80116529
 -86.92213267 -86.85654421 -86.62586849 -86.269445   -85.83725823
 -85.38113535 -84.94604719 -84.56317353 -84.24600307 -83.99013071
 -83.7766615  -83.57841781 -83.36758645 -83.1231887  -82.83683883
 -82.51561742 -82.1816427  -81.86835442 -81.61451729 -81.45713627
 -81.4248158  -81.53277943 -81.78052328 -82.15236312 -82.62060193
 -83.15043704 -83.70548403 -84.25282989 -84.76650372 -85.22901876
 -85.63088534 -85.96860701 -86.2419624  -86.451485   -86.59691791
 -86.67708304 -86.69115908 -86.64092763 -86.53319867 -86.38156475
 -86.20669804 -86.03478133 -85.89411882 -85.81047918 -85.80208499
 -85.87539125 -86.02269658 -86.2222831  -86.44134829 -86.6412464
 -86.78416343 -86.83989293 -86.79134706 -86.63761289 -86.39387777
 -86.08813242 -85.75534783 -85.43025953 -85.14026488 -84.89995358
 -84.70843005 -84.5500537  -84.39846666 -84.22310291 -83.99684648
 -83.70323549 -83.34169795 -82.92970117 -82.5013214  -82.10245987
 -81.78365957 -81.59183519 -81.56253985 -81.71417848 -82.04517324
 -82.53447186 -83.1451224  -83.83006236 -84.53890255 -85.22439431
 -85.84746198 -86.38009442 -86.80592279 -87.11883422 -87.32036308
 -87.41677965 -87.41672949 -87.32999581 -87.16754158 -86.94255217
 -86.67185593 -86.37694207 -86.08386417 -85.82160065 -85.61887088
 -85.49987044 -85.47977098 -85.5610264  -85.7314754  -85.96492831
 -86.22443024 -86.46781001 -86.6545865  -86.75293775 -86.74533774
 -86.63166521 -86.42905933 -86.16844486 -85.93850941]","[-87.62596263 -87.59225949 -87.5588574  -87.52570376 -87.49274584
 -87.45991893 -87.42716459 -87.39442167 -87.36161777 -87.32871205
 -87.29563181 -87.2623158  -87.22869633 -87.19470818 -87.16029417
 -87.12538846 -87.08992475 -87.05383918 -87.0170645  -86.97953894
 -86.94120264 -86.90199473 -86.86185761 -86.82072763 -86.77854316
 -86.7352506  -86.69079676 -86.64512842 -86.59819018 -86.54992621
 -86.50029439 -86.44925027 -86.39674923 -86.34275053 -86.28721574
 -86.23011207 -86.17140589 -86.11107107 -86.04907706 -85.98540517
 -85.92003628 -85.85294898 -85.78414721 -85.71361578 -85.64135607
 -85.56736798 -85.49165808 -85.41423958 -85.33512759 -85.25434298
 -85.17191119 -85.08786327 -85.00223501 -84.91506726 -84.82640606
 -84.73630279 -84.6448137  -84.55200043 -84.45792983 -84.36267396
 -84.26631004 -84.16892081 -84.07059322 -83.97141965 -83.87149831
 -83.77092717 -83.669816   -83.56827679 -83.46642378 -83.36437736
 -83.26225769 -83.16019419 -83.05831787 -82.95676273 -82.85567057
 -82.7551675  -82.65540277 -82.55652047 -82.45867593 -82.36199033
 -82.26663327 -82.17274721 -82.0804827  -81.9899872  -81.9014079
 -81.81489005 -81.7305845  -81.64863326 -81.5691766  -81.49235687
 -81.41831033 -81.34716991 -81.27906512 -81.2141213  -81.15245916
 -81.09419447 -81.03943762 -80.98829325 -80.94085991 -80.89722972
 -80.85748801 -80.82171301 -80.7899756  -80.76233919 -80.73885882
 -80.7195816  -80.70454627 -80.69378304 -80.68731338 -80.68514992
 -80.68729633 -80.69374724 -80.70448817 -80.71949554 -80.73873664
 -80.76216967 -80.78974383 -80.82139936 -80.85706772 -80.89667168
 -80.94012556 -80.98733539 -81.03819914 -81.09260702 -81.15044175
 -81.21157885 -81.27588699 -81.34322836 -81.41345905 -81.48642941
 -81.56198451 -81.63996458 -81.72020542 -81.8025389  -81.88679344
 -81.97279445 -82.0603649  -82.14932576 -82.23949656 -82.33069585
 -82.42274176 -82.51545246 -82.60864674 -82.70214446 -82.79576704
 -82.88933802 -82.98268453 -83.07563459 -83.16802077 -83.25968006
 -83.35045224 -83.44017942 -83.52872038 -83.61592649 -83.70165891
 -83.78578907 -83.86819115 -83.94874516 -84.02733893 -84.10386927
 -84.17823924 -84.25035947 -84.32014861 -84.38753366 -84.45245319
 -84.51483282 -84.57463736 -84.63182312 -84.68635728 -84.73820394
 -84.78735174 -84.83379073 -84.87751976 -84.91853811 -84.95686197
 -84.99251555 -85.02550958 -85.05589101 -85.08369456 -85.10896594
 -85.13175655 -85.15212324 -85.17012839 -85.18583939 -85.19932849
 -85.21067175 -85.21994825 -85.22724546 -85.23264939 -85.2362512
 -85.23814403 -85.23842276 -85.23718246 -85.23452442 -85.23054933
 -85.22535856 -85.21905824 -85.21174232 -85.20351754 -85.19448642
 -85.18475237 -85.17441394 -85.16356959 -85.152316   -85.14075766
 -85.12898461 -85.11708768 -85.10515998 -85.09328988 -85.08156507
 -85.07006604 -85.0588726  -85.04806387 -85.03771429 -85.02789522
 -85.01867481 -85.01011797 -85.00228774 -84.99524501 -84.98903657
 -84.98371759 -84.9793368  -84.97593907 -84.97356595 -84.97225571
 -84.97204341 -84.9729609  -84.97503692 -84.97829731 -84.98276468
 -84.98845879 -84.99539663 -85.0035925  -85.01305806 -85.02380244
 -85.03583237 -85.04915224 -85.06376423 -85.07966843 -85.0968629
 -85.11534382 -85.1351056  -85.15614094 -85.17844096 -85.20199534
 -85.22679235 -85.25281899 -85.28006111 -85.30850343 -85.3381297
 -85.36892276 -85.40086464 -85.43393659 -85.46811924 -85.50339259
 -85.53973617 -85.57712901 -85.6155498  -85.64760328]","[[], [], [], [], [], [], [], [], [], [], [], [], [-86.25968287759946], [-85.97198635997903], [-85.75419490880199], [-85.5867599782866], [-85.44168658759324], [-85.28994555099793], [-85.10920208407815], [-84.89017802384579], [-84.64032256968069], [-84.38404360315198], [-84.15925874099072], [-84.01112268311644], [-83.98399306349494], [-84.11327763695668], [-84.41868980755062], [-84.90013619898698], [-85.53697070679486], [-86.29059885689522], [-87.10979794772985], [-87.93766212151064], [-88.7188045333821], [-89.40555350876828], [-89.96219793086337], [-90.3668082095182], [-90.6107606090537], [-90.69651569877519], [-90.6345032085966], [-90.4400543747931], [-90.13111462961606], [-89.72713008526428], [-89.24907341734149], [-88.72013383074167], [-88.16644072927214], [-87.61708862928798], [-87.10292453360306], [-86.65393656251524], [-86.29550125985692], [-86.04419805767768], [-85.90410734342541], [-85.8646356907733], [-85.90059817819159], [-85.97495605865736], [-86.04402972161625], [-86.06432120526658], [-85.99989381351952], [-85.8287652421303], [-85.54707387420208], [-85.17004517869549], [-84.72942657273043], [-84.26777207006832], [-83.83058760881045], [-83.4578340008393], [-83.17644389361932], [-82.99534823564149], [-82.90402427573495], [-82.8748851421861], [-82.8690623880992], [-82.84445410442451], [-82.76445389446148], [-82.60564648874589], [-82.36297031086603], [-82.05136390822237], [-81.70361740805619], [-81.36490482016629], [-81.08510080890723], [-80.91037735623311], [-80.87568422435528], [-80.99941071652894], [-81.28109614589759], [-81.70237708278222], [-82.23070763978355], [-82.82492292728995], [-83.44138679574793], [-84.03953583083806], [-84.58587223471963], [-85.0558870517448], [-85.43403859673049], [-85.7121531726424], [-85.88715195162087], [-85.9588582114199], [-85.92877069148665], [-85.79986960158627], [-85.57764913690885], [-85.27174883907452], [-84.89751603314335], [-84.47670394442771], [-84.036719550878], [-83.60815496624497], [-83.22087302727056], [-82.89929391774996], [-82.65785626345135], [-82.49774718152642], [-82.40579030503103], [-82.35599484936277], [-82.3137135332717], [-82.24177128530144], [-82.10744618241547], [-81.88892286302881], [-81.57986753069247], [-81.19109990568946], [-80.74890163990253], [-80.29018810327828], [-79.85543541899057], [-79.48075240957655], [-79.19070391417236], [-78.99338041254346], [-78.87877304817647], [-78.82085556569005], [-78.78301802856303], [-78.7258062159531], [-78.6154388037025], [-78.43140370835782], [-78.17161120193975], [-77.85406709138448], [-77.5147218508353], [-77.2019059125239], [-76.96842104676367], [-76.8627890559409], [-76.92127883130875], [-77.1621257829363], [-77.5828778305427], [-78.16115968201395], [-78.8584828236354], [-79.62618235955262], [-80.4122418782259], [-81.16772785385847], [-81.85178529879076], [-82.43457643947428], [-82.89806260248662], [-83.23501045723903], [-83.44693686309729], [-83.5418221983373], [-83.53230662762178], [-83.43478142311434], [-83.26938793729688], [-83.06055262492718], [-82.83742472991767], [-82.63351891059895], [-82.4850222261732], [-82.42757006961804], [-82.49174518784854], [-82.69799379567083], [-83.05196582936333], [-83.54138112098698], [-84.13535711701584], [-84.78672517258109], [-85.43729001341437], [-86.0253627268057], [-86.49438910093036], [-86.80116528564785], [-86.92213267007563], [-86.85654421455787], [-86.62586849012804], [-86.26944500260745], [-85.8372582286715], [-85.38113534754365], [-84.94604718704468], [-84.56317352739377], [-84.24600306633067], [-83.99013071181805], [-83.7766614953907], [-83.57841781209214], [-83.36758644973442], [-83.12318869692967], [-82.8368388339777], [-82.51561742272628], [-82.18164270396267], [-81.86835441920182], [-81.61451728536986], [-81.45713627348087], [-81.42481579786875], [-81.53277942617878], [-81.78052327966145], [-82.15236312107287], [-82.62060192503426], [-83.15043703643087], [-83.70548402943378], [-84.25282989253793], [-84.76650372128292], [-85.22901875659502], [-85.63088534159027], [-85.9686070050019], [-86.24196240406336], [-86.45148499760055], [-86.59691790738721], [-86.67708303967689], [-86.69115908444907], [-86.64092762587129], [-86.53319867408], [-86.38156474979442], [-86.20669804007703], [-86.03478132995916], [-85.89411881861707], [-85.81047918350437], [-85.8020849857174], [-85.87539125232864], [-86.02269657570325], [-86.22228310004914], [-86.4413482916051], [-86.64124639881514], [-86.7841634252248], [-86.83989293060323], [-86.7913470618303], [-86.63761289063575], [-86.3938777674541], [-86.08813242295311], [-85.75534782900954], [-85.43025953289025], [-85.14026487782431], [-84.89995357884149], [-84.70843005161998], [-84.55005370143981], [-84.39846665707809], [-84.22310290854935], [-83.99684647621481], [-83.70323549143303], [-83.34169794662705], [-82.92970117154756], [-82.50132140215558], [-82.1024598708618], [-81.783659565663], [-81.59183518579775], [-81.56253985381791], [-81.71417847635523], [-82.04517324147291], [-82.53447186483453], [-83.14512239978868], [-83.83006236480237], [-84.53890255390982], [-85.2243943069565], [-85.84746198202386], [-86.38009442385626], [-86.80592278747983], [-87.11883421510717], [-87.32036308100206], [-87.41677964563219], [-87.4167294923553], [-87.32999581025756], [-87.16754158320137], [-86.94255217017877], [-86.67185593127712], [-86.3769420737781], [-86.08386417314019], [-85.82160064620821], [-85.61887087690202], [-85.49987043730354], [-85.47977097824905], [-85.56102639645412], [-85.73147540151693], [-85.9649283142138], [-86.22443023530943], [-86.46781000972484], [-86.65458649577538], [-86.75293774958207], [-86.74533774303401], [-86.63166520577694], [-86.42905933487629], [-86.1684448556407], [-85.93850941034609], [], [], [], [], [], [], [], [], [], [], [], [], [], [], [], [], [], [], [], [], [], [], [], [], [], [], [], [], [], [], [], [], [], [], [], [], [], [], [], [], [], [], [], [], [], [], [], [], [], [], [], [], [], [], [], [], [], [], [], [], [], [], [], [], [], [], [], [], [], [], [], [], [], [], [], [], [], [], [], [], [], [], [], [], [], [], [], [], [], [], [], [], [], [], [], [], [], [], [], [], [], [], [], [], [], [], [], [], [], [], [], [], [], [], [], [], [], [], [], [], [], [], [], [], [], [], [], [], [], [], [], [], [], [], [], [], [], [], [], [], [], [], [], [], [], [], [], [], [], [], [], [], [], [], [], [], [], [], [], [], [], [], [], [], [], [], [], [], [], [], [], [], [], [], [], [], [], [], [], [], [], [], [], [], [], [], [], [], [], [], [], [], [], [], [], [], [], [], [], [], [], [], [], [], [], [], [], [], [], [], [], [], [], [], [], [], [], [], [], [], [], [], [], [], [], [], [], [], [], [], [], [], [], [], [], [], [], [], [], [], [], [], [], [], [], [], [], [], [], [], [], [], [], [], [], [], [], [], [], [], [], [], [], [], [], [], [], [], [], [], [], [], [], [], [], [], [], [], [], [], [], [], [], [], [], [], [], [], [], [], [], [], [], [], [], [], [], [], [], [], [], [], [], [], [], [], [], [], [], [], [], [], [], [], [], [], [], [], [], [], [], [], [], [], [], [], [], [], [], [], [], [], [], [], [], [], [], [], [], [], [], [], [], [], [], [], [], [], [], [], [], [], [], [], [], [], [], [], [], [], [], [], [], [], [], [], [], [], [], [], [], [], [], [], [], [], [], [], [], [], [], [], [], [], [], [], [], [], [], [], [], [], [], [], [], [], [], [], [], [], [], [], [], [], [], [], [], [], [], [], [], [], [], [], [], [], [], [], [], [], [], [], [], [], [], [], [], [], [], [], [], [], [], [], [], [], [], [], [], [], [], [], [], [], [], [], [], [], [], [], [], [], [], [], [], [], [], [], [], [], [], [], [], [], [], [], [], [], [], [], [], [], [], [], [], [], [], [], [], [], [], [], [], [], [], [], [], [], [], [], [], [], [], [], [], [], [], [], [], [], [], [], [], [], [], [], [], [], [], [], [], [], [], [], [], [], [], [], [], [], [], [], [], [], [], [], [], [], [], [], [], [], [], [], [], [], [], [], [], [], [], [], [], [], [], [], [], [], [], [], [], [], [], [], [], [], [], [], [], [], [], [], [], [], [], [], [], [], [], [], [], [], [], [], [], [], [], [], [], [], [], [], [], [], [], [], [], [], [], [], [], [], [], [], [], [], [], [], [], [], [], [], [], [], [], [], [], [], [], [], [], [], [], [], [], [], [], [], [], [], [], [], [], [], [], [], [], [], [], [], [], [], [], [], [], [], [], [], [], [], [], [], [], [], [], [], [], [], [], [], [], [], [], [], [], [], [], [], [], [], [], [], [], [], [], [], [], [], [], [], [], [], [], [], [], [], [], [], [], [], [], [], [], [], [], [], [], [], [], [], [], [], [], [], [], [], [], [], [], [], [], [], [], [], [], [], [], [], [], [], [], [], [], [], [], [], [], [], [], [], [], [], [], [], [], [], [], [], [], [], [], [], [], [], [], [], [], [], [], [], [], []]","[[], [], [], [], [], [], [], [], [], [], [], [], [-87.62596263185712], [-87.59225949284863], [-87.55885739868518], [-87.52570376160219], [-87.49274583929858], [-87.45991893463878], [-87.4271645855822], [-87.39442166520006], [-87.36161777214723], [-87.32871204948212], [-87.29563181486273], [-87.2623157994957], [-87.228696330081], [-87.1947081800926], [-87.16029417311476], [-87.12538846250106], [-87.08992475053702], [-87.0538391750645], [-87.01706449663057], [-86.97953894124926], [-86.94120263788089], [-86.90199472903709], [-86.86185761487528], [-86.82072763139851], [-86.77854315869222], [-86.73525059990223], [-86.69079675511513], [-86.64512842426926], [-86.59819018409618], [-86.5499262050786], [-86.50029439137442], [-86.44925026597649], [-86.39674922820909], [-86.34275053383205], [-86.28721574432163], [-86.23011207030355], [-86.1714058857699], [-86.1110710663782], [-86.04907706191014], [-85.98540517258395], [-85.92003627626517], [-85.8529489814785], [-85.78414720737068], [-85.71361578190688], [-85.64135606955922], [-85.567367975254], [-85.49165808416373], [-85.41423957598563], [-85.33512758725529], [-85.2543429772542], [-85.17191118903632], [-85.08786327442563], [-85.00223500601939], [-84.91506725860333], [-84.82640605725916], [-84.73630278935791], [-84.64481369985322], [-84.55200042854683], [-84.45792983051227], [-84.36267395719047], [-84.2663100352608], [-84.16892080501815], [-84.07059321671873], [-83.97141965147584], [-83.87149830735854], [-83.77092717162462], [-83.66981599819285], [-83.56827679016398], [-83.46642377673216], [-83.36437735974471], [-83.26225769259894], [-83.16019418647286], [-83.05831786686873], [-82.95676273489725], [-82.8556705681995], [-82.75516749915504], [-82.6554027662072], [-82.55652047082044], [-82.45867592549033], [-82.36199032705679], [-82.26663326908795], [-82.17274720950178], [-82.08048269801668], [-81.98998720477223], [-81.90140790189606], [-81.81489005197437], [-81.73058450177469], [-81.64863325926237], [-81.5691765968739], [-81.4923568710607], [-81.41831032999018], [-81.34716990963614], [-81.27906512335194], [-81.21412129524926], [-81.15245916013649], [-81.0941944710559], [-81.03943761598327], [-80.98829324524229], [-80.9408599111733], [-80.89722972156987], [-80.85748800836666], [-80.8217130130232], [-80.78997559855789], [-80.7623391948832], [-80.73885882388272], [-80.71958160068336], [-80.70454627425968], [-80.6937830402717], [-80.687313379035], [-80.68514991951099], [-80.68729633010537], [-80.69374723696416], [-80.70448817034732], [-80.71949553955186], [-80.73873663674239], [-80.76216966992996], [-80.78974382522374], [-80.82139935835733], [-80.8570677153726], [-80.89667168222087], [-80.94012556292087], [-80.9873353857913], [-81.03819913715769], [-81.0926070218148], [-81.15044174941217], [-81.21157884581848], [-81.27588698841278], [-81.34322836414727], [-81.41345904912842], [-81.48642940836902], [-81.56198451427774], [-81.63996458237108], [-81.72020542261929], [-81.80253890476962], [-81.88679343593216], [-81.97279444866116], [-82.06036489772052], [-82.14932576368876], [-82.2394965615292], [-82.33069585223521], [-82.42274175564951], [-82.51545246255662], [-82.60864674415409], [-82.7021444570264], [-82.79576704176912], [-82.88933801518795], [-82.98268452618734], [-83.07563458803739], [-83.16802077393764], [-83.25968005500205], [-83.35045223667603], [-83.44017941885063], [-83.52872038471632], [-83.6159264935735], [-83.70165891461887], [-83.78578907146667], [-83.86819114654773], [-83.94874515813069], [-84.02733892791537], [-84.10386926898639], [-84.1782392380379], [-84.25035946510526], [-84.32014861478129], [-84.3875336614848], [-84.45245318567581], [-84.51483282288713], [-84.57463736394081], [-84.6318231188833], [-84.68635728270016], [-84.73820394131107], [-84.78735173674428], [-84.83379072965805], [-84.87751975930426], [-84.91853810880414], [-84.95686197212208], [-84.99251555060577], [-85.02550958231988], [-85.05589101253848], [-85.08369455876687], [-85.10896593666499], [-85.13175654547202], [-85.15212323549876], [-85.17012838580273], [-85.18583939335072], [-85.1993284905963], [-85.2106717528393], [-85.2199482509088], [-85.22724546113388], [-85.23264939339225], [-85.23625120197124], [-85.23814402801139], [-85.23842275613123], [-85.23718245602971], [-85.23452442136207], [-85.23054932510287], [-85.2253585585463], [-85.21905824091633], [-85.21174232048942], [-85.20351754131248], [-85.19448641769563], [-85.184752369583], [-85.17441393762118], [-85.16356958564816], [-85.15231600494965], [-85.14075765987323], [-85.12898461392989], [-85.1170876818997], [-85.10515998037086], [-85.09328988246136], [-85.08156507330459], [-85.07006603518194], [-85.05887259521197], [-85.04806386979396], [-85.03771429331141], [-85.02789521899356], [-85.0186748086875], [-85.01011797277094], [-85.00228774456924], [-84.99524501083013], [-84.98903656874383], [-84.983717594679], [-84.97933680333718], [-84.97593906786618], [-84.97356594565439], [-84.97225571368942], [-84.97204341324321], [-84.97296090321765], [-84.97503692149252], [-84.97829731394633], [-84.98276468386457], [-84.98845878889297], [-84.9953966326915], [-85.00359250105699], [-85.01305805718285], [-85.02380244028227], [-85.03583236696859], [-85.04915223517102], [-85.06376423001397], [-85.07966842553175], [-85.09686289660802], [-85.11534382388339], [-85.13510560011854], [-85.15614093573468], [-85.1784409631306], [-85.20199533942771], [-85.22679234731824], [-85.25281899372492], [-85.28006110602597], [-85.30850342561264], [-85.33812969860003], [-85.36892276352754], [-85.40086463593298], [-85.43393658969288], [-85.46811923507121], [-85.5033925934291], [-85.53973616859031], [-85.5771290148592], [-85.61554980173044], [-85.6476032828636], [], [], [], [], [], [], [], [], [], [], [], [], [], [], [], [], [], [], [], [], [], [], [], [], [], [], [], [], [], [], [], [], [], [], [], [], [], [], [], [], [], [], [], [], [], [], [], [], [], [], [], [], [], [], [], [], [], [], [], [], [], [], [], [], [], [], [], [], [], [], [], [], [], [], [], [], [], [], [], [], [], [], [], [], [], [], [], [], [], [], [], [], [], [], [], [], [], [], [], [], [], [], [], [], [], [], [], [], [], [], [], [], [], [], [], [], [], [], [], [], [], [], [], [], [], [], [], [], [], [], [], [], [], [], [], [], [], [], [], [], [], [], [], [], [], [], [], [], [], [], [], [], [], [], [], [], [], [], [], [], [], [], [], [], [], [], [], [], [], [], [], [], [], [], [], [], [], [], [], [], [], [], [], [], [], [], [], [], [], [], [], [], [], [], [], [], [], [], [], [], [], [], [], [], [], [], [], [], [], [], [], [], [], [], [], [], [], [], [], [], [], [], [], [], [], [], [], [], [], [], [], [], [], [], [], [], [], [], [], [], [], [], [], [], [], [], [], [], [], [], [], [], [], [], [], [], [], [], [], [], [], [], [], [], [], [], [], [], [], [], [], [], [], [], [], [], [], [], [], [], [], [], [], [], [], [], [], [], [], [], [], [], [], [], [], [], [], [], [], [], [], [], [], [], [], [], [], [], [], [], [], [], [], [], [], [], [], [], [], [], [], [], [], [], [], [], [], [], [], [], [], [], [], [], [], [], [], [], [], [], [], [], [], [], [], [], [], [], [], [], [], [], [], [], [], [], [], [], [], [], [], [], [], [], [], [], [], [], [], [], [], [], [], [], [], [], [], [], [], [], [], [], [], [], [], [], [], [], [], [], [], [], [], [], [], [], [], [], [], [], [], [], [], [], [], [], [], [], [], [], [], [], [], [], [], [], [], [], [], [], [], [], [], [], [], [], [], [], [], [], [], [], [], [], [], [], [], [], [], [], [], [], [], [], [], [], [], [], [], [], [], [], [], [], [], [], [], [], [], [], [], [], [], [], [], [], [], [], [], [], [], [], [], [], [], [], [], [], [], [], [], [], [], [], [], [], [], [], [], [], [], [], [], [], [], [], [], [], [], [], [], [], [], [], [], [], [], [], [], [], [], [], [], [], [], [], [], [], [], [], [], [], [], [], [], [], [], [], [], [], [], [], [], [], [], [], [], [], [], [], [], [], [], [], [], [], [], [], [], [], [], [], [], [], [], [], [], [], [], [], [], [], [], [], [], [], [], [], [], [], [], [], [], [], [], [], [], [], [], [], [], [], [], [], [], [], [], [], [], [], [], [], [], [], [], [], [], [], [], [], [], [], [], [], [], [], [], [], [], [], [], [], [], [], [], [], [], [], [], [], [], [], [], [], [], [], [], [], [], [], [], [], [], [], [], [], [], [], [], [], [], [], [], [], [], [], [], [], [], [], [], [], [], [], [], [], [], [], [], [], [], [], [], [], [], [], [], [], [], [], [], [], [], [], [], [], [], [], [], [], [], [], [], [], [], [], [], [], [], [], [], [], [], [], [], [], [], [], [], [], [], [], [], [], [], [], [], [], [], [], [], [], [], [], [], [], [], [], [], [], [], [], [], [], [], [], [], [], [], [], [], [], [], [], [], [], [], [], [], [], [], []]",-0.766243256543822,-0.7425781512411269
brwIMAU,71.32,"[2022.208219   2022.22739708 2022.24657516 2022.26575325 2022.28493133
 2022.30410941 2022.32328749 2022.34246558 2022.36164366 2022.38082174
 2022.39999982 2022.4191779  2022.43835599 2022.45753407 2022.47671215
 2022.49589023 2022.51506832 2022.5342464  2022.55342448 2022.57260256
 2022.59178064 2022.61095873 2022.63013681 2022.64931489 2022.66849297
 2022.68767105 2022.70684914 2022.72602722 2022.7452053  2022.76438338
 2022.78356147 2022.80273955 2022.82191763 2022.84109571 2022.86027379
 2022.87945188 2022.89862996 2022.91780804 2022.93698612 2022.95616421
 2022.97534229 2022.99452037 2023.01369845 2023.03287653 2023.05205462
 2023.0712327  2023.09041078 2023.10958886 2023.12876695 2023.14794503
 2023.16712311 2023.18630119 2023.20547927 2023.22465736 2023.24383544
 2023.26301352 2023.2821916  2023.30136968 2023.32054777 2023.33972585
 2023.35890393 2023.37808201 2023.3972601  2023.41643818 2023.43561626
 2023.45479434 2023.47397242 2023.49315051 2023.51232859 2023.53150667
 2023.55068475 2023.56986284 2023.58904092 2023.608219   2023.62739708
 2023.64657516 2023.66575325 2023.68493133 2023.70410941 2023.72328749
 2023.74246558 2023.76164366 2023.78082174 2023.79999982 2023.8191779
 2023.83835599 2023.85753407 2023.87671215 2023.89589023 2023.91506832
 2023.9342464  2023.95342448 2023.97260256 2023.99178064 2024.01095873
 2024.03013681 2024.04931489 2024.06849297 2024.08767105 2024.10684914
 2024.12602722 2024.1452053  2024.16438338 2024.18356147 2024.20273955
 2024.22191763 2024.24109571 2024.26027379 2024.27945188 2024.29862996
 2024.308743  ]","[-96.518343   -96.49550211 -96.25862776 -95.82136499 -95.23544839
 -94.57961276 -93.94257607 -93.40392349 -93.01721374 -92.79913802
 -92.72719633 -92.74642303 -92.78363009 -92.76591359 -92.63917749
 -92.38239849 -92.01429667 -91.59077919 -91.19360367 -90.91271231
 -90.82609346 -90.98168544 -91.38534316 -91.99758688 -92.73992215
 -93.50941879 -94.19837644 -94.7148312  -94.99953331 -95.03578561
 -94.85015979 -94.50423668 -94.07934823 -93.65797022 -93.30598423
 -93.05976482 -92.92088988 -92.8594117  -92.82466294 -92.76080556
 -92.62326579 -92.39203174 -92.07853379 -91.7244225  -91.39243497
 -91.15145174 -91.0592852  -91.14728431 -91.41049341 -91.80586985
 -92.25922529 -92.67953771 -92.97757489 -93.08472066 -92.96779047
 -92.63647157 -92.14165311 -91.56492899 -91.00155345 -90.54058501
 -90.24660956 -90.14707648 -90.22802861 -90.43911168 -90.70667012
 -90.95190248 -91.1099363  -91.14545332 -91.06129221 -90.8980953
 -90.7250318  -90.62370795 -90.66891684 -90.91060236 -91.36113499
 -91.99082166 -92.73271643 -93.49569512 -94.18291627 -94.71156941
 -95.02954312 -95.12534539 -95.02913603 -94.80473974 -94.53450955
 -94.30053416 -94.16641326 -94.16372889 -94.28611999 -94.49226234
 -94.71682321 -94.88681617 -94.93947572 -94.83748297 -94.57801846
 -94.19357724 -93.74439395 -93.30430961 -92.9433955  -92.71143046
 -92.62613144 -92.6689252  -92.78930531 -92.91682211 -92.97796769
 -92.91405928 -92.69595933 -92.33216814 -91.86832672 -91.37813115
 -91.19077891]","[-94.76996532 -94.66953593 -94.5708132  -94.47382012 -94.37857872
 -94.28511036 -94.19343568 -94.10357456 -94.01554608 -93.92936846
 -93.84505901 -93.76263411 -93.68210915 -93.60349852 -93.52681553
 -93.45207243 -93.37928035 -93.30844925 -93.23958612 -93.17270317
 -93.10780387 -93.04489176 -92.98397307 -92.92505223 -92.86812632
 -92.81319654 -92.76026616 -92.70932823 -92.66037761 -92.61341589
 -92.56843004 -92.52541761 -92.48436723 -92.44526794 -92.40811196
 -92.37288566 -92.33957632 -92.30816871 -92.27864753 -92.25099627
 -92.22519617 -92.2012321  -92.17908157 -92.15872347 -92.14014058
 -92.12330966 -92.10820689 -92.09480996 -92.0830956  -92.07303909
 -92.06461639 -92.05780176 -92.05256892 -92.04889181 -92.0467451
 -92.04610274 -92.0469395  -92.04922799 -92.05294194 -92.05805494
 -92.06454098 -92.07237394 -92.08152896 -92.09198106 -92.10370636
 -92.11667816 -92.13087313 -92.14627237 -92.16284956 -92.18058317
 -92.19945409 -92.21944193 -92.24052514 -92.26268578 -92.2859076
 -92.31017425 -92.33547118 -92.3617834  -92.3890978  -92.4174024
 -92.44668641 -92.47694022 -92.50815452 -92.54032413 -92.57344166
 -92.6075056  -92.64250827 -92.67845247 -92.71532767 -92.75314096
 -92.79189605 -92.83159547 -92.87224203 -92.9138404  -92.95639724
 -92.99992298 -93.04442469 -93.089913   -93.13640056 -93.18389928
 -93.23242233 -93.28198462 -93.33260232 -93.38429236 -93.43707221
 -93.49096044 -93.54597669 -93.6021412  -93.65947463 -93.71799864
 -93.74480696]","[[], [], [], [], [], [], [], [], [], [], [], [], [], [], [], [], [], [], [], [], [], [], [], [], [], [], [], [], [], [], [], [], [], [], [], [], [], [], [], [], [], [], [], [], [], [], [], [], [], [], [], [], [], [], [], [], [], [], [], [], [], [], [], [], [], [], [], [], [], [], [], [], [], [], [], [], [], [], [], [], [], [], [], [], [], [], [], [], [], [], [], [], [], [], [], [], [], [], [], [], [], [], [], [], [], [], [], [], [], [], [], [], [], [], [], [], [], [], [], [], [], [], [], [], [], [], [], [], [], [], [], [], [], [], [], [], [], [], [], [], [], [], [], [], [], [], [], [], [], [], [], [], [], [], [], [], [], [], [], [], [], [], [], [], [], [], [], [], [], [], [], [], [], [], [], [], [], [], [], [], [], [], [], [], [], [], [], [], [], [], [], [], [], [], [], [], [], [], [], [], [], [], [], [], [], [], [], [], [], [], [], [], [], [], [], [], [], [], [], [], [], [], [], [], [], [], [], [], [], [], [], [], [], [], [], [], [], [], [], [], [], [], [], [], [], [], [], [], [], [], [], [], [], [], [], [], [], [], [], [], [], [], [], [], [], [], [], [], [], [], [], [], [], [], [], [], [], [], [], [], [], [], [], [], [], [], [], [], [], [], [], [], [], [], [], [], [], [], [], [], [], [], [], [], [], [], [], [], [], [], [], [], [], [], [], [], [], [], [], [], [], [], [], [], [], [], [], [], [], [], [], [], [], [], [], [], [], [], [], [], [], [], [], [], [], [], [], [], [], [], [], [], [], [], [], [], [], [], [], [], [], [], [], [], [], [], [], [], [], [], [], [], [], [], [], [], [], [], [], [], [], [], [], [], [], [], [], [], [], [], [], [], [], [], [], [], [], [], [], [], [], [], [], [], [], [], [], [], [], [], [], [], [], [], [], [], [], [], [], [], [], [], [], [], [], [], [], [], [], [], [], [], [], [], [], [], [], [], [], [], [], [], [], [], [], [], [], [], [], [], [], [], [], [], [], [], [], [], [], [], [], [], [], [], [], [], [], [], [], [], [], [], [], [], [], [], [], [], [], [], [], [], [], [], [], [], [], [], [], [], [], [], [], [], [], [], [], [], [], [], [], [], [], [], [], [], [], [], [], [], [], [], [], [], [], [], [], [], [], [], [], [], [], [], [], [], [], [], [], [], [], [], [], [], [], [], [], [], [], [], [], [], [], [], [], [], [], [], [], [], [], [], [], [], [], [], [], [], [], [], [], [], [], [], [], [], [], [], [], [], [], [], [], [], [], [], [], [], [], [], [], [], [], [], [], [], [], [], [], [], [], [], [], [], [], [], [], [], [], [], [], [], [], [], [], [], [], [], [], [], [], [], [], [], [], [], [], [], [], [], [], [], [], [], [], [], [], [], [], [], [], [], [], [], [], [], [], [], [], [], [], [], [], [], [], [], [], [], [], [], [], [], [], [], [], [], [], [], [], [], [], [], [], [], [], [], [], [], [], [], [], [], [], [], [], [], [], [], [], [], [], [], [], [], [], [], [], [], [], [], [], [], [], [], [], [], [], [], [], [], [], [], [], [], [], [], [], [], [], [], [], [], [], [], [], [], [], [], [], [], [], [], [], [], [], [], [], [], [], [], [], [], [], [], [], [], [], [], [], [], [], [], [], [], [], [], [], [], [], [], [], [], [], [], [], [], [], [], [], [], [], [], [], [], [], [], [], [], [], [], [], [], [], [], [], [], [], [], [], [], [], [], [], [], [], [], [], [], [], [], [], [], [], [], [], [], [], [], [], [], [], [], [], [], [], [], [], [], [], [], [], [], [], [], [], [], [], [], [], [], [], [], [], [], [], [], [], [], [], [], [], [], [], [], [], [], [], [], [], [], [], [], [], [], [], [], [], [], [], [], [], [], [], [], [], [], [], [], [], [], [], [], [], [], [], [], [], [], [], [], [], [], [], [], [], [], [], [], [], [], [], [], [], [], [], [], [], [], [], [], [], [], [], [], [-96.51834300266792], [-96.49550211433699], [-96.25862775671041], [-95.82136499100413], [-95.23544838683407], [-94.57961276109893], [-93.942576065877], [-93.4039234876967], [-93.01721374327411], [-92.79913801502893], [-92.72719633234053], [-92.74642302931315], [-92.78363008714952], [-92.7659135908475], [-92.63917749475745], [-92.38239849072814], [-92.01429666912671], [-91.59077919282741], [-91.19360366783965], [-90.91271231473172], [-90.82609345595417], [-90.98168544415603], [-91.38534315813948], [-91.99758688036448], [-92.73992215326085], [-93.50941878833812], [-94.19837643960463], [-94.71483120040956], [-94.99953331474511], [-95.0357856081581], [-94.85015979346423], [-94.50423667632553], [-94.07934823472871], [-93.65797021835166], [-93.30598423133114], [-93.05976481795034], [-92.92088988407865], [-92.8594116973509], [-92.82466293810538], [-92.76080556326178], [-92.62326578538698], [-92.39203173689539], [-92.0785337920626], [-91.72442250217892], [-91.39243496800047], [-91.15145174022865], [-91.05928520129751], [-91.14728431417404], [-91.41049340967382], [-91.80586985081902], [-92.25922528922752], [-92.67953770851506], [-92.97757488541899], [-93.08472066052893], [-92.96779046616751], [-92.63647157036252], [-92.14165311329728], [-91.56492898794825], [-91.00155344752609], [-90.54058501469758], [-90.24660955524307], [-90.14707647987386], [-90.22802860742718], [-90.43911168184759], [-90.70667011745526], [-90.95190248052401], [-91.10993630014526], [-91.14545331677441], [-91.06129221398521], [-90.89809529996825], [-90.72503180023622], [-90.62370794654316], [-90.66891683668338], [-90.91060236238368], [-91.36113499025264], [-91.99082166269318], [-92.7327164261938], [-93.49569511990542], [-94.18291627457852], [-94.71156941386046], [-95.02954312414377], [-95.12534538753826], [-95.02913602887293], [-94.8047397393306], [-94.53450954805177], [-94.30053415508662], [-94.16641326134494], [-94.1637288874029], [-94.28611999339384], [-94.49226233516876], [-94.71682320785105], [-94.88681617306467], [-94.9394757163634], [-94.8374829738718], [-94.57801845579637], [-94.19357724254083], [-93.74439394684487], [-93.3043096075157], [-92.94339550222448], [-92.71143045501721], [-92.62613143734721], [-92.66892519798496], [-92.78930530699185], [-92.91682211016477], [-92.97796769157888], [-92.91405928478844], [-92.69595933010987], [-92.33216813653586], [-91.86832671755006], [-91.37813115000283], [-91.19077890977164], [], [], [], [], [], [], [], []]","[[], [], [], [], [], [], [], [], [], [], [], [], [], [], [], [], [], [], [], [], [], [], [], [], [], [], [], [], [], [], [], [], [], [], [], [], [], [], [], [], [], [], [], [], [], [], [], [], [], [], [], [], [], [], [], [], [], [], [], [], [], [], [], [], [], [], [], [], [], [], [], [], [], [], [], [], [], [], [], [], [], [], [], [], [], [], [], [], [], [], [], [], [], [], [], [], [], [], [], [], [], [], [], [], [], [], [], [], [], [], [], [], [], [], [], [], [], [], [], [], [], [], [], [], [], [], [], [], [], [], [], [], [], [], [], [], [], [], [], [], [], [], [], [], [], [], [], [], [], [], [], [], [], [], [], [], [], [], [], [], [], [], [], [], [], [], [], [], [], [], [], [], [], [], [], [], [], [], [], [], [], [], [], [], [], [], [], [], [], [], [], [], [], [], [], [], [], [], [], [], [], [], [], [], [], [], [], [], [], [], [], [], [], [], [], [], [], [], [], [], [], [], [], [], [], [], [], [], [], [], [], [], [], [], [], [], [], [], [], [], [], [], [], [], [], [], [], [], [], [], [], [], [], [], [], [], [], [], [], [], [], [], [], [], [], [], [], [], [], [], [], [], [], [], [], [], [], [], [], [], [], [], [], [], [], [], [], [], [], [], [], [], [], [], [], [], [], [], [], [], [], [], [], [], [], [], [], [], [], [], [], [], [], [], [], [], [], [], [], [], [], [], [], [], [], [], [], [], [], [], [], [], [], [], [], [], [], [], [], [], [], [], [], [], [], [], [], [], [], [], [], [], [], [], [], [], [], [], [], [], [], [], [], [], [], [], [], [], [], [], [], [], [], [], [], [], [], [], [], [], [], [], [], [], [], [], [], [], [], [], [], [], [], [], [], [], [], [], [], [], [], [], [], [], [], [], [], [], [], [], [], [], [], [], [], [], [], [], [], [], [], [], [], [], [], [], [], [], [], [], [], [], [], [], [], [], [], [], [], [], [], [], [], [], [], [], [], [], [], [], [], [], [], [], [], [], [], [], [], [], [], [], [], [], [], [], [], [], [], [], [], [], [], [], [], [], [], [], [], [], [], [], [], [], [], [], [], [], [], [], [], [], [], [], [], [], [], [], [], [], [], [], [], [], [], [], [], [], [], [], [], [], [], [], [], [], [], [], [], [], [], [], [], [], [], [], [], [], [], [], [], [], [], [], [], [], [], [], [], [], [], [], [], [], [], [], [], [], [], [], [], [], [], [], [], [], [], [], [], [], [], [], [], [], [], [], [], [], [], [], [], [], [], [], [], [], [], [], [], [], [], [], [], [], [], [], [], [], [], [], [], [], [], [], [], [], [], [], [], [], [], [], [], [], [], [], [], [], [], [], [], [], [], [], [], [], [], [], [], [], [], [], [], [], [], [], [], [], [], [], [], [], [], [], [], [], [], [], [], [], [], [], [], [], [], [], [], [], [], [], [], [], [], [], [], [], [], [], [], [], [], [], [], [], [], [], [], [], [], [], [], [], [], [], [], [], [], [], [], [], [], [], [], [], [], [], [], [], [], [], [], [], [], [], [], [], [], [], [], [], [], [], [], [], [], [], [], [], [], [], [], [], [], [], [], [], [], [], [], [], [], [], [], [], [], [], [], [], [], [], [], [], [], [], [], [], [], [], [], [], [], [], [], [], [], [], [], [], [], [], [], [], [], [], [], [], [], [], [], [], [], [], [], [], [], [], [], [], [], [], [], [], [], [], [], [], [], [], [], [], [], [], [], [], [], [], [], [], [], [], [], [], [], [], [], [], [], [], [], [], [], [], [], [], [], [], [], [], [], [], [], [], [], [], [], [], [], [], [], [], [], [], [], [], [], [], [], [], [], [], [], [], [], [], [], [], [], [], [], [], [], [], [], [], [], [], [], [], [], [], [], [], [], [], [], [], [], [], [], [], [], [], [], [], [], [], [], [], [], [], [], [], [], [], [], [], [], [], [], [], [], [], [], [], [], [], [], [], [], [], [], [], [], [], [-94.76996531787671], [-94.66953593345961], [-94.57081320027946], [-94.47382012086923], [-94.37857871938046], [-94.28511035578629], [-94.19343567562817], [-94.10357456127912], [-94.01554608484302], [-93.92936846278089], [-93.84505901238647], [-93.76263411019761], [-93.68210915245308], [-93.60349851767756], [-93.52681553150464], [-93.45207243381525], [-93.3792803482822], [-93.30844925440762], [-93.23958611532203], [-93.17270316630415], [-93.10780386654825], [-93.04489175552372], [-92.98397306968083], [-92.92505223221475], [-92.8681263241241], [-92.81319654208029], [-92.76026615867947], [-92.70932822866776], [-92.66037760759401], [-92.61341589185433], [-92.56843004271845], [-92.5254176129177], [-92.48436723319475], [-92.44526793753053], [-92.40811195861713], [-92.3728856554044], [-92.33957631732375], [-92.30816870862573], [-92.27864753232228], [-92.25099626680044], [-92.2251961658509], [-92.20123209709132], [-92.1790815671336], [-92.15872346614303], [-92.14014057677404], [-92.12330966060762], [-92.10820689260566], [-92.0948099559203], [-92.0830956033132], [-92.0730390925483], [-92.06461639242492], [-92.0578017635812], [-92.05256892000472], [-92.04889180756481], [-92.04674509850153], [-92.0461027381077], [-92.04693949584792], [-92.04922799073299], [-92.05294193887603], [-92.05805494248384], [-92.06454098022603], [-92.07237393552322], [-92.08152896299104], [-92.09198106051986], [-92.10370636474926], [-92.11667815887601], [-92.13087313464494], [-92.14627237253576], [-92.16284955621525], [-92.1805831670188], [-92.1994540862126], [-92.21944192988137], [-92.24052514459667], [-92.26268578410523], [-92.28590760164812], [-92.31017424672434], [-92.33547117941445], [-92.36178340315213], [-92.38909780226072], [-92.41740240485781], [-92.44668641072779], [-92.47694021617284], [-92.50815451611521], [-92.5403241255613], [-92.57344165947083], [-92.60750560386722], [-92.64250826998101], [-92.67845246554364], [-92.71532766601801], [-92.75314095576437], [-92.79189605035253], [-92.83159546941997], [-92.8722420282679], [-92.9138404008399], [-92.95639724212151], [-92.99992297532471], [-93.04442469389318], [-93.08991299878154], [-93.13640055747229], [-93.18389928240862], [-93.2324223291722], [-93.28198462160407], [-93.33260232243735], [-93.38429235742653], [-93.43707221034056], [-93.49096044164483], [-93.54597669143227], [-93.60214119818698], [-93.65947463257052], [-93.71799863849564], [-93.74480695948702], [], [], [], [], [], [], [], []]",-0.6594193019684702,-0.5616042551165505
cba,55.21,"[2005.34210426 2005.36128234 2005.38046043 2005.39963851 2005.41881659
 2005.43799467 2005.45717276 2005.47635084 2005.49552892 2005.514707
 2005.53388508 2005.55306317 2005.57224125 2005.59141933 2005.61059741
 2005.62977549 2005.64895358 2005.66813166 2005.68730974 2005.70648782
 2005.72566591 2005.74484399 2005.76402207 2005.78320015 2005.80237823
 2005.82155632 2005.8407344  2005.85991248 2005.87909056 2005.89826865
 2005.91744673 2005.93662481 2005.95580289 2005.97498097 2005.99415906
 2006.01333714 2006.03251522 2006.0516933  2006.07087139 2006.09004947
 2006.10922755 2006.12840563 2006.14758371 2006.1667618  2006.18593988
 2006.20511796 2006.22429604 2006.24347413 2006.26265221 2006.28183029
 2006.30100837 2006.32018645 2006.33936454 2006.35854262 2006.3777207
 2006.39689878 2006.41607686 2006.43525495 2006.45443303 2006.47361111
 2006.49278919 2006.51196728 2006.53114536 2006.55032344 2006.56950152
 2006.5886796  2006.60785769 2006.62703577 2006.64621385 2006.66539193
 2006.68457002 2006.7037481  2006.72292618 2006.74210426 2006.76128234
 2006.78046043 2006.79963851 2006.81881659 2006.83799467 2006.85717276
 2006.87635084 2006.89552892 2006.914707   2006.93388508 2006.95306317
 2006.97224125 2006.99141933 2007.01059741 2007.02977549 2007.04895358
 2007.06813166 2007.08730974 2007.10648782 2007.12566591 2007.14484399
 2007.16402207 2007.18320015 2007.20237823 2007.22155632 2007.2407344
 2007.25991248 2007.27909056 2007.29826865 2007.31744673 2007.33662481
 2007.35580289 2007.37498097 2007.39415906 2007.41333714 2007.43251522
 2007.4516933  2007.47087139 2007.49004947 2007.50922755 2007.52840563
 2007.54758371 2007.5667618  2007.58593988 2007.60511796 2007.62429604
 2007.64347413 2007.66265221 2007.68183029 2007.70100837 2007.72018645
 2007.73936454 2007.75854262 2007.7777207  2007.79689878 2007.81607686
 2007.83525495 2007.85443303 2007.87361111 2007.89278919 2007.91196728
 2007.93114536 2007.95032344 2007.96950152 2007.9886796  2008.00785769
 2008.02703577 2008.04621385 2008.06539193 2008.08457002 2008.1037481
 2008.12292618 2008.14210426 2008.16128234 2008.18046043 2008.19963851
 2008.21881659 2008.23799467 2008.25717276 2008.27635084 2008.29552892
 2008.314707   2008.33388508 2008.35306317 2008.37224125 2008.39141933
 2008.41059741 2008.42977549 2008.44895358 2008.46813166 2008.48730974
 2008.50648782 2008.52566591 2008.54484399 2008.56402207 2008.58320015
 2008.60237823 2008.62155632 2008.6407344  2008.65991248 2008.67909056
 2008.69826865 2008.71744673 2008.73662481 2008.75580289 2008.77498097
 2008.79415906 2008.81333714 2008.83251522 2008.8516933  2008.87087139
 2008.89004947 2008.90922755 2008.92840563 2008.94758371 2008.9667618
 2008.98593988 2009.00511796 2009.02429604 2009.04347413 2009.06265221
 2009.08183029 2009.10100837 2009.12018645 2009.13936454 2009.15854262
 2009.1777207  2009.19689878 2009.21607686 2009.23525495 2009.25443303
 2009.27361111 2009.29278919 2009.31196728 2009.33114536 2009.35032344
 2009.36950152 2009.3886796  2009.40785769 2009.42703577 2009.44621385
 2009.46539193 2009.48457002 2009.5037481  2009.52292618 2009.54210426
 2009.56128234 2009.58046043 2009.59963851 2009.61881659 2009.63799467
 2009.65717276 2009.67635084 2009.69552892 2009.714707   2009.73388508
 2009.75306317 2009.77224125 2009.79141933 2009.81059741 2009.82977549
 2009.84895358 2009.86813166 2009.88730974 2009.90648782 2009.92566591
 2009.94484399 2009.96402207 2009.98320015 2010.00237823 2010.02155632
 2010.0407344  2010.05991248 2010.07909056 2010.09826865 2010.11744673
 2010.13662481 2010.15580289 2010.17498097 2010.20201864]","[-81.54821045 -81.92910028 -82.23893992 -82.44411831 -82.52506757
 -82.47927817 -82.3222254  -82.08590569 -81.81501561 -81.56117354
 -81.37591851 -81.30347385 -81.374338   -81.60071015 -81.97449398
 -82.46824263 -83.03894677 -83.63411085 -84.19918899 -84.68522956
 -85.05553927 -85.29038594 -85.3889806  -85.36857881 -85.26090986
 -85.10657921 -84.94840824 -84.82480448 -84.76416751 -84.78115268
 -84.87524311 -85.03169828 -85.22457481 -85.42119921 -85.58735612
 -85.69233843 -85.7131921  -85.63759545 -85.46520922 -85.20728677
 -84.88497917 -84.52645683 -84.16340612 -83.82725265 -83.54551662
 -83.33862932 -83.21747327 -83.1818431  -83.22000099 -83.30941704
 -83.41874528 -83.51097701 -83.54757673 -83.49329073 -83.32113457
 -83.01692766 -82.58273044 -82.03860339 -81.42213878 -80.78559761
 -80.19076683 -79.70205102 -79.37853583 -79.26617252 -79.39112307
 -79.75540176 -80.33542303 -81.08403805 -81.93564917 -82.81400202
 -83.6413777  -84.34818166 -84.88122715 -85.20983515 -85.32876626
 -85.25764978 -85.03715917 -84.72247156 -84.37519059 -84.05482819
 -83.81113499 -83.67822727 -83.67129027 -83.78596869 -84.00043667
 -84.27954038 -84.58027651 -84.8577849  -85.07099438 -85.18726452
 -85.18559354 -85.05818783 -84.81037891 -84.45910454 -84.03027826
 -83.55540072 -83.06779319 -82.5988051  -82.17434747 -81.81206659
 -81.51935696 -81.29257522 -81.11753737 -80.9713664  -80.8256615
 -80.6507092  -80.42030169 -80.11656345 -79.73409301 -79.28273017
 -78.78833995 -78.29130739 -77.84268561 -77.49833452 -77.31176564
 -77.32665729 -77.5701308  -78.0478493  -78.74179976 -79.61116596
 -80.59637283 -81.6257421  -82.62389179 -83.52066014 -84.25929538
 -84.80271953 -85.13700972 -85.27166775 -85.23674945 -85.07739875
 -84.84670002 -84.59797229 -84.37764138 -84.21966897 -84.14220199
 -84.14675907 -84.21975789 -84.33603374 -84.46357796 -84.56873734
 -84.6211132  -84.59753226 -84.48469136 -84.28029732 -83.99274113
 -83.63951069 -83.24464775 -82.83559741 -82.43979589 -82.0813155
 -81.77785301 -81.53832039 -81.36127406 -81.23439271 -81.13516659
 -81.03287967 -80.89184195 -80.67566714 -80.35221069 -79.89861602
 -79.30580131 -78.58169064 -77.75257703 -76.86220464 -75.96845597
 -75.13788487 -74.43869068 -73.93301797 -73.66963243 -73.67802679
 -73.96484012 -74.51314886 -75.28475926 -76.22516899 -77.27045172
 -78.35502372 -79.41913038 -80.41496342 -81.31057285 -82.09112466
 -82.75750581 -83.32271086 -83.80679026 -84.2312827  -84.61421805
 -84.96636364 -85.28936202 -85.57588407 -85.81161392 -85.97857053
 -86.05908035 -86.03965969 -85.91413684 -85.68554917 -85.36654753
 -84.97835101 -84.54846041 -84.10753943 -83.68590669 -83.31007134
 -82.99970018 -82.76532779 -82.60696028 -82.5136907  -82.46432746
 -82.42906228 -82.37209311 -82.25509872 -82.04137626 -81.70035723
 -81.21210407 -80.57128289 -79.79007594 -78.89946517 -77.94847988
 -77.001177   -76.13140352 -75.41577069 -74.92555117 -74.71839655
 -74.83109085 -75.27429071 -76.03013739 -77.05320399 -78.2747973
 -79.6101337  -80.96748255 -82.25805226 -83.40526765 -84.35222288
 -85.06631165 -85.5405201  -85.79136    -85.85392261 -85.77494086
 -85.60499718 -85.391073   -85.17049976 -84.96708283 -84.789768
 -84.63381112 -84.48402722 -84.31942366 -84.11838392 -83.86357409
 -83.54587356 -83.16684819 -82.73953904 -82.28758653 -81.84291279
 -81.4423225  -81.12345132 -80.92050288 -80.78670734]","[-82.7692471  -82.81570849 -82.86195958 -82.90793125 -82.95355207
 -82.99874931 -83.04344877 -83.08757512 -83.13105253 -83.17380535
 -83.21575612 -83.25682972 -83.29695072 -83.33604453 -83.37403775
 -83.41085845 -83.44643649 -83.48070382 -83.51359475 -83.54504629
 -83.57499194 -83.6033848  -83.63017243 -83.65530156 -83.67872563
 -83.70040306 -83.72029454 -83.7383692  -83.75459889 -83.76896048
 -83.78143582 -83.79201136 -83.80068146 -83.80743839 -83.81228652
 -83.81523279 -83.81629403 -83.81547412 -83.81281496 -83.80832921
 -83.80205753 -83.79403279 -83.78429638 -83.77289539 -83.75988002
 -83.74530371 -83.7292257  -83.71170627 -83.69281098 -83.67260743
 -83.65116608 -83.62856234 -83.60486818 -83.5801567  -83.55451138
 -83.52801523 -83.5007379  -83.47276238 -83.44417324 -83.41505162
 -83.3854701  -83.35551542 -83.32526024 -83.29478477 -83.26415569
 -83.23346154 -83.20275048 -83.17210294 -83.14157383 -83.11124203
 -83.08113696 -83.0513369  -83.02188442 -82.99282235 -82.96419569
 -82.93603341 -82.90838141 -82.8812604  -82.85469819 -82.8287126
 -82.80332426 -82.77853211 -82.7543548  -82.73078792 -82.70782817
 -82.68547132 -82.6637017  -82.64250663 -82.62187267 -82.60177521
 -82.58218042 -82.56306026 -82.54438655 -82.52612388 -82.50823382
 -82.4906765  -82.47341223 -82.45639469 -82.43957364 -82.42291559
 -82.40636493 -82.38987108 -82.37339351 -82.35688405 -82.34029331
 -82.32357365 -82.30668055 -82.28957133 -82.27220378 -82.2545421
 -82.23654343 -82.21816901 -82.19938872 -82.18017335 -82.16049426
 -82.14032736 -82.11965198 -82.0984471  -82.07670667 -82.05441587
 -82.03157054 -82.00816821 -81.9842135  -81.95971062 -81.93466969
 -81.9091048  -81.88303399 -81.85647917 -81.82946605 -81.80202405
 -81.77418562 -81.74598734 -81.71746907 -81.6886739  -81.65964203
 -81.63043223 -81.60108981 -81.57166782 -81.54222084 -81.51280422
 -81.48347704 -81.45429867 -81.4253292  -81.39662933 -81.3682601
 -81.34028258 -81.3127576  -81.28574547 -81.25930571 -81.23349676
 -81.20837571 -81.18399808 -81.16041752 -81.13768563 -81.11585168
 -81.09496244 -81.07506196 -81.05619141 -81.0383889  -81.02168932
 -81.00612423 -80.99172176 -80.97850648 -80.96649937 -80.95571775
 -80.94617521 -80.93788168 -80.93084334 -80.92506275 -80.92053881
 -80.91726685 -80.91523877 -80.91444305 -80.91486494 -80.91648658
 -80.91928714 -80.923243   -80.9283279  -80.93451321 -80.94176803
 -80.95005948 -80.95935318 -80.96961997 -80.98080748 -80.99288496
 -81.00581271 -81.01955075 -81.03405875 -81.0492963  -81.06522303
 -81.08179903 -81.09898587 -81.11674253 -81.13503398 -81.15382377
 -81.17307931 -81.19276472 -81.21284605 -81.23329816 -81.25409934
 -81.27522068 -81.29663673 -81.31832443 -81.34027115 -81.36246115
 -81.38488201 -81.4075239  -81.43037988 -81.45344521 -81.47671762
 -81.50019833 -81.52388732 -81.54779168 -81.57191873 -81.59627793
 -81.6208839  -81.64574513 -81.67087107 -81.69629117 -81.72201575
 -81.74806312 -81.77445159 -81.80120142 -81.82833272 -81.85586557
 -81.88381827 -81.91221056 -81.94106556 -81.97039845 -82.00022612
 -82.03056412 -82.06142636 -82.09282499 -82.12477009 -82.15726948
 -82.19032846 -82.22394982 -82.25813301 -82.29287565 -82.3281717
 -82.36401176 -82.40038312 -82.43726968 -82.4746518  -82.51250627
 -82.55080629 -82.58952143 -82.62861768 -82.66805739 -82.70779942
 -82.74779914 -82.78800852 -82.82837628 -82.86796408]","[[], [], [], [], [], [], [], [], [], [], [], [], [], [], [], [], [], [-81.54821044644851], [-81.92910028320405], [-82.23893991825274], [-82.44411830930956], [-82.52506756583742], [-82.47927816881025], [-82.32222539562414], [-82.08590568973806], [-81.81501560536988], [-81.56117354323928], [-81.37591851110828], [-81.30347384715212], [-81.37433799904255], [-81.6007101539558], [-81.97449398432254], [-82.46824262611342], [-83.03894677168314], [-83.63411085411556], [-84.19918899178732], [-84.6852295619446], [-85.055539270399], [-85.29038594203062], [-85.38898059954394], [-85.36857881290192], [-85.26090986230399], [-85.1065792107099], [-84.94840823819386], [-84.82480447816809], [-84.76416750794122], [-84.78115268066976], [-84.87524311126424], [-85.03169828264144], [-85.22457481240092], [-85.42119921237025], [-85.58735611846863], [-85.6923384269397], [-85.7131920996532], [-85.63759544654792], [-85.46520922405158], [-85.2072867657426], [-84.88497916913566], [-84.52645682661024], [-84.16340612286481], [-83.82725264511917], [-83.54551661924262], [-83.33862932431386], [-83.2174732748861], [-83.1818430972585], [-83.22000099198397], [-83.30941703635197], [-83.41874527698388], [-83.51097700756254], [-83.5475767328635], [-83.49329073041035], [-83.32113457118211], [-83.01692765948276], [-82.5827304423269], [-82.03860338999485], [-81.42213878211676], [-80.78559761308362], [-80.19076682626235], [-79.70205101683956], [-79.37853583491905], [-79.26617251768408], [-79.39112307104722], [-79.75540175734233], [-80.33542303352726], [-81.08403805316905], [-81.93564917105451], [-82.81400201692485], [-83.6413777014518], [-84.34818166197714], [-84.88122715234461], [-85.20983514658847], [-85.32876625586165], [-85.25764978043497], [-85.03715917127576], [-84.72247155532101], [-84.37519059020885], [-84.05482819315188], [-83.81113499135178], [-83.67822726600161], [-83.67129027177748], [-83.78596868765545], [-84.00043666692939], [-84.2795403780602], [-84.58027650956461], [-84.85778490265817], [-85.07099437640211], [-85.18726451985515], [-85.18559354079726], [-85.05818782873388], [-84.81037890716958], [-84.45910454204495], [-84.03027825600039], [-83.55540072101222], [-83.06779319417399], [-82.5988050997338], [-82.17434747451136], [-81.81206658773668], [-81.51935695804902], [-81.29257522294029], [-81.11753736536787], [-80.971366395754], [-80.82566150078166], [-80.65070920225452], [-80.42030169095852], [-80.1165634548021], [-79.73409300810961], [-79.28273017066195], [-78.78833994834523], [-78.29130738565891], [-77.84268561092378], [-77.49833452166737], [-77.3117656366306], [-77.32665729116782], [-77.57013079550799], [-78.04784929749394], [-78.74179976204924], [-79.61116596025616], [-80.59637283068068], [-81.6257420962237], [-82.62389179282432], [-83.52066014422029], [-84.25929538385395], [-84.80271953378978], [-85.13700972272903], [-85.27166775212156], [-85.2367494479766], [-85.0773987492525], [-84.8467000156414], [-84.59797228522774], [-84.37764138129131], [-84.219668967134], [-84.14220199040909], [-84.14675906594663], [-84.21975788849657], [-84.33603373733361], [-84.46357796223361], [-84.5687373351528], [-84.6211131978541], [-84.59753225508572], [-84.4846913600772], [-84.2802973162643], [-83.99274113120757], [-83.63951069350806], [-83.24464775178157], [-82.83559740988493], [-82.43979589225162], [-82.0813154952799], [-81.7778530148292], [-81.53832039297875], [-81.361274058139], [-81.23439270865107], [-81.13516658872925], [-81.03287967097444], [-80.89184195251077], [-80.67566714338439], [-80.35221068943666], [-79.8986160242097], [-79.3058013115633], [-78.58169064092951], [-77.75257702617527], [-76.86220463935156], [-75.96845597439764], [-75.13788487291261], [-74.43869067762023], [-73.93301797262566], [-73.66963243448946], [-73.67802679217702], [-73.9648401157593], [-74.51314886288063], [-75.2847592562545], [-76.2251689855666], [-77.27045172284795], [-78.35502372493656], [-79.41913037870924], [-80.4149634180884], [-81.3105728459155], [-82.09112466063658], [-82.75750581126212], [-83.32271085642815], [-83.80679025917789], [-84.23128270059968], [-84.61421804992052], [-84.96636363963054], [-85.28936202458307], [-85.57588407236305], [-85.8116139191898], [-85.97857053356945], [-86.05908035001288], [-86.03965968680887], [-85.91413683830196], [-85.6855491747049], [-85.36654753320781], [-84.97835101294132], [-84.54846040943208], [-84.10753942775106], [-83.68590668921172], [-83.31007134126278], [-82.9997001841403], [-82.76532778630481], [-82.606960282517], [-82.51369070476187], [-82.46432745544013], [-82.42906227628994], [-82.37209311250155], [-82.2550987232942], [-82.04137625737532], [-81.70035723184243], [-81.212104073652], [-80.57128289200047], [-79.79007594105538], [-78.89946516557436], [-77.94847987665521], [-77.00117699732009], [-76.13140351828943], [-75.41577068766642], [-74.92555116560946], [-74.7183965514227], [-74.83109085333214], [-75.27429070521111], [-76.03013739042763], [-77.05320399414819], [-78.27479730396537], [-79.61013369982749], [-80.96748254725183], [-82.258052261688], [-83.40526765025048], [-84.35222288413205], [-85.06631165497285], [-85.54052010109055], [-85.79135999631553], [-85.85392261421687], [-85.77494085803292], [-85.60499717660925], [-85.39107300355133], [-85.17049976058962], [-84.9670828254002], [-84.78976799745946], [-84.6338111174994], [-84.48402722376554], [-84.31942365728816], [-84.1183839230696], [-83.86357409406574], [-83.54587355610803], [-83.16684819056402], [-82.73953904406257], [-82.28758652895985], [-81.84291279435598], [-81.44232249831083], [-81.12345131812401], [-80.92050287882344], [-80.78670733811423], [], [], [], [], [], [], [], [], [], [], [], [], [], [], [], [], [], [], [], [], [], [], [], [], [], [], [], [], [], [], [], [], [], [], [], [], [], [], [], [], [], [], [], [], [], [], [], [], [], [], [], [], [], [], [], [], [], [], [], [], [], [], [], [], [], [], [], [], [], [], [], [], [], [], [], [], [], [], [], [], [], [], [], [], [], [], [], [], [], [], [], [], [], [], [], [], [], [], [], [], [], [], [], [], [], [], [], [], [], [], [], [], [], [], [], [], [], [], [], [], [], [], [], [], [], [], [], [], [], [], [], [], [], [], [], [], [], [], [], [], [], [], [], [], [], [], [], [], [], [], [], [], [], [], [], [], [], [], [], [], [], [], [], [], [], [], [], [], [], [], [], [], [], [], [], [], [], [], [], [], [], [], [], [], [], [], [], [], [], [], [], [], [], [], [], [], [], [], [], [], [], [], [], [], [], [], [], [], [], [], [], [], [], [], [], [], [], [], [], [], [], [], [], [], [], [], [], [], [], [], [], [], [], [], [], [], [], [], [], [], [], [], [], [], [], [], [], [], [], [], [], [], [], [], [], [], [], [], [], [], [], [], [], [], [], [], [], [], [], [], [], [], [], [], [], [], [], [], [], [], [], [], [], [], [], [], [], [], [], [], [], [], [], [], [], [], [], [], [], [], [], [], [], [], [], [], [], [], [], [], [], [], [], [], [], [], [], [], [], [], [], [], [], [], [], [], [], [], [], [], [], [], [], [], [], [], [], [], [], [], [], [], [], [], [], [], [], [], [], [], [], [], [], [], [], [], [], [], [], [], [], [], [], [], [], [], [], [], [], [], [], [], [], [], [], [], [], [], [], [], [], [], [], [], [], [], [], [], [], [], [], [], [], [], [], [], [], [], [], [], [], [], [], [], [], [], [], [], [], [], [], [], [], [], [], [], [], [], [], [], [], [], [], [], [], [], [], [], [], [], [], [], [], [], [], [], [], [], [], [], [], [], [], [], [], [], [], [], [], [], [], [], [], [], [], [], [], [], [], [], [], [], [], [], [], [], [], [], [], [], [], [], [], [], [], [], [], [], [], [], [], [], [], [], [], [], [], [], [], [], [], [], [], [], [], [], [], [], [], [], [], [], [], [], [], [], [], [], [], [], [], [], [], [], [], [], [], [], [], [], [], [], [], [], [], [], [], [], [], [], [], [], [], [], [], [], [], [], [], [], [], [], [], [], [], [], [], [], [], [], [], [], [], [], [], [], [], [], [], [], [], [], [], [], [], [], [], [], [], [], [], [], [], [], [], [], [], [], [], [], [], [], [], [], [], [], [], [], [], [], [], [], [], [], [], [], [], [], [], [], [], [], [], [], [], [], [], [], [], [], [], [], [], [], [], [], [], [], [], [], [], [], [], [], [], [], [], [], [], [], [], [], [], [], [], [], [], [], [], [], [], [], [], [], [], [], [], [], [], [], [], [], [], [], [], [], [], [], [], [], [], [], [], [], [], [], [], [], [], [], [], [], [], [], [], [], [], [], [], [], [], [], [], [], [], [], [], [], [], [], [], [], [], [], [], [], [], [], [], [], [], [], [], [], [], [], [], [], [], [], [], [], [], [], [], [], [], [], [], [], [], [], [], [], [], [], [], [], [], [], [], [], [], [], [], [], [], [], [], [], [], []]","[[], [], [], [], [], [], [], [], [], [], [], [], [], [], [], [], [], [-82.76924710107535], [-82.81570848831805], [-82.86195958394612], [-82.90793124745659], [-82.9535520661848], [-82.99874930836758], [-83.04344876998977], [-83.08757511995945], [-83.13105252514448], [-83.17380534582591], [-83.2157561193756], [-83.25682972280735], [-83.29695071962108], [-83.33604453216834], [-83.37403775288738], [-83.41085845383274], [-83.4464364929237], [-83.48070381534704], [-83.51359474856812], [-83.54504628943282], [-83.57499193602497], [-83.60338480078697], [-83.63017242771684], [-83.65530155515087], [-83.67872562710654], [-83.70040306212954], [-83.7202945448544], [-83.73836919945121], [-83.75459889204899], [-83.76896047638219], [-83.78143581592202], [-83.79201135652458], [-83.80068146194441], [-83.80743839158549], [-83.81228651813441], [-83.81523279134437], [-83.81629402983897], [-83.81547411742258], [-83.81281496234631], [-83.80832920531435], [-83.80205753075369], [-83.79403279217894], [-83.78429638274787], [-83.77289538587458], [-83.75988001730741], [-83.74530371204267], [-83.72922569714838], [-83.71170626919087], [-83.69281098296402], [-83.67260742782967], [-83.65116607816128], [-83.62856234035293], [-83.60486818382942], [-83.5801566950765], [-83.5545113765259], [-83.52801523165095], [-83.50073789982572], [-83.47276238248438], [-83.44417323577669], [-83.41505161614934], [-83.38547010404943], [-83.35551542153068], [-83.32526023922033], [-83.2947847654776], [-83.26415568537077], [-83.23346154445021], [-83.20275048060708], [-83.1721029448025], [-83.14157382744033], [-83.11124202833352], [-83.0811369556046], [-83.05133690484162], [-83.02188442095911], [-82.9928223528495], [-82.96419569400469], [-82.9360334080595], [-82.90838140994319], [-82.88126039815047], [-82.85469818627138], [-82.8287125962793], [-82.80332426015626], [-82.77853211237324], [-82.75435480138859], [-82.73078791735546], [-82.70782817325497], [-82.68547132301656], [-82.663701703131], [-82.64250663255045], [-82.62187266882843], [-82.6017752144122], [-82.58218041785636], [-82.56306025620887], [-82.54438654813943], [-82.52612387641335], [-82.5082338159236], [-82.49067649567374], [-82.47341222726335], [-82.45639468633422], [-82.43957364215663], [-82.42291559035905], [-82.40636493193787], [-82.38987108180625], [-82.37339351306372], [-82.35688404701533], [-82.34029331295537], [-82.32357365289364], [-82.3066805459161], [-82.28957133365338], [-82.27220377552737], [-82.25454209783658], [-82.23654342608661], [-82.21816900936103], [-82.1993887213976], [-82.18017335118438], [-82.16049425807377], [-82.14032736178667], [-82.11965198281769], [-82.09844709811573], [-82.07670667237466], [-82.05441587490523], [-82.03157053699314], [-82.00816820948292], [-81.98421350316248], [-81.9597106228046], [-81.93466968714367], [-81.90910479583076], [-81.88303398666959], [-81.8564791716656], [-81.82946605230231], [-81.80202404892191], [-81.77418561760489], [-81.74598733950309], [-81.71746906872504], [-81.68867389696008], [-81.65964203170715], [-81.63043222628897], [-81.60108981495735], [-81.57166782390432], [-81.54222084076513], [-81.51280422428661], [-81.48347703995135], [-81.45429866679754], [-81.42532919571966], [-81.39662932943303], [-81.36826009859857], [-81.34028257717237], [-81.31275759853675], [-81.28574547395745], [-81.25930571489597], [-81.233496760679], [-81.20837571299158], [-81.1839980786199], [-81.1604175218168], [-81.13768562760674], [-81.11585167727971], [-81.09496243725327], [-81.07506196240132], [-81.05619141486424], [-81.0383888992644], [-81.02168931515519], [-81.00612422743266], [-80.99172175533394], [-80.97850648054], [-80.96649937478969], [-80.9557177473009], [-80.9461752121801], [-80.93788167588782], [-80.93084334471203], [-80.9250627520891], [-80.92053880549713], [-80.91726685253619], [-80.91523876570145], [-80.91444304524815], [-80.91486493944693], [-80.91648658142853], [-80.91928714172461], [-80.92324299552253], [-80.92832790357122], [-80.934513205598], [-80.9417680250274], [-80.95005948373155], [-80.95935317774902], [-80.96961997497176], [-80.98080747555588], [-80.99288495619686], [-81.0058127099138], [-81.01955074846899], [-81.03405874993003], [-81.04929630302246], [-81.06522303055287], [-81.08179902951679], [-81.09898586841132], [-81.11674253159404], [-81.13503397635832], [-81.15382376723596], [-81.17307931216646], [-81.1927647168385], [-81.21284605416608], [-81.23329816386155], [-81.25409934219697], [-81.2752206804605], [-81.29663672843975], [-81.31832443019621], [-81.34027114501617], [-81.36246114769123], [-81.38488200765211], [-81.40752390141665], [-81.43037987538959], [-81.4534452065443], [-81.47671762224755], [-81.50019833458053], [-81.52388732005771], [-81.54779168344518], [-81.5719187321041], [-81.59627793191696], [-81.62088390421647], [-81.64574512923194], [-81.67087106677477], [-81.69629116886638], [-81.72201575421897], [-81.74806311832683], [-81.77445159291545], [-81.80120141625487], [-81.82833271891307], [-81.85586556745737], [-81.88381827490264], [-81.91221055752698], [-81.94106555633198], [-81.97039844821931], [-82.00022612394812], [-82.0305641156989], [-82.06142636430404], [-82.0928249929823], [-82.12477008898564], [-82.15726947850563], [-82.19032846098428], [-82.22394982423893], [-82.25813300790362], [-82.29287564957336], [-82.32817170324435], [-82.3640117565], [-82.40038312437133], [-82.43726968377848], [-82.47465179944274], [-82.5125062690292], [-82.55080628801385], [-82.5895214346622], [-82.62861767539431], [-82.6680573907027], [-82.70779942167361], [-82.74779913705173], [-82.78800852067225], [-82.82837627897571], [-82.86796408344462], [], [], [], [], [], [], [], [], [], [], [], [], [], [], [], [], [], [], [], [], [], [], [], [], [], [], [], [], [], [], [], [], [], [], [], [], [], [], [], [], [], [], [], [], [], [], [], [], [], [], [], [], [], [], [], [], [], [], [], [], [], [], [], [], [], [], [], [], [], [], [], [], [], [], [], [], [], [], [], [], [], [], [], [], [], [], [], [], [], [], [], [], [], [], [], [], [], [], [], [], [], [], [], [], [], [], [], [], [], [], [], [], [], [], [], [], [], [], [], [], [], [], [], [], [], [], [], [], [], [], [], [], [], [], [], [], [], [], [], [], [], [], [], [], [], [], [], [], [], [], [], [], [], [], [], [], [], [], [], [], [], [], [], [], [], [], [], [], [], [], [], [], [], [], [], [], [], [], [], [], [], [], [], [], [], [], [], [], [], [], [], [], [], [], [], [], [], [], [], [], [], [], [], [], [], [], [], [], [], [], [], [], [], [], [], [], [], [], [], [], [], [], [], [], [], [], [], [], [], [], [], [], [], [], [], [], [], [], [], [], [], [], [], [], [], [], [], [], [], [], [], [], [], [], [], [], [], [], [], [], [], [], [], [], [], [], [], [], [], [], [], [], [], [], [], [], [], [], [], [], [], [], [], [], [], [], [], [], [], [], [], [], [], [], [], [], [], [], [], [], [], [], [], [], [], [], [], [], [], [], [], [], [], [], [], [], [], [], [], [], [], [], [], [], [], [], [], [], [], [], [], [], [], [], [], [], [], [], [], [], [], [], [], [], [], [], [], [], [], [], [], [], [], [], [], [], [], [], [], [], [], [], [], [], [], [], [], [], [], [], [], [], [], [], [], [], [], [], [], [], [], [], [], [], [], [], [], [], [], [], [], [], [], [], [], [], [], [], [], [], [], [], [], [], [], [], [], [], [], [], [], [], [], [], [], [], [], [], [], [], [], [], [], [], [], [], [], [], [], [], [], [], [], [], [], [], [], [], [], [], [], [], [], [], [], [], [], [], [], [], [], [], [], [], [], [], [], [], [], [], [], [], [], [], [], [], [], [], [], [], [], [], [], [], [], [], [], [], [], [], [], [], [], [], [], [], [], [], [], [], [], [], [], [], [], [], [], [], [], [], [], [], [], [], [], [], [], [], [], [], [], [], [], [], [], [], [], [], [], [], [], [], [], [], [], [], [], [], [], [], [], [], [], [], [], [], [], [], [], [], [], [], [], [], [], [], [], [], [], [], [], [], [], [], [], [], [], [], [], [], [], [], [], [], [], [], [], [], [], [], [], [], [], [], [], [], [], [], [], [], [], [], [], [], [], [], [], [], [], [], [], [], [], [], [], [], [], [], [], [], [], [], [], [], [], [], [], [], [], [], [], [], [], [], [], [], [], [], [], [], [], [], [], [], [], [], [], [], [], [], [], [], [], [], [], [], [], [], [], [], [], [], [], [], [], [], [], [], [], [], [], [], [], [], [], [], [], [], [], [], [], [], [], [], [], [], [], [], [], [], [], [], [], [], [], [], [], [], [], [], [], [], [], [], [], [], [], [], [], [], [], [], [], [], [], [], [], [], [], [], [], [], [], [], [], [], [], [], [], [], [], [], [], [], [], [], [], [], [], [], [], [], [], [], [], [], [], [], [], [], [], [], [], [], [], [], [], [], [], [], [], []]",1.1402518923737552,1.1618564371735702
mhd,53.33,"[2005.20114155 2005.22031964 2005.23949772 2005.2586758  2005.27785388
 2005.29703196 2005.31621005 2005.33538813 2005.35456621 2005.37374429
 2005.39292237 2005.41210046 2005.43127854 2005.45045662 2005.4696347
 2005.48881279 2005.50799087 2005.52716895 2005.54634703 2005.56552511
 2005.5847032  2005.60388128 2005.62305936 2005.64223744 2005.66141553
 2005.68059361 2005.69977169 2005.71894977 2005.73812785 2005.75730594
 2005.77648402 2005.7956621  2005.81484018 2005.83401827 2005.85319635
 2005.87237443 2005.89155251 2005.91073059 2005.92990868 2005.94908676
 2005.96826484 2005.98744292 2006.00662101 2006.02579909 2006.04497717
 2006.06415525 2006.08333333 2006.10251142 2006.1216895  2006.14086758
 2006.16004566 2006.17922374 2006.19840183 2006.21757991 2006.23675799
 2006.25593607 2006.27511416 2006.29429224 2006.31347032 2006.3326484
 2006.35182648 2006.37100457 2006.39018265 2006.40936073 2006.42853881
 2006.4477169  2006.46689498 2006.48607306 2006.50525114 2006.52442922
 2006.54360731 2006.56278539 2006.58196347 2006.60114155 2006.62031964
 2006.63949772 2006.6586758  2006.67785388 2006.69703196 2006.71621005
 2006.73538813 2006.75456621 2006.77374429 2006.79292237 2006.81210046
 2006.83127854 2006.85045662 2006.8696347  2006.88881279 2006.90799087
 2006.92716895 2006.94634703 2006.96552511 2006.9847032  2007.00388128
 2007.02305936 2007.04223744 2007.06141553 2007.08059361 2007.09977169
 2007.11894977 2007.13812785 2007.15730594 2007.17648402 2007.1956621
 2007.21484018 2007.23401827 2007.25319635 2007.27237443 2007.29155251
 2007.31073059 2007.32990868 2007.34908676 2007.36826484 2007.38744292
 2007.40662101 2007.42579909 2007.44497717 2007.46415525 2007.48333333
 2007.50251142 2007.5216895  2007.54086758 2007.56004566 2007.57922374
 2007.59840183 2007.61757991 2007.63675799 2007.65593607 2007.67511416
 2007.69429224 2007.71347032 2007.7326484  2007.75182648 2007.77100457
 2007.79018265 2007.80936073 2007.82853881 2007.8477169  2007.86689498
 2007.88607306 2007.90525114 2007.92442922 2007.94360731 2007.96278539
 2007.98196347 2008.00114155 2008.02031964 2008.03949772 2008.0586758
 2008.07785388 2008.09703196 2008.11621005 2008.13538813 2008.15456621
 2008.17374429 2008.19292237 2008.21210046 2008.23127854 2008.25045662
 2008.2696347  2008.28881279 2008.30799087 2008.32716895 2008.34634703
 2008.36552511 2008.3847032  2008.40388128 2008.42305936 2008.44223744
 2008.46141553 2008.48059361 2008.49977169 2008.51894977 2008.53812785
 2008.55730594 2008.57648402 2008.5956621  2008.61484018 2008.63401827
 2008.65319635 2008.67237443 2008.69155251 2008.71073059 2008.72990868
 2008.74908676 2008.76826484 2008.78744292 2008.80662101 2008.82579909
 2008.84497717 2008.86415525 2008.88333333 2008.90251142 2008.9216895
 2008.94086758 2008.96004566 2008.97922374 2008.99840183 2009.01757991
 2009.03675799 2009.05593607 2009.07511416 2009.09429224 2009.11347032
 2009.1326484  2009.15182648 2009.17100457 2009.19018265 2009.20936073
 2009.22853881 2009.2477169  2009.26689498 2009.28607306 2009.30525114
 2009.32442922 2009.34360731 2009.36278539 2009.38196347 2009.40114155
 2009.42031964 2009.43949772 2009.4586758  2009.47785388 2009.49703196
 2009.51621005 2009.53538813 2009.55456621 2009.57374429 2009.59019216]","[-84.10268198 -84.28549683 -84.27318358 -84.0493284  -83.62858397
 -83.04965532 -82.36474789 -81.62825332 -80.88739592 -80.17685404
 -79.51820654 -78.92372547 -78.40288912 -77.96928017 -77.64544642
 -77.46387868 -77.46331313 -77.68087342 -78.14178776 -78.84924237
 -79.7771467  -80.86811027 -82.03785605 -83.18585296 -84.21047121
 -85.02579417 -85.57664669 -85.84857768 -85.87045526 -85.70880144
 -85.45472769 -85.20597201 -85.04747534 -85.03460195 -85.18234945
 -85.46285851 -85.81176188 -86.14207977 -86.36276943 -86.3981167
 -86.20393224 -85.77719216 -85.15726912 -84.41852012 -83.6559054
 -82.96669227 -82.432056   -82.10232391 -81.98873891 -82.06317549
 -82.26552763 -82.51689644 -82.73556434 -82.85236353 -82.82220231
 -82.6298003  -82.28880919 -81.83518401 -81.31683024 -80.78226486
 -80.27115196 -79.80869285 -79.40503649 -79.05927859 -78.76654976
 -78.52585611 -78.34617059 -78.24875473 -78.26469411 -78.42793568
 -78.76538244 -79.28651042 -79.97530055 -80.78691566 -81.65057593
 -82.47865019 -83.1805475  -83.67875549 -83.92362542 -83.90367186
 -83.64889164 -83.22604926 -82.72654019 -82.2490788  -81.88066626
 -81.67968673 -81.66471352 -81.81140341 -82.05824485 -82.32003651
 -82.50636813 -82.54129567 -82.38013378 -82.01989581 -81.50121713
 -80.90138058 -80.31988948 -79.85959358 -79.60716822 -79.61687059
 -79.90069937 -80.42669415 -81.12539418 -81.90281525 -82.657053
 -83.29504952 -83.746238   -83.97067824 -83.96064715 -83.73615286
 -83.3361414  -82.80797288 -82.19789354 -81.54471201 -80.87785336
 -80.21968356 -79.59079341 -79.01610439 -78.52941965 -78.17444526
 -78.00125882 -78.058468   -78.38256612 -78.9869371  -79.85333651
 -80.9283634  -82.12648287 -83.3397611  -84.45295036 -85.36124902
 -85.98728383 -86.29385294 -86.28965277 -86.02661405 -85.58917154
 -85.07748408 -84.58794197 -84.19490931 -83.93741261 -83.813532
 -83.78358463 -83.78138004 -83.73110932 -83.56624347 -83.24639902
 -82.76857282 -82.17035373 -81.5244256  -80.92551321 -80.47249564
 -80.24937914 -80.30902974 -80.66286392 -81.27844451 -82.08521481
 -82.98693614 -83.87808535 -84.66076809 -85.25888281 -85.6268978
 -85.75212477 -85.65072682 -85.35909896 -84.92316487 -84.3883115
 -83.79239186 -83.16305846 -82.5195794  -81.87797276 -81.2574098
 -80.68549655 -80.20035078 -79.8482578  -79.67692603 -79.72562888
 -80.01453249 -80.53595845 -81.2501384  -82.0871429  -82.95532877
 -83.75515527 -84.3958673  -84.81172224 -84.97427405 -84.89794822
 -84.63737539 -84.27667959 -83.91261625 -83.63484745 -83.50731738
 -83.55458881 -83.75602963 -84.04918043 -84.34174228 -84.52984939
 -84.51894451 -84.24314284 -83.67910559 -82.8517384  -81.83065855
 -80.71821981 -79.63162121 -78.68272948 -77.95960045 -77.51316391
 -77.35141069 -77.44171824 -77.72028391 -78.1062469  -78.51728551
 -78.88338262 -79.15615237 -79.31231143 -79.35132904 -79.28863554
 -79.14670256 -78.94662577 -78.70248988 -78.41988388 -78.09870269
 -77.73913406 -77.34879904 -76.94862591 -76.57529329 -76.27891906
 -76.11592056 -76.13825285 -76.38131622 -76.85345512 -77.39092395]","[-83.32149483 -83.28927149 -83.25854657 -83.22925686 -83.20134614
 -83.17475613 -83.14942635 -83.12529431 -83.10229567 -83.08036439
 -83.05943374 -83.03943436 -83.02029502 -83.00194553 -82.98431435
 -82.96732925 -82.95091769 -82.93500699 -82.91952461 -82.90439831
 -82.88955642 -82.87492802 -82.86044319 -82.84603322 -82.83163084
 -82.81717043 -82.80258826 -82.78782266 -82.77281604 -82.7575111
 -82.74184375 -82.72577847 -82.70925861 -82.69223997 -82.6746815
 -82.6565452  -82.63779683 -82.61840916 -82.5983503  -82.57759525
 -82.55613553 -82.53395182 -82.5110353  -82.48738084 -82.46298783
 -82.43786046 -82.41200657 -82.38543895 -82.35817486 -82.33023598
 -82.30164839 -82.27244251 -82.24264472 -82.21231039 -82.18147411
 -82.15018278 -82.11848507 -82.08643677 -82.0541002  -82.02152326
 -81.98878365 -81.95594265 -81.92306971 -81.89023592 -81.85751553
 -81.82498544 -81.79272302 -81.76080739 -81.72931909 -81.698339
 -81.66794871 -81.63823028 -81.60926534 -81.5811335  -81.55392079
 -81.52770849 -81.50256842 -81.4785818  -81.45582551 -81.43437539
 -81.41430194 -81.39567509 -81.37856265 -81.36302279 -81.34911876
 -81.33690659 -81.32644104 -81.31776964 -81.31093786 -81.30598641
 -81.30295161 -81.30186606 -81.30275509 -81.30563959 -81.31053676
 -81.31746103 -81.32641431 -81.33739906 -81.35041148 -81.36544191
 -81.38247531 -81.40149127 -81.422464   -81.44536287 -81.47015078
 -81.49678635 -81.52522282 -81.55540841 -81.58728641 -81.62079531
 -81.65586896 -81.69243668 -81.73042348 -81.76975019 -81.81033367
 -81.85208693 -81.89491966 -81.9387381  -81.98344538 -82.02894179
 -82.075125   -82.12189032 -82.16913095 -82.21673828 -82.26460209
 -82.31261089 -82.36065213 -82.40861191 -82.45637681 -82.50383541
 -82.55087155 -82.59737153 -82.64322162 -82.68830908 -82.73252417
 -82.77575696 -82.81789824 -82.85884548 -82.89849236 -82.93673712
 -82.97348051 -83.00862607 -83.04208025 -83.07375268 -83.10355628
 -83.1314075  -83.15722643 -83.18093696 -83.20246728 -83.22175069
 -83.23871957 -83.25331605 -83.26548518 -83.27517621 -83.28234292
 -83.28694371 -83.28894487 -83.28830457 -83.28500443 -83.27901997
 -83.27033118 -83.25892449 -83.24478975 -83.22793022 -83.20833696
 -83.18601806 -83.16098385 -83.13324831 -83.10282981 -83.06975132
 -83.03403945 -82.99572551 -82.95484392 -82.91143344 -82.86553581
 -82.81719817 -82.76647028 -82.7134053  -82.65806105 -82.60049606
 -82.54077136 -82.4789506  -82.41510758 -82.34931166 -82.28163421
 -82.21214903 -82.14093529 -82.0680724  -81.99364232 -81.91772669
 -81.84041039 -81.76177917 -81.6819199  -81.60092038 -81.51887517
 -81.43586311 -81.35197976 -81.26731955 -81.18196998 -81.09602312
 -81.0095705  -80.92270243 -80.83550876 -80.74808552 -80.66052057
 -80.57290231 -80.48532225 -80.39787107 -80.31063369 -80.22369663
 -80.13714523 -80.05106356 -79.96553431 -79.88063869 -79.79645631
 -79.71306505 -79.63054102 -79.54895841 -79.46838941 -79.3889041
 -79.31057038 -79.23345386 -79.15761775 -79.08312282 -79.0100239
 -78.93837848 -78.86824715 -78.79967371 -78.73270537 -78.66957637]","[[], [], [], [], [], [], [], [], [], [], [-84.10268197888051], [-84.28549682521016], [-84.27318357643257], [-84.04932840189927], [-83.62858396807805], [-83.04965531677865], [-82.36474788604801], [-81.62825331629082], [-80.88739592093017], [-80.17685404237612], [-79.518206542009], [-78.92372547187883], [-78.40288912148857], [-77.96928016594403], [-77.6454464174292], [-77.4638786786181], [-77.46331312665588], [-77.68087342215658], [-78.14178775861822], [-78.84924237401967], [-79.77714669594651], [-80.86811026846793], [-82.03785604820298], [-83.18585296108186], [-84.21047121001924], [-85.0257941735473], [-85.57664669391822], [-85.84857767947443], [-85.87045525809249], [-85.70880144438809], [-85.45472768534489], [-85.20597200785942], [-85.04747533558847], [-85.03460194806487], [-85.18234944527731], [-85.46285850940008], [-85.81176188070431], [-86.14207976880219], [-86.3627694302036], [-86.39811670426866], [-86.20393224108355], [-85.77719216063369], [-85.15726912440147], [-84.4185201204742], [-83.65590540156155], [-82.96669226746545], [-82.43205600107702], [-82.10232390508034], [-81.98873891356857], [-82.06317548543905], [-82.26552762751649], [-82.51689643529323], [-82.73556434269648], [-82.85236353409057], [-82.82220231481591], [-82.62980029773858], [-82.28880919222317], [-81.83518400593321], [-81.31683024036226], [-80.78226485807075], [-80.27115196469126], [-79.80869285103294], [-79.40503649350302], [-79.05927859349266], [-78.76654976156665], [-78.5258561112869], [-78.34617059134145], [-78.24875473469501], [-78.26469411454455], [-78.42793568368451], [-78.76538244400031], [-79.28651041780402], [-79.97530055379134], [-80.78691565607728], [-81.65057593297709], [-82.47865019166665], [-83.18054749885752], [-83.6787554943275], [-83.92362542147548], [-83.90367186051367], [-83.64889164375005], [-83.22604926144723], [-82.72654019195241], [-82.24907879682979], [-81.88066625925762], [-81.67968672725151], [-81.66471352133878], [-81.81140341070719], [-82.05824485130252], [-82.32003651175417], [-82.50636812769629], [-82.54129567434474], [-82.38013377868049], [-82.01989581051524], [-81.50121713288111], [-80.90138057604713], [-80.31988948185369], [-79.85959357569809], [-79.6071682194668], [-79.61687058966649], [-79.9006993653605], [-80.42669415064167], [-81.12539417634187], [-81.90281524827738], [-82.65705299772279], [-83.2950495165327], [-83.74623800050645], [-83.97067824239302], [-83.96064714703853], [-83.73615286317576], [-83.33614140308947], [-82.80797287640084], [-82.19789353874901], [-81.5447120051416], [-80.87785335670637], [-80.21968356127921], [-79.59079340914472], [-79.01610438759427], [-78.52941965188866], [-78.17444525637158], [-78.00125882265422], [-78.05846799962676], [-78.3825661223698], [-78.986937104343], [-79.85333650785913], [-80.92836340476076], [-82.12648287024044], [-83.33976110297927], [-84.45295036428952], [-85.36124902079055], [-85.98728383037364], [-86.2938529399743], [-86.28965277018546], [-86.02661404818234], [-85.58917154176194], [-85.07748407761622], [-84.5879419734445], [-84.19490931407157], [-83.93741260563372], [-83.81353200116553], [-83.78358463228814], [-83.7813800359646], [-83.73110932340686], [-83.5662434726699], [-83.24639902116837], [-82.76857281931674], [-82.17035373217196], [-81.52442559869695], [-80.92551321385345], [-80.47249564304721], [-80.24937913801755], [-80.30902974041621], [-80.66286391648632], [-81.27844451359411], [-82.08521480641247], [-82.98693614068877], [-83.87808535394326], [-84.66076809388392], [-85.25888280781523], [-85.62689779715866], [-85.75212477261918], [-85.65072682276377], [-85.35909895931411], [-84.92316486603552], [-84.38831149768757], [-83.79239186236882], [-83.16305845572364], [-82.5195794012535, -81.87797276346666], [-81.25740980196157], [-80.6854965452493], [-80.20035078053226], [-79.84825779915482], [-79.67692602746979], [-79.7256288833258], [-80.0145324936447], [-80.53595845065146], [-81.25013839505029], [-82.08714289511555], [-82.95532877269076], [-83.75515526896498], [-84.39586729802757], [-84.81172224360077], [-84.97427404684476], [-84.89794821816761], [-84.63737539330822], [-84.27667958937431], [-83.91261624739549], [-83.63484745238763], [-83.50731737713248], [-83.55458881231476], [-83.75602963250306], [-84.04918042689246], [-84.34174227901534], [-84.52984938787071], [-84.51894450778687], [-84.24314283824279], [-83.67910558838456], [-82.85173840430457], [-81.83065854792626], [-80.71821981290124], [-79.63162120567318], [-78.68272948489587], [-77.95960045266108], [-77.51316391232987], [-77.35141069397405], [-77.44171824011609], [-77.72028390759695], [-78.1062469023712], [-78.51728551131893], [-78.88338262114439], [-79.15615236840347], [-79.31231142506216], [-79.35132903912672], [-79.28863554181885], [-79.14670256168772], [-78.94662576880974], [-78.70248987840725], [-78.41988387942982], [-78.09870268613051], [-77.73913405549114], [-77.34879904200751], [-76.94862590551209], [-76.57529328648053], [-76.2789190619633], [-76.11592055969375], [-76.13825284601388], [-76.38131621845477], [-76.85345511584784], [-77.3909239501815], [], [], [], [], [], [], [], [], [], [], [], [], [], [], [], [], [], [], [], [], [], [], [], [], [], [], [], [], [], [], [], [], [], [], [], [], [], [], [], [], [], [], [], [], [], [], [], [], [], [], [], [], [], [], [], [], [], [], [], [], [], [], [], [], [], [], [], [], [], [], [], [], [], [], [], [], [], [], [], [], [], [], [], [], [], [], [], [], [], [], [], [], [], [], [], [], [], [], [], [], [], [], [], [], [], [], [], [], [], [], [], [], [], [], [], [], [], [], [], [], [], [], [], [], [], [], [], [], [], [], [], [], [], [], [], [], [], [], [], [], [], [], [], [], [], [], [], [], [], [], [], [], [], [], [], [], [], [], [], [], [], [], [], [], [], [], [], [], [], [], [], [], [], [], [], [], [], [], [], [], [], [], [], [], [], [], [], [], [], [], [], [], [], [], [], [], [], [], [], [], [], [], [], [], [], [], [], [], [], [], [], [], [], [], [], [], [], [], [], [], [], [], [], [], [], [], [], [], [], [], [], [], [], [], [], [], [], [], [], [], [], [], [], [], [], [], [], [], [], [], [], [], [], [], [], [], [], [], [], [], [], [], [], [], [], [], [], [], [], [], [], [], [], [], [], [], [], [], [], [], [], [], [], [], [], [], [], [], [], [], [], [], [], [], [], [], [], [], [], [], [], [], [], [], [], [], [], [], [], [], [], [], [], [], [], [], [], [], [], [], [], [], [], [], [], [], [], [], [], [], [], [], [], [], [], [], [], [], [], [], [], [], [], [], [], [], [], [], [], [], [], [], [], [], [], [], [], [], [], [], [], [], [], [], [], [], [], [], [], [], [], [], [], [], [], [], [], [], [], [], [], [], [], [], [], [], [], [], [], [], [], [], [], [], [], [], [], [], [], [], [], [], [], [], [], [], [], [], [], [], [], [], [], [], [], [], [], [], [], [], [], [], [], [], [], [], [], [], [], [], [], [], [], [], [], [], [], [], [], [], [], [], [], [], [], [], [], [], [], [], [], [], [], [], [], [], [], [], [], [], [], [], [], [], [], [], [], [], [], [], [], [], [], [], [], [], [], [], [], [], [], [], [], [], [], [], [], [], [], [], [], [], [], [], [], [], [], [], [], [], [], [], [], [], [], [], [], [], [], [], [], [], [], [], [], [], [], [], [], [], [], [], [], [], [], [], [], [], [], [], [], [], [], [], [], [], [], [], [], [], [], [], [], [], [], [], [], [], [], [], [], [], [], [], [], [], [], [], [], [], [], [], [], [], [], [], [], [], [], [], [], [], [], [], [], [], [], [], [], [], [], [], [], [], [], [], [], [], [], [], [], [], [], [], [], [], [], [], [], [], [], [], [], [], [], [], [], [], [], [], [], [], [], [], [], [], [], [], [], [], [], [], [], [], [], [], [], [], [], [], [], [], [], [], [], [], [], [], [], [], [], [], [], [], [], [], [], [], [], [], [], [], [], [], [], [], [], [], [], [], [], [], [], [], [], [], [], [], [], [], [], [], [], [], [], [], [], [], [], [], [], [], [], [], [], [], [], [], [], [], [], [], [], [], [], [], [], [], [], [], [], [], [], [], [], [], [], [], [], [], [], [], [], [], [], [], [], [], [], [], [], [], [], [], [], [], [], [], [], [], [], [], [], [], [], [], [], [], [], [], [], [], [], [], [], [], [], [], [], [], [], [], [], [], [], [], [], [], [], [], [], [], [], [], [], [], [], [], [], [], [], [], [], []]","[[], [], [], [], [], [], [], [], [], [], [-83.32149483216402], [-83.2892714925524], [-83.25854657007768], [-83.22925685803759], [-83.20134614288892], [-83.17475612852012], [-83.14942634570923], [-83.12529430645986], [-83.10229566606654], [-83.08036439261735], [-83.05943373668836], [-83.0394343550073], [-83.02029502479354], [-83.00194553486057], [-82.98431435281144], [-82.96732925326054], [-82.95091768588992], [-82.9350069893876], [-82.91952460850692], [-82.90439831360095], [-82.88955642195249], [-82.87492802020023], [-82.86044318713468], [-82.8460332161229], [-82.83163083640012], [-82.81717043245462], [-82.80258826072262], [-82.78782266280017], [-82.77281603531438], [-82.75751110412214], [-82.74184375130513], [-82.72577847150102], [-82.70925861019018], [-82.69223997277194], [-82.67468149747], [-82.65654520436722], [-82.63779683145941], [-82.61840915972971], [-82.59835029892878], [-82.57759524664958], [-82.55613552891596], [-82.53395181869101], [-82.5110352954084], [-82.48738083621436], [-82.46298783439586], [-82.43786045955666], [-82.41200657184264], [-82.38543895378167], [-82.35817485900753], [-82.33023597909745], [-82.30164839475161], [-82.27244251133595], [-82.24264472008603], [-82.21231038629548], [-82.18147411251421], [-82.15018277734791], [-82.11848506512717], [-82.08643677280331], [-82.05410020262876], [-82.02152325658398], [-81.98878364925662], [-81.95594265086464], [-81.92306971263858], [-81.89023591560552], [-81.85751553399925], [-81.8249854365214], [-81.79272302275643], [-81.76080739040243], [-81.72931909040014], [-81.69833900048432], [-81.66794871184756], [-81.63823028463244], [-81.60926533653235], [-81.58113349536609], [-81.55392078799471], [-81.52770848860705], [-81.50256841930565], [-81.47858180118328], [-81.45582551244694], [-81.43437538667435], [-81.41430193667584], [-81.39567508844013], [-81.37856264904967], [-81.36302279411336], [-81.34911875748298], [-81.33690658904217], [-81.32644103859803], [-81.31776964207576], [-81.31093786153255], [-81.3059864138694], [-81.30295160964818], [-81.30186606294563], [-81.30275508815723], [-81.30563959274576], [-81.31053675883413], [-81.31746102900871], [-81.32641430663358], [-81.33739906391536], [-81.35041148241494], [-81.36544191027362], [-81.38247531230489], [-81.40149127069374], [-81.42246400225113], [-81.44536286705703], [-81.47015078406271], [-81.49678635039207], [-81.52522281963921], [-81.55540840847264], [-81.58728640875736], [-81.62079531424256], [-81.65586896132534], [-81.69243668335749], [-81.73042347791886], [-81.76975018644116], [-81.81033366743827], [-81.85208693092468], [-81.89491966333416], [-81.9387381012154], [-81.98344538436973], [-82.02894179478203], [-82.07512500272412], [-82.1218903192035], [-82.16913095392013], [-82.2167382778832], [-82.26460208983748], [-82.31261088564358], [-82.36065212975993], [-82.40861191351938], [-82.45637680506343], [-82.50383541181316], [-82.55087154802364], [-82.59737152530865], [-82.64322162466281], [-82.68830907574907], [-82.73252416851679], [-82.77575696485407], [-82.81789823825511], [-82.85884547771556], [-82.89849236189647], [-82.93673711822545], [-82.97348051446534], [-83.00862606897634], [-83.04208025185935], [-83.07375267654288], [-83.10355628141674], [-83.13140750115467], [-83.15722642741162], [-83.18093695862055], [-83.2024672841533], [-83.22175068852393], [-83.23871956651422], [-83.25331604917503], [-83.26548517564908], [-83.27517620524675], [-83.2823429240685], [-83.28694371166611], [-83.28894487243464], [-83.28830457350274], [-83.28500442794144], [-83.2790199709679], [-83.27033117584672], [-83.25892449339267], [-83.24478974585219], [-83.22793021648563], [-83.2083369647451], [-83.18601806292399], [-83.16098385132402], [-83.13324831225475, -83.10282981375848], [-83.06975131744383], [-83.03403944768284], [-82.99572551145776], [-82.95484392165007], [-82.91143343865927], [-82.86553581269727], [-82.81719817119075], [-82.76647027993448], [-82.71340530321649], [-82.65806104533006], [-82.60049606060885], [-82.54077135575783], [-82.47895059523469], [-82.41510757554721], [-82.34931165665006], [-82.2816342129821], [-82.21214902604582], [-82.1409352863703], [-82.0680723977108], [-81.99364232415817], [-81.91772668680771], [-81.84041038503311], [-81.76177917323805], [-81.68191990153218], [-81.6009203807718], [-81.5188751671195], [-81.43586310727127], [-81.35197976456611], [-81.267319554469], [-81.18196997934386], [-81.09602311943863], [-81.00957049994504], [-80.92270243324545], [-80.8355087635392], [-80.74808552031794], [-80.66052057271034], [-80.57290230980541], [-80.4853222500909], [-80.39787106602346], [-80.31063369034317], [-80.22369662805174], [-80.13714522504958], [-80.05106355551489], [-79.96553431131473], [-79.88063869343077], [-79.79645630538488], [-79.71306504865441], [-79.63054102007422], [-79.54895841122831], [-79.46838940984415], [-79.38890410321179], [-79.31057038366161], [-79.23345385614566], [-79.15761774798122], [-79.0831228208286], [-79.01002389581161], [-78.93837847840189], [-78.86824714864498], [-78.79967371295426], [-78.73270536942245], [-78.66957637217664], [], [], [], [], [], [], [], [], [], [], [], [], [], [], [], [], [], [], [], [], [], [], [], [], [], [], [], [], [], [], [], [], [], [], [], [], [], [], [], [], [], [], [], [], [], [], [], [], [], [], [], [], [], [], [], [], [], [], [], [], [], [], [], [], [], [], [], [], [], [], [], [], [], [], [], [], [], [], [], [], [], [], [], [], [], [], [], [], [], [], [], [], [], [], [], [], [], [], [], [], [], [], [], [], [], [], [], [], [], [], [], [], [], [], [], [], [], [], [], [], [], [], [], [], [], [], [], [], [], [], [], [], [], [], [], [], [], [], [], [], [], [], [], [], [], [], [], [], [], [], [], [], [], [], [], [], [], [], [], [], [], [], [], [], [], [], [], [], [], [], [], [], [], [], [], [], [], [], [], [], [], [], [], [], [], [], [], [], [], [], [], [], [], [], [], [], [], [], [], [], [], [], [], [], [], [], [], [], [], [], [], [], [], [], [], [], [], [], [], [], [], [], [], [], [], [], [], [], [], [], [], [], [], [], [], [], [], [], [], [], [], [], [], [], [], [], [], [], [], [], [], [], [], [], [], [], [], [], [], [], [], [], [], [], [], [], [], [], [], [], [], [], [], [], [], [], [], [], [], [], [], [], [], [], [], [], [], [], [], [], [], [], [], [], [], [], [], [], [], [], [], [], [], [], [], [], [], [], [], [], [], [], [], [], [], [], [], [], [], [], [], [], [], [], [], [], [], [], [], [], [], [], [], [], [], [], [], [], [], [], [], [], [], [], [], [], [], [], [], [], [], [], [], [], [], [], [], [], [], [], [], [], [], [], [], [], [], [], [], [], [], [], [], [], [], [], [], [], [], [], [], [], [], [], [], [], [], [], [], [], [], [], [], [], [], [], [], [], [], [], [], [], [], [], [], [], [], [], [], [], [], [], [], [], [], [], [], [], [], [], [], [], [], [], [], [], [], [], [], [], [], [], [], [], [], [], [], [], [], [], [], [], [], [], [], [], [], [], [], [], [], [], [], [], [], [], [], [], [], [], [], [], [], [], [], [], [], [], [], [], [], [], [], [], [], [], [], [], [], [], [], [], [], [], [], [], [], [], [], [], [], [], [], [], [], [], [], [], [], [], [], [], [], [], [], [], [], [], [], [], [], [], [], [], [], [], [], [], [], [], [], [], [], [], [], [], [], [], [], [], [], [], [], [], [], [], [], [], [], [], [], [], [], [], [], [], [], [], [], [], [], [], [], [], [], [], [], [], [], [], [], [], [], [], [], [], [], [], [], [], [], [], [], [], [], [], [], [], [], [], [], [], [], [], [], [], [], [], [], [], [], [], [], [], [], [], [], [], [], [], [], [], [], [], [], [], [], [], [], [], [], [], [], [], [], [], [], [], [], [], [], [], [], [], [], [], [], [], [], [], [], [], [], [], [], [], [], [], [], [], [], [], [], [], [], [], [], [], [], [], [], [], [], [], [], [], [], [], [], [], [], [], [], [], [], [], [], [], [], [], [], [], [], [], [], [], [], [], [], [], [], [], [], [], [], [], [], [], [], [], [], [], [], [], [], [], [], [], [], [], [], [], [], [], [], [], [], [], [], [], [], [], [], [], [], [], [], [], [], [], [], [], [], [], [], [], [], [], [], [], [], [], [], [], [], [], [], [], [], [], [], [], [], [], [], [], [], [], [], [], [], [], [], [], [], [], [], [], [], [], [], [], [], [], [], [], [], [], [], [], [], [], [], []]",1.4157982295910416,1.3691230432398322
nya,78.92,"[2005.663519   2005.68269708 2005.70187516 2005.72105325 2005.74023133
 2005.75940941 2005.77858749 2005.79776558 2005.81694366 2005.83612174
 2005.85529982 2005.8744779  2005.89365599 2005.91283407 2005.93201215
 2005.95119023 2005.97036832 2005.9895464  2006.00872448 2006.02790256
 2006.04708064 2006.06625873 2006.08543681 2006.10461489 2006.12379297
 2006.14297105 2006.16214914 2006.18132722 2006.2005053  2006.21968338
 2006.23886147 2006.25803955 2006.27721763 2006.29639571 2006.31557379
 2006.33475188 2006.35392996 2006.37310804 2006.39228612 2006.41146421
 2006.43064229 2006.44982037 2006.46899845 2006.48817653 2006.50735462
 2006.5265327  2006.54571078 2006.56488886 2006.58406695 2006.60324503
 2006.62242311 2006.64160119 2006.66077927 2006.67995736 2006.69913544
 2006.71831352 2006.7374916  2006.75666968 2006.77584777 2006.79502585
 2006.81420393 2006.83338201 2006.8525601  2006.87173818 2006.89091626
 2006.91009434 2006.92927242 2006.94845051 2006.96762859 2006.98680667
 2007.00598475 2007.02516284 2007.04434092 2007.063519   2007.08269708
 2007.10187516 2007.12105325 2007.14023133 2007.15940941 2007.17858749
 2007.19776558 2007.21694366 2007.23612174 2007.25529982 2007.2744779
 2007.29365599 2007.31283407 2007.33201215 2007.35119023 2007.37036832
 2007.3895464  2007.40872448 2007.42790256 2007.44708064 2007.46625873
 2007.48543681 2007.50461489 2007.52379297 2007.54297105 2007.56214914
 2007.58132722 2007.6005053  2007.61968338 2007.63886147 2007.65803955
 2007.67721763 2007.69639571 2007.71557379 2007.73475188 2007.75392996
 2007.77310804 2007.79228612 2007.81146421 2007.83064229 2007.84982037
 2007.86899845 2007.88817653 2007.90735462 2007.9265327  2007.94571078
 2007.96488886 2007.98406695 2008.00324503 2008.02242311 2008.04160119
 2008.06077927 2008.07995736 2008.09913544 2008.11831352 2008.1374916
 2008.15666968 2008.17584777 2008.19502585 2008.21420393 2008.23338201
 2008.2525601  2008.27173818 2008.29091626 2008.31009434 2008.32927242
 2008.34845051 2008.36762859 2008.38680667 2008.40598475 2008.42516284
 2008.44434092 2008.463519   2008.48269708 2008.50187516 2008.52105325
 2008.54023133 2008.55940941 2008.57858749 2008.59776558 2008.61694366
 2008.63612174 2008.65529982 2008.6744779  2008.69365599 2008.71283407
 2008.73201215 2008.75119023 2008.77036832 2008.7895464  2008.80872448
 2008.82790256 2008.84708064 2008.86625873 2008.88543681 2008.90461489
 2008.92379297 2008.94297105 2008.96214914 2008.98132722 2009.0005053
 2009.01968338 2009.03886147 2009.05803955 2009.07721763 2009.09639571
 2009.11557379 2009.13475188 2009.15392996 2009.17310804 2009.19228612
 2009.21146421 2009.23064229 2009.24982037 2009.26899845 2009.28817653
 2009.30735462 2009.3265327  2009.34571078 2009.36488886 2009.38406695
 2009.40324503 2009.42242311 2009.44160119 2009.46077927 2009.47995736
 2009.49913544 2009.51831352 2009.5374916  2009.55666968 2009.57584777
 2009.59502585 2009.61420393 2009.63338201 2009.6525601  2009.67173818
 2009.69091626 2009.71009434 2009.72927242 2009.74845051 2009.76762859
 2009.78680667 2009.80598475 2009.82516284 2009.84434092 2009.863519
 2009.88269708 2009.90187516 2009.92105325 2009.94023133 2009.95940941
 2009.97858749 2009.99776558 2010.01694366 2010.03612174 2010.05529982
 2010.0744779  2010.09365599 2010.11283407 2010.13201215 2010.15119023
 2010.17036832 2010.1895464  2010.20872448 2010.22790256 2010.24708064
 2010.26625873 2010.28543681 2010.30461489 2010.32379297 2010.34297105
 2010.36214914 2010.38132722 2010.4005053  2010.41968338 2010.43886147
 2010.45803955 2010.47721763 2010.49639571 2010.51557379 2010.53475188
 2010.55392996 2010.57310804 2010.59228612 2010.61146421 2010.63064229
 2010.64982037 2010.66899845 2010.68817653 2010.70735462 2010.7265327
 2010.74571078 2010.76488886 2010.78406695 2010.80324503 2010.82242311
 2010.84160119 2010.86077927 2010.87995736 2010.89913544 2010.91831352
 2010.9374916  2010.95666968 2010.97584777 2010.99502585 2011.01420393
 2011.03338201 2011.0525601  2011.07173818 2011.09091626 2011.11009434
 2011.12927242 2011.14845051 2011.16762859 2011.18680667 2011.20598475
 2011.22516284 2011.24434092 2011.263519   2011.28269708 2011.30187516
 2011.32105325 2011.34023133 2011.35940941 2011.37858749 2011.39776558
 2011.41694366 2011.43612174 2011.45529982 2011.4744779  2011.49365599
 2011.51283407 2011.53201215 2011.55119023 2011.57036832 2011.5895464
 2011.60872448 2011.62790256 2011.64708064 2011.66625873 2011.68543681
 2011.70461489 2011.72379297 2011.74297105 2011.76214914 2011.78132722
 2011.8005053  2011.81968338 2011.83886147 2011.85803955 2011.87721763
 2011.89639571 2011.91557379 2011.93475188 2011.95392996 2011.97310804
 2011.99228612 2012.01146421 2012.03064229 2012.04982037 2012.06899845
 2012.08817653 2012.10735462 2012.1265327  2012.14571078 2012.16488886
 2012.18406695 2012.20324503 2012.22242311 2012.24160119 2012.26077927
 2012.27995736 2012.29913544 2012.31831352 2012.3374916  2012.35666968
 2012.37584777 2012.39502585 2012.41420393 2012.43338201 2012.4525601
 2012.47173818 2012.49091626 2012.51009434 2012.52927242 2012.54845051
 2012.56762859 2012.58680667 2012.60598475 2012.62516284 2012.64434092
 2012.663519   2012.68269708 2012.70187516 2012.72105325 2012.74023133
 2012.75940941 2012.77858749 2012.79776558 2012.81694366 2012.83612174
 2012.85529982 2012.8744779  2012.89365599 2012.91283407 2012.93201215
 2012.95119023 2012.97036832 2012.9895464  2013.00872448 2013.02790256
 2013.04708064 2013.06625873 2013.08543681 2013.10461489 2013.12379297
 2013.14297105 2013.16214914 2013.18132722 2013.2005053  2013.21968338
 2013.23886147 2013.25803955 2013.27721763 2013.29639571 2013.31557379
 2013.33475188 2013.35392996 2013.37310804 2013.39228612 2013.41146421
 2013.43064229 2013.44982037 2013.46899845 2013.48817653 2013.50735462
 2013.5265327  2013.54571078 2013.56488886 2013.58406695 2013.60324503
 2013.62242311 2013.64160119 2013.66077927 2013.67995736 2013.69913544
 2013.71831352 2013.7374916  2013.75666968 2013.77584777 2013.79502585
 2013.81420393 2013.83338201 2013.8525601  2013.87173818 2013.89091626
 2013.91009434 2013.92927242 2013.94845051 2013.96762859 2013.984186  ]","[-83.66361557 -84.28820651 -84.92492733 -85.54509702 -86.11716539
 -86.6110632  -87.00259787 -87.27698326 -87.43073896 -87.47156996
 -87.41631009 -87.28742555 -87.10889039 -86.90236124 -86.68449904
 -86.46594825 -86.25210942 -86.04534346 -85.8479657  -85.66504122
 -85.50621624 -85.38588804 -85.32150365 -85.33023784 -85.42471729
 -85.60876003 -85.87414724 -86.19936828 -86.55077946 -86.88620205
 -87.16045677 -87.33186504 -87.36851911 -87.25318147 -86.9858398
 -86.58347148 -86.07710361 -85.50675496 -84.91529382 -84.34238476
 -83.81966523 -83.36797535 -82.9969473  -82.70684514 -82.49196238
 -82.34464976 -82.25893891 -82.23288788 -82.26911859 -82.3735006
 -82.55239791 -82.80919648 -83.14113323 -83.53723757 -83.97806207
 -84.43734263 -84.8854067  -85.29358445 -85.63871769 -85.90680415
 -86.09497068 -86.21135629 -86.27291863 -86.30166328 -86.32013989
 -86.34713589 -86.3945384  -86.46592745 -86.55719306 -86.65886263
 -86.75946989 -86.84913771 -86.92239266 -86.97948038 -87.02589753
 -87.07009404 -87.12009305 -87.17972046 -87.24554075 -87.30534926
 -87.33879079 -87.32013535 -87.22287532 -87.02519265 -86.71525912
 -86.2952116  -85.78289713 -85.21090912 -84.62302459 -84.06859139
 -83.59590407 -83.24578152 -83.04650488 -83.01100698 -83.13667984
 -83.40771148 -83.7992992  -84.28275628 -84.83041933 -85.41937549
 -86.03334193 -86.66251246 -87.30166092 -87.94715179 -88.59380027
 -89.23244419 -89.84894729 -90.42487768 -90.93980859 -91.37462265
 -91.71503153 -91.95444352 -92.0953826  -92.14912269 -92.13347673
 -92.06925064 -91.97611613 -91.86887113 -91.75492161 -91.63359498
 -91.49745417 -91.33531695 -91.13624701 -90.89356967 -90.60791565
 -90.28849011 -89.95219471 -89.62059642 -89.31545523 -89.05365975
 -88.84274113 -88.67799203 -88.54192225 -88.40632722 -88.2366519
 -87.99788087 -87.66086408 -87.20780634 -86.63593501 -85.95862918
 -85.20383661 -84.41018916 -83.62159644 -82.88145427 -82.22751424
 -81.68837687 -81.28204723 -81.01660709 -80.89251703 -80.90575268
 -81.05083866 -81.32294123 -81.71842852 -82.23385184 -82.8635772
 -83.59679805 -84.41487292 -85.28978907 -86.18442684 -87.05491105
 -87.85475059 -88.54013565 -89.07548407 -89.43809048 -89.62103317
 -89.63374805 -89.50016201 -89.25476407 -88.93743195 -88.58799293
 -88.24156063 -87.92544912 -87.658043   -87.44962273 -87.30458796
 -87.2243195  -87.20975604 -87.26290805 -87.38683599 -87.58405376
 -87.85378021 -88.18879512 -88.5728629  -88.97958384 -89.37329739
 -89.71223562 -89.95354918 -90.05943196 -90.003229   -89.77437482
 -89.38108602 -88.85025722 -88.2244546  -87.55646876 -86.90237094
 -86.31433801 -85.83442428 -85.49038236 -85.29408254 -85.24259068
 -85.3214674  -85.5093778  -85.78296548 -86.12088928 -86.50633958
 -86.92760407 -87.37687588 -87.84781256 -88.33270862 -88.82023244
 -89.29430258 -89.73473373 -90.11943011 -90.427759   -90.6442779
 -90.76195599 -90.78405432 -90.72406631 -90.60376785 -90.44951748
 -90.28772163 -90.140318   -90.02124949 -89.93468189 -89.87531708
 -89.83068949 -89.78487594 -89.72277745 -89.63387224 -89.51469884
 -89.36938339 -89.20811646 -89.04398737 -88.8889051  -88.74961057
 -88.62480623 -88.50412373 -88.36935638 -88.19775167 -87.96675309
 -87.65921431 -87.26796071 -86.79869299 -86.27055513 -85.71416195
 -85.16744733 -84.67011325 -84.25777721 -83.95696076 -83.78186856
 -83.73351281 -83.80125674 -83.9662657  -84.20606675 -84.49913161
 -84.82848359 -85.18356486 -85.56008393 -85.95797161 -86.37811993
 -86.81875557 -87.27250403 -87.72485922 -88.15465099 -88.53644282
 -88.84441035 -89.05691927 -89.1607151  -89.1538909  -89.04685518
 -88.86111331 -88.62602666 -88.374251   -88.13677268 -87.93852663
 -87.79551677 -87.71381004 -87.69061387 -87.71689864 -87.78087301
 -87.87138098 -87.98034617 -88.10364278 -88.24025514 -88.38990111
 -88.5498835  -88.71201093 -88.86054812 -88.97192652 -89.01655297
 -88.96258648 -88.78106144 -88.45138067 -87.96607878 -87.33379511
 -86.57978173 -85.74371282 -84.87508709 -84.02708494 -83.24991487
 -82.58493666 -82.06052642 -81.69036083 -81.47426741 -81.40125534
 -81.45386827 -81.61287229 -81.8611615  -82.18608889 -82.57981545
 -83.0377823  -83.55577254 -84.12656618 -84.73704796 -85.36669316
 -85.98794612 -86.56859129 -87.07570825 -87.48041763 -87.76247934
 -87.91369595 -87.93945289 -87.85796322 -87.69744164 -87.49173709
 -87.2753327  -87.07869077 -86.92485751 -86.82785981 -86.79305282
 -86.8190739  -86.90076212 -87.03212035 -87.20852033 -87.42751502
 -87.68802296 -87.98813599 -88.32216913 -88.67782628 -89.03440332
 -89.36277472 -89.62752753 -89.79109357 -89.81928278 -89.68727213
 -89.38475218 -88.91931693 -88.3172044  -87.62110118 -86.88531935
 -86.16910932 -85.52926719 -85.01328273 -84.65424564 -84.46822413
 -84.45443366 -84.59795618 -84.87418977 -85.25404507 -85.70875606
 -86.21338175 -86.74845251 -87.29965058 -87.85595518 -88.40697527
 -88.94035924 -89.44015772 -89.88666418 -90.25796017 -90.53281158
 -90.69434468 -90.73354536 -90.65171724 -90.46131764 -90.18472118
 -89.8511424  -89.4923367  -89.13784716 -88.81084962 -88.52541852
 -88.28579485 -88.0876525  -87.92109351 -87.77454014 -87.63859138
 -87.50891406 -87.38739601 -87.28133191 -87.20082346 -87.1549199
 -87.14762203 -87.17459465 -87.22162004 -87.26527102 -87.27581799
 -87.2220016  -87.07667086 -86.82222206 -86.45468365 -85.98559277
 -85.44119456 -84.85908443 -84.28292956 -83.75624735 -83.31644951
 -82.99025018 -82.79123419 -82.71987807 -82.76587328 -82.91205124
 -83.13890566 -83.42872243 -83.76833855 -84.15008807 -84.57077321
 -85.02913908 -85.52255761 -86.04391866 -86.57957326 -87.10898488
 -87.60629936 -88.04357263 -88.39500663 -88.64127035 -88.77294674
 -88.79231773 -88.71308329 -88.5580272  -88.35512202 -88.13290461
 -87.91609955 -87.72237389 -87.5608811  -87.43276537 -87.34509128]","[-84.70746613 -84.73681499 -84.76517871 -84.79249236 -84.81869026
 -84.84371703 -84.86751771 -84.89004157 -84.91124485 -84.93108646
 -84.94952998 -84.96654621 -84.98211441 -84.99621746 -85.00884832
 -85.02000441 -85.02969301 -85.03791968 -85.04471525 -85.05010547
 -85.05412767 -85.05682752 -85.0582555  -85.05847043 -85.05754128
 -85.05555051 -85.05257452 -85.04870423 -85.04404006 -85.03868385
 -85.03274526 -85.02634344 -85.01959482 -85.01262777 -85.00557478
 -84.99856827 -84.99174767 -84.98525321 -84.97922974 -84.97382002
 -84.96916521 -84.96541695 -84.96271686 -84.96120893 -84.96103485
 -84.96233348 -84.96524063 -84.96988993 -84.97640684 -84.98490821
 -84.99551586 -85.00833295 -85.0234632  -85.04099801 -85.06102908
 -85.08362407 -85.10884792 -85.13675832 -85.16739968 -85.20080613
 -85.2369995  -85.27599366 -85.31778783 -85.36236302 -85.40969778
 -85.45975267 -85.51248473 -85.56782386 -85.62569336 -85.68601541
 -85.74868751 -85.81359935 -85.88063289 -85.94964506 -86.02050759
 -86.09305325 -86.16712625 -86.24255686 -86.31916356 -86.39675355
 -86.47513805 -86.5541091  -86.63346617 -86.71299632 -86.79248182
 -86.87170623 -86.9504543  -87.02849929 -87.10561994 -87.18159609
 -87.25620842 -87.32924043 -87.4004764  -87.4697132  -87.53674646
 -87.60137696 -87.66341554 -87.72268097 -87.7789997  -87.83221018
 -87.88215938 -87.92870325 -87.97171565 -88.01107659 -88.04668167
 -88.07843625 -88.10627111 -88.13011768 -88.14992926 -88.16567459
 -88.17733199 -88.1849038  -88.18839601 -88.1878406  -88.18328116
 -88.17477822 -88.16240171 -88.14624166 -88.12640262 -88.10300071
 -88.07616291 -88.04603485 -88.01277502 -87.9765518  -87.9375429
 -87.89593076 -87.8519278  -87.80573578 -87.75757202 -87.70765924
 -87.65622837 -87.60351708 -87.5497621  -87.49520659 -87.4400953
 -87.38466909 -87.32918158 -87.27387686 -87.21899824 -87.16479072
 -87.11148879 -87.05932615 -87.00852381 -86.95930684 -86.91188593
 -86.86647026 -86.82325359 -86.7824204  -86.74414572 -86.70859314
 -86.67591339 -86.64625122 -86.61972261 -86.59644443 -86.57652199
 -86.56003166 -86.54704594 -86.53762415 -86.53179938 -86.52960256
 -86.53105063 -86.53612985 -86.54482609 -86.55710742 -86.57292647
 -86.59222359 -86.61492777 -86.64094846 -86.67018742 -86.70253341
 -86.73786245 -86.77604577 -86.81693447 -86.86037795 -86.90621437
 -86.9542748  -87.00438249 -87.05635465 -87.11000403 -87.16513679
 -87.22155628 -87.27905995 -87.33744992 -87.39652774 -87.45608586
 -87.51592194 -87.57583484 -87.635626   -87.69509446 -87.75405658
 -87.81232462 -87.86971148 -87.92603998 -87.98114256 -88.03485032
 -88.08701345 -88.1374801  -88.18611022 -88.23277698 -88.27735591
 -88.31973393 -88.3598048  -88.3974846  -88.43268504 -88.46533471
 -88.49536673 -88.52273275 -88.54739141 -88.56929873 -88.5884524
 -88.6048249  -88.61841463 -88.62922738 -88.63728305 -88.64259926
 -88.64520063 -88.64513637 -88.64243783 -88.63717385 -88.62939799
 -88.61917169 -88.60656561 -88.59165452 -88.57451698 -88.5552348
 -88.53389388 -88.51057737 -88.48539028 -88.45841496 -88.4297445
 -88.39947907 -88.36770902 -88.33452697 -88.30002825 -88.26430437
 -88.22745385 -88.18956091 -88.15071184 -88.11099227 -88.07048471
 -88.02926971 -87.98742404 -87.94502111 -87.90213366 -87.85882685
 -87.81516399 -87.77120513 -87.72700686 -87.68262297 -87.63810355
 -87.59349038 -87.54883251 -87.50416935 -87.45953773 -87.41497108
 -87.37050413 -87.32616425 -87.28198419 -87.23798749 -87.19420196
 -87.1506441  -87.10734831 -87.06433145 -87.02161344 -86.97921768
 -86.93716153 -86.89547881 -86.85418664 -86.81331058 -86.77287058
 -86.73289738 -86.69341933 -86.65446648 -86.61607454 -86.57826803
 -86.54109526 -86.50458395 -86.46877795 -86.43372204 -86.39945973
 -86.36603715 -86.33350654 -86.30191289 -86.27131847 -86.2417744
 -86.21333757 -86.186066   -86.16001855 -86.13525695 -86.11184229
 -86.08983653 -86.06930318 -86.05030133 -86.03289449 -86.01714109
 -86.00309837 -85.99082884 -85.98038292 -85.97181977 -85.96518379
 -85.96052359 -85.95788557 -85.95730826 -85.95882383 -85.96246914
 -85.96826512 -85.97623428 -85.98639363 -85.99875118 -86.01330512
 -86.03006417 -86.04900831 -86.07012345 -86.09338736 -86.11877104
 -86.14623442 -86.17573341 -86.20722187 -86.24063546 -86.27591008
 -86.31296581 -86.35173144 -86.39211832 -86.43403241 -86.47737319
 -86.52203821 -86.56791296 -86.61488098 -86.6628195  -86.71160543
 -86.76110482 -86.81118651 -86.8617093  -86.91253018 -86.9635099
 -87.01450353 -87.06536195 -87.11593667 -87.16608134 -87.21564838
 -87.26448921 -87.31246205 -87.35942421 -87.40522552 -87.44974599
 -87.49284264 -87.5343818  -87.57424456 -87.61231158 -87.6484676
 -87.68260265 -87.71462034 -87.74441987 -87.77191954 -87.79704429
 -87.81971556 -87.83987499 -87.85746838 -87.87245032 -87.88478385
 -87.89443971 -87.90140447 -87.90566694 -87.90722436 -87.9060884
 -87.90227576 -87.89581878 -87.88674894 -87.87511497 -87.8609619
 -87.84435632 -87.82537621 -87.80408249 -87.78056643 -87.7549243
 -87.72724065 -87.69762331 -87.66618308 -87.63303431 -87.5982854
 -87.56206604 -87.52449663 -87.48570649 -87.44582514 -87.40497866
 -87.36330773 -87.32094288 -87.27800773 -87.23464812 -87.19098098
 -87.14714548 -87.10326505 -87.05946191 -87.01586566 -86.97258362
 -86.92973177 -86.88741862 -86.84574842 -86.80481558 -86.76471467
 -86.72553376 -86.68734919 -86.65023576 -86.61425928 -86.5794773
 -86.54594158 -86.51370463 -86.48280049 -86.4532545  -86.42509348
 -86.39832847 -86.37297522 -86.34902881 -86.32648812 -86.30533727
 -86.28556047 -86.26712855 -86.25001218 -86.23417457 -86.21957143
 -86.20615482 -86.19387095 -86.18266269 -86.17246997 -86.16322984
 -86.15487108 -86.14732238 -86.14051191 -86.13436465 -86.12880337
 -86.12375395 -86.11913571 -86.11487054 -86.11087864 -86.109289  ]","[[], [], [], [], [], [], [], [], [], [], [], [], [], [], [], [], [], [], [], [], [], [], [], [], [], [], [], [], [], [], [], [], [], [], [-83.66361557428806], [-84.28820651069034], [-84.92492733100897], [-85.54509701570842], [-86.11716538637681], [-86.61106320467653], [-87.00259786971529], [-87.27698326335313], [-87.43073895728752], [-87.47156996441416], [-87.41631009139232], [-87.28742554805888], [-87.10889038783675], [-86.90236124165322], [-86.68449903613697], [-86.46594824530506], [-86.25210942190252], [-86.04534345911446], [-85.8479657039787], [-85.66504121597022], [-85.5062162417646], [-85.3858880375394], [-85.32150364924432], [-85.33023783907055], [-85.4247172930617], [-85.60876003484492], [-85.87414724016092], [-86.19936828314773], [-86.5507794604793], [-86.88620204624753], [-87.16045676614782], [-87.33186503852474], [-87.36851911356854], [-87.25318147376889], [-86.98583980372148], [-86.58347148033731], [-86.07710360984848], [-85.50675496046048], [-84.9152938218748], [-84.34238475694218], [-83.81966523326811], [-83.36797534860027], [-82.99694729537217], [-82.70684514451972], [-82.49196238138477], [-82.34464976089603], [-82.25893890558024], [-82.2328878802224], [-82.26911859112303], [-82.37350059956802], [-82.55239790791694], [-82.80919648446672], [-83.14113323192741], [-83.53723756942584], [-83.97806206977681], [-84.43734262936638], [-84.88540669938372], [-85.2935844528132], [-85.6387176917147], [-85.90680414899272], [-86.09497068394278], [-86.21135629159102], [-86.2729186332244], [-86.30166327732596], [-86.32013988998159], [-86.34713589382231], [-86.39453840374617], [-86.4659274488225], [-86.55719306042677], [-86.65886263035452], [-86.75946989131873], [-86.84913770671014], [-86.92239265808698], [-86.97948037609602], [-87.02589752689246], [-87.0700940434881], [-87.12009304618648], [-87.17972045723742], [-87.245540754593], [-87.3053492574], [-87.33879078696717], [-87.32013534536648], [-87.22287531967585], [-87.02519265303711], [-86.71525912017155], [-86.29521160357092], [-85.78289712639298], [-85.21090911919853], [-84.62302458875993], [-84.06859138527322], [-83.59590406597415], [-83.24578152303664], [-83.04650488201935], [-83.01100698205063], [-83.13667983612595], [-83.4077114837103], [-83.7992991981179], [-84.28275627571742], [-84.83041932900709], [-85.41937548724667], [-86.03334192670667], [-86.66251245764346], [-87.30166091643454], [-87.94715179413797], [-88.593800273646], [-89.23244418615542], [-89.84894729095701], [-90.42487767765977], [-90.93980858856762], [-91.37462264607687], [-91.71503153032202], [-91.95444352234063], [-92.09538260489738], [-92.14912268562068], [-92.13347672583059], [-92.06925063691243], [-91.97611613096156], [-91.86887113321775], [-91.75492160835067], [-91.63359497736391], [-91.49745417486093], [-91.33531694586917], [-91.13624700754455], [-90.89356966779984], [-90.60791564804927], [-90.28849010511411], [-89.95219471363023], [-89.62059642052012], [-89.31545523421086], [-89.05365975156464], [-88.84274112674827], [-88.67799202555429], [-88.54192225147851], [-88.4063272183593], [-88.23665189789443], [-87.99788086583041], [-87.66086408116746], [-87.20780634277794], [-86.63593500584903], [-85.95862918053618], [-85.20383660628072], [-84.41018916205688], [-83.62159644453064], [-82.88145426822713], [-82.2275142380684], [-81.68837687269851], [-81.28204723482487], [-81.01660708529083], [-80.89251703431498], [-80.90575267564878], [-81.05083865703433], [-81.3229412349808], [-81.71842851586068], [-82.23385184352217], [-82.86357719702869], [-83.59679804966392], [-84.4148729188761], [-85.28978907477376], [-86.18442684195206], [-87.05491105238968], [-87.85475058813839], [-88.54013564980471], [-89.07548407418723], [-89.43809047778373], [-89.62103316845517], [-89.6337480525539], [-89.5001620144826], [-89.25476406685657], [-88.93743195482402], [-88.58799293115229], [-88.241560628543], [-87.92544911544964], [-87.65804299816399], [-87.44962273138228], [-87.30458796331428], [-87.22431949510293], [-87.20975603909588], [-87.26290805156746], [-87.38683598615454], [-87.58405375780765], [-87.85378021180395], [-88.1887951161428], [-88.57286290341202], [-88.9795838445358, -89.37329738705017], [-89.71223562086718], [-89.95354917979407], [-90.059431964824], [-90.00322899857825], [-89.77437482448342], [-89.38108601982732], [-88.85025721616623], [-88.22445460304091], [-87.55646876222687], [-86.9023709402901], [-86.31433800756798], [-85.83442428448166], [-85.49038236365655], [-85.29408254412965], [-85.24259067645981], [-85.32146739587989], [-85.50937779758961], [-85.7829654846675], [-86.12088928372242], [-86.50633957625278], [-86.92760406611207], [-87.37687588342831], [-87.84781256277199], [-88.33270862436785], [-88.82023244492484], [-89.2943025822614], [-89.73473373071812], [-90.11943011133494], [-90.42775900449791], [-90.64427790302143], [-90.76195598601218], [-90.78405431704343], [-90.72406631461014], [-90.60376785374955], [-90.44951748331081], [-90.28772162542866], [-90.14031800013741], [-90.02124949441877], [-89.93468189299304], [-89.87531708308403], [-89.83068948622368], [-89.7848759424124], [-89.72277745398883], [-89.63387223986994], [-89.5146988406473], [-89.36938338661287], [-89.2081164578373], [-89.04398736648224], [-88.88890509603173], [-88.74961057067435], [-88.62480622606644], [-88.50412372822468], [-88.3693563826942], [-88.19775167353342], [-87.96675308560002], [-87.6592143117374], [-87.26796070640727], [-86.79869298611817], [-86.27055512535338], [-85.71416195143769], [-85.16744732828809], [-84.67011325390273], [-84.25777720519932], [-83.95696075619838], [-83.7818685628907], [-83.7335128059444], [-83.80125674474354], [-83.96626569725343], [-84.20606674959362], [-84.49913161435971], [-84.82848359112657], [-85.18356485615747], [-85.56008392550517], [-85.95797161329453], [-86.3781199329228], [-86.81875557449729], [-87.27250403434627], [-87.72485922312858], [-88.15465098834356], [-88.53644282322719], [-88.84441034636019], [-89.05691926781856], [-89.16071510391306], [-89.15389089565603], [-89.04685517827339], [-88.8611133077855], [-88.6260266579046], [-88.374251000416], [-88.13677268332103], [-87.9385266313274], [-87.79551677119615], [-87.71381003594861], [-87.69061386578794], [-87.71689864137208], [-87.78087301330207], [-87.87138097941755], [-87.98034616718645], [-88.10364277836362], [-88.24025514145595], [-88.3899011068877], [-88.54988350364412], [-88.71201093144752], [-88.8605481176573], [-88.97192652034884], [-89.01655297361557], [-88.96258648270792], [-88.78106143785287], [-88.45138066522182], [-87.96607877675714], [-87.33379511334036], [-86.57978172564002], [-85.74371281788893], [-84.8750870888206], [-84.0270849404517], [-83.24991486686386], [-82.58493666490001], [-82.0605264225467], [-81.69036082695911], [-81.47426740697107], [-81.40125534496785], [-81.4538682651322], [-81.61287228906897], [-81.86116149813566], [-82.18608889028236], [-82.57981544581554], [-83.03778230219235], [-83.55577253745992], [-84.12656617657267], [-84.73704795670318], [-85.36669315504395], [-85.9879461226849], [-86.5685912932209], [-87.07570824935054], [-87.48041762582294], [-87.76247934059091], [-87.91369595038176], [-87.93945289339348], [-87.85796321653909], [-87.69744163546171], [-87.49173709271152], [-87.27533270036808], [-87.07869077346194], [-86.92485751178467], [-86.82785980730006], [-86.79305281980727], [-86.81907390081139], [-86.90076211578197], [-87.0321203524718], [-87.2085203330128], [-87.42751501899714], [-87.68802295803398], [-87.98813599260747], [-88.32216913441425], [-88.67782627854032], [-89.03440332126543], [-89.36277471921161], [-89.62752752992513], [-89.79109357066355], [-89.81928278059964], [-89.68727212787141], [-89.38475218170925], [-88.91931693039369], [-88.31720440457318], [-87.62110117904128], [-86.88531934815417], [-86.16910931553281], [-85.5292671934515], [-85.01328272667139], [-84.65424563980501], [-84.46822413261205], [-84.45443366479863], [-84.59795618319153], [-84.87418977232953], [-85.25404506788], [-85.70875606403085], [-86.2133817527302], [-86.74845250949997], [-87.29965058080295], [-87.85595518321666], [-88.40697527275856], [-88.94035923799181], [-89.44015772341177], [-89.88666418409684], [-90.25796017232825], [-90.53281158394233], [-90.69434468304043], [-90.73354536210381], [-90.65171724254465], [-90.46131763895357], [-90.18472117633728], [-89.85114239632382], [-89.49233669899392], [-89.13784716124147], [-88.81084962387139], [-88.52541852137209], [-88.285794853568], [-88.08765249589126], [-87.92109350933248], [-87.77454014077512], [-87.63859138025154], [-87.50891406303384], [-87.38739601254885], [-87.28133190796868], [-87.20082345732531], [-87.15491989696602], [-87.14762203214714], [-87.174594647206], [-87.22162004045016], [-87.26527101647824], [-87.27581798524706], [-87.22200160195476], [-87.07667085543075], [-86.82222206167444], [-86.45468365029], [-85.9855927660244], [-85.44119456440389], [-84.85908442693437], [-84.2829295618498], [-83.7562473465677], [-83.31644950683601], [-82.9902501778425], [-82.7912341941382], [-82.71987806926234], [-82.76587327819199], [-82.91205123572168], [-83.13890566109724], [-83.42872243384703], [-83.768338546775], [-84.15008807139594], [-84.57077320675971], [-85.02913907604328], [-85.52255761413112], [-86.04391866179336], [-86.57957326431517], [-87.10898487661277], [-87.60629936083009], [-88.04357262788179], [-88.39500663259422], [-88.64127035090571], [-88.77294674262058], [-88.79231773368716], [-88.71308328952894], [-88.55802720383885], [-88.35512202356082], [-88.13290460898251], [-87.91609955403591], [-87.72237389006561], [-87.56088109697437], [-87.43276537324294], [-87.34509128373628], [], [], [], [], [], [], [], [], [], [], [], [], [], [], [], [], [], [], [], [], [], [], [], [], [], [], [], [], [], [], [], [], [], [], [], [], [], [], [], [], [], [], [], [], [], [], [], [], [], [], [], [], [], [], [], [], [], [], [], [], [], [], [], [], [], [], [], [], [], [], [], [], [], [], [], [], [], [], [], [], [], [], [], [], [], [], [], [], [], [], [], [], [], [], [], [], [], [], [], [], [], [], [], [], [], [], [], [], [], [], [], [], [], [], [], [], [], [], [], [], [], [], [], [], [], [], [], [], [], [], [], [], [], [], [], [], [], [], [], [], [], [], [], [], [], [], [], [], [], [], [], [], [], [], [], [], [], [], [], [], [], [], [], [], [], [], [], [], [], [], [], [], [], [], [], [], [], [], [], [], [], [], [], [], [], [], [], [], [], [], [], [], [], [], [], [], [], [], [], [], [], [], [], [], [], [], [], [], [], [], [], [], [], [], [], [], [], [], [], [], [], [], [], [], [], [], [], [], [], [], [], [], [], [], [], [], [], [], [], [], [], [], [], [], [], [], [], [], [], [], [], [], [], [], [], [], [], [], [], [], [], [], [], [], [], [], [], [], [], [], [], [], [], [], [], [], [], [], [], [], [], [], [], [], [], [], [], [], [], [], [], [], [], [], [], [], [], [], [], [], [], [], [], [], [], [], [], [], [], [], [], [], [], [], [], [], [], [], [], [], [], [], [], [], [], [], [], [], [], [], [], [], [], [], [], [], [], [], [], [], [], [], [], [], [], [], [], [], [], [], [], [], [], [], [], [], [], [], [], [], [], [], [], [], [], [], [], [], [], [], [], [], [], [], [], [], [], [], [], [], [], [], [], [], [], [], [], [], [], [], [], [], [], [], [], [], [], [], [], [], [], [], [], [], [], [], [], [], [], [], [], [], [], [], [], [], [], [], [], [], [], [], [], [], [], [], [], [], [], [], [], [], [], [], [], [], [], [], [], [], [], [], [], [], [], [], [], [], [], [], [], [], [], [], [], [], [], [], [], [], [], [], [], [], [], [], [], [], [], [], [], [], [], [], [], [], [], [], [], [], [], [], [], [], [], [], [], [], [], [], [], [], [], [], [], [], [], [], [], [], [], [], [], [], [], [], [], [], [], [], [], [], [], [], [], [], [], [], [], [], [], [], [], [], [], [], [], [], [], [], [], [], [], [], [], [], [], [], [], [], [], [], [], [], []]","[[], [], [], [], [], [], [], [], [], [], [], [], [], [], [], [], [], [], [], [], [], [], [], [], [], [], [], [], [], [], [], [], [], [], [-84.70746612712244], [-84.73681498662495], [-84.7651787146339], [-84.79249235757187], [-84.8186902618402], [-84.84371702712436], [-84.86751770556657], [-84.89004157086265], [-84.91124484938096], [-84.93108646183661], [-84.94952997765168], [-84.96654621289045], [-84.9821144096737], [-84.99621745509627], [-85.00884831937512], [-85.02000440781072], [-85.02969301284853], [-85.03791967937364], [-85.04471525304142], [-85.05010546924055], [-85.05412767175736], [-85.05682752055526], [-85.0582555037201], [-85.0584704279233], [-85.05754128277677], [-85.05555051254385], [-85.05257452462541], [-85.0487042267816], [-85.04404006186762], [-85.03868385323113], [-85.0327452572849], [-85.02634343894994], [-85.0195948152615], [-85.01262777240255], [-85.005574782323], [-84.99856826822494], [-84.99174767019359], [-84.98525321208436], [-84.97922974356021], [-84.97382002243958], [-84.96916520857141], [-84.96541695487774], [-84.9627168564663], [-84.96120892776597], [-84.96103485188715], [-84.96233348434629], [-84.96524062902493], [-84.96988993443225], [-84.97640684151044], [-84.98490821147274], [-84.9955158588412], [-85.0083329525759], [-85.02346320447502], [-85.04099801075411], [-85.06102908264596], [-85.08362407262109], [-85.10884792151431], [-85.13675831627056], [-85.16739968000819], [-85.20080612919602], [-85.236999500803], [-85.27599365756973], [-85.31778782721106], [-85.36236302436406], [-85.40969778430339], [-85.45975267223622], [-85.5124847317642], [-85.5678238618038], [-85.62569336437065], [-85.68601541409296], [-85.74868751442739], [-85.81359935182124], [-85.88063288665188], [-85.94964505589557], [-86.02050758795221], [-86.09305324548663], [-86.16712625026159], [-86.24255685704975], [-86.31916355508808], [-86.39675354550964], [-86.47513804900946], [-86.55410909994394], [-86.63346616823095], [-86.71299631502848], [-86.79248182414878], [-86.87170622999155], [-86.95045430020744], [-87.02849928565132], [-87.105619942513], [-87.18159609213438], [-87.2562084204738], [-87.32924043498792], [-87.4004764012935], [-87.46971320201868], [-87.53674645989894], [-87.6013769649358], [-87.66341554241527], [-87.72268097089633], [-87.77899970315467], [-87.83221017590397], [-87.88215938205641], [-87.92870324824926], [-87.9717156487386], [-88.01107658961524], [-88.04668167431124], [-88.07843625277245], [-88.10627110878103], [-88.13011768123515], [-88.1499292639584], [-88.16567458552592], [-88.17733199085221], [-88.18490379518344], [-88.18839600611771], [-88.1878405958139], [-88.18328115840288], [-88.17477821698301], [-88.16240171388914], [-88.14624166331227], [-88.12640262246869], [-88.10300070794177], [-88.07616291450225], [-88.04603485389757], [-88.01277502262398], [-87.9765518000063], [-87.93754290348726], [-87.89593076204038], [-87.85192780380933], [-87.80573577537639], [-87.75757202205068], [-87.70765924301084], [-87.6562283671231], [-87.60351708274125], [-87.54976209588605], [-87.49520659420726], [-87.44009529664228], [-87.38466908509686], [-87.32918158151706], [-87.27387685888115], [-87.21899823656106], [-87.16479072371274], [-87.11148878675532], [-87.05932615165788], [-87.0085238111664], [-86.95930683927229], [-86.91188593431548], [-86.86647026172562], [-86.82325359279398], [-86.78242040482975], [-86.74414572328436], [-86.70859314074228], [-86.67591339403452], [-86.6462512235743], [-86.6197226138151], [-86.59644442708787], [-86.576521986667], [-86.56003166313556], [-86.54704593833102], [-86.53762414778913], [-86.53179937764689], [-86.52960256362834], [-86.53105062691658], [-86.53612984626103], [-86.54482609176232], [-86.55710742164659], [-86.57292647012179], [-86.59222358969663], [-86.61492777221332], [-86.6409484557609], [-86.67018742216251], [-86.70253341118244], [-86.73786244754383], [-86.77604577272695], [-86.81693447312905], [-86.86037795057833], [-86.90621437252452], [-86.9542747999591], [-87.00438248787385], [-87.05635465188179], [-87.11000402519184], [-87.1651367905491], [-87.22155627704211], [-87.27905995235923], [-87.33744991986457], [-87.39652774286894, -87.45608586459186], [-87.51592193631389], [-87.57583483904493], [-87.63562599953787], [-87.69509446476378], [-87.75405657751956], [-87.81232461977058], [-87.8697114842198], [-87.92603998123955], [-87.98114256088957], [-88.03485031814112], [-88.08701344737344], [-88.13748010113348], [-88.18611021926559], [-88.23277698129638], [-88.2773559087505], [-88.31973393053455], [-88.35980479850333], [-88.3974846008034], [-88.4326850441403], [-88.46533470559868], [-88.4953667312571], [-88.5227327541494], [-88.54739140709738], [-88.56929872921734], [-88.5884524011742], [-88.60482490343442], [-88.61841462682146], [-88.6292273840243], [-88.63728305475755], [-88.6425992643224], [-88.64520062566694], [-88.64513637282451], [-88.64243782521591], [-88.63717385146622], [-88.6293979880657], [-88.61917169310465], [-88.60656560897225], [-88.59165451843744], [-88.5745169802979], [-88.5552347977704], [-88.53389388160862], [-88.51057736944377], [-88.48539028320826], [-88.4584149645628], [-88.4297445007763], [-88.39947906825378], [-88.36770902210954], [-88.33452696890792], [-88.30002825232599], [-88.26430437445147], [-88.22745385214516], [-88.1895609126147], [-88.15071183638682], [-88.11099226820214], [-88.07048470821314], [-88.02926971388439], [-87.98742404161035], [-87.94502111082465], [-87.9021336563598], [-87.85882685194596], [-87.81516399122333], [-87.77120512982128], [-87.72700686402646], [-87.68262297187063], [-87.63810355461585], [-87.59349038069475], [-87.54883251420749], [-87.50416935329814], [-87.45953772638053], [-87.41497107578948], [-87.37050413357653], [-87.32616424532429], [-87.28198418645916], [-87.23798749079167], [-87.19420195621254], [-87.15064410164297], [-87.107348311753], [-87.06433145359708], [-87.02161343754402], [-86.97921767942901], [-86.93716152633948], [-86.89547881468614], [-86.85418663544294], [-86.81331057573524], [-86.7728705838993], [-86.73289738015634], [-86.69341933357215], [-86.65446648159744], [-86.61607454137142], [-86.57826803164052], [-86.54109525941489], [-86.50458394599173], [-86.46877795002814], [-86.43372203740445], [-86.39945973360632], [-86.36603714757238], [-86.33350654246189], [-86.30191288788272], [-86.27131847389526], [-86.2417744035923], [-86.21333756990326], [-86.1860660022218], [-86.1600185507304], [-86.13525694879667], [-86.11184228933793], [-86.08983652847711], [-86.06930317769286], [-86.05030133297248], [-86.03289448892927], [-86.01714109227758], [-86.0030983673284], [-85.99082883889274], [-85.98038291789494], [-85.97181977348994], [-85.96518379360728], [-85.96052359107391], [-85.95788556677729], [-85.95730825809083], [-85.95882383421575], [-85.962469139361], [-85.96826512294895], [-85.97623427508965], [-85.98639363129294], [-85.9987511821625], [-86.01330511741264], [-86.03006417000607], [-86.0490083052166], [-86.07012344565965], [-86.09338736454217], [-86.11877104242879], [-86.14623442291217], [-86.17573340754423], [-86.20722186897486], [-86.24063545950828], [-86.27591007768689], [-86.31296581115842], [-86.35173143621682], [-86.3921183215009], [-86.43403240608714], [-86.47737319327116], [-86.52203821035859], [-86.56791295692992], [-86.61488098008702], [-86.66281950456198], [-86.71160542731793], [-86.7611048205583], [-86.81118651443737], [-86.86170930375536], [-86.91253018383502], [-86.96350989945971], [-87.0145035329788], [-87.06536195072003], [-87.11593666886354], [-87.1660813435341], [-87.21564837835606], [-87.26448921155954], [-87.31246205393269], [-87.35942420679825], [-87.40522551634837], [-87.44974598576822], [-87.49284263730395], [-87.53438180484771], [-87.5742445577442], [-87.6123115835435], [-87.64846760285288], [-87.68260264984923], [-87.71462033534243], [-87.74441987240827], [-87.77191953710897], [-87.79704428862676], [-87.81971555548654], [-87.83987498844911], [-87.85746838333786], [-87.87245031758063], [-87.88478385434549], [-87.8944397092624], [-87.90140446900239], [-87.9056669443956], [-87.90722436204615], [-87.90608839849656], [-87.90227575933555], [-87.89581878433175], [-87.88674893707034], [-87.87511496603216], [-87.86096189558619], [-87.84435632074006], [-87.82537620524283], [-87.80408249297403], [-87.7805664294405], [-87.75492430268393], [-87.72724064624238], [-87.69762331038709], [-87.66618307986896], [-87.63303431140722], [-87.59828540437188], [-87.56206603505198], [-87.52449663312997], [-87.48570649265594], [-87.44582514391853], [-87.40497865905614], [-87.36330772552476], [-87.3209428800065], [-87.27800773406753], [-87.23464811669018], [-87.19098098410203], [-87.1471454758904], [-87.1032650523309], [-87.05946191234132], [-87.01586565864186], [-86.97258361785379], [-86.92973176646505], [-86.887418615057], [-86.84574841619514], [-86.80481558116529], [-86.76471466865384], [-86.72553375881928], [-86.68734918555627], [-86.65023575517411], [-86.61425927911552], [-86.57947730307215], [-86.54594158242716], [-86.51370463214865], [-86.48280049174096], [-86.45325450434983], [-86.4250934796364], [-86.39832846981581], [-86.37297522336003], [-86.34902881101424], [-86.32648812194913], [-86.30533727236578], [-86.28556046510928], [-86.26712854841725], [-86.25001218415521], [-86.23417456823458], [-86.2195714262335], [-86.20615482111619], [-86.19387095108624], [-86.18266268978937], [-86.17246996513414], [-86.16322984272911], [-86.15487108460721], [-86.14732238283219], [-86.14051190596805], [-86.13436465303569], [-86.12880336553741], [-86.12375395231982], [-86.11913570848738], [-86.11487054278506], [-86.11087863820151], [-86.10928900446538], [], [], [], [], [], [], [], [], [], [], [], [], [], [], [], [], [], [], [], [], [], [], [], [], [], [], [], [], [], [], [], [], [], [], [], [], [], [], [], [], [], [], [], [], [], [], [], [], [], [], [], [], [], [], [], [], [], [], [], [], [], [], [], [], [], [], [], [], [], [], [], [], [], [], [], [], [], [], [], [], [], [], [], [], [], [], [], [], [], [], [], [], [], [], [], [], [], [], [], [], [], [], [], [], [], [], [], [], [], [], [], [], [], [], [], [], [], [], [], [], [], [], [], [], [], [], [], [], [], [], [], [], [], [], [], [], [], [], [], [], [], [], [], [], [], [], [], [], [], [], [], [], [], [], [], [], [], [], [], [], [], [], [], [], [], [], [], [], [], [], [], [], [], [], [], [], [], [], [], [], [], [], [], [], [], [], [], [], [], [], [], [], [], [], [], [], [], [], [], [], [], [], [], [], [], [], [], [], [], [], [], [], [], [], [], [], [], [], [], [], [], [], [], [], [], [], [], [], [], [], [], [], [], [], [], [], [], [], [], [], [], [], [], [], [], [], [], [], [], [], [], [], [], [], [], [], [], [], [], [], [], [], [], [], [], [], [], [], [], [], [], [], [], [], [], [], [], [], [], [], [], [], [], [], [], [], [], [], [], [], [], [], [], [], [], [], [], [], [], [], [], [], [], [], [], [], [], [], [], [], [], [], [], [], [], [], [], [], [], [], [], [], [], [], [], [], [], [], [], [], [], [], [], [], [], [], [], [], [], [], [], [], [], [], [], [], [], [], [], [], [], [], [], [], [], [], [], [], [], [], [], [], [], [], [], [], [], [], [], [], [], [], [], [], [], [], [], [], [], [], [], [], [], [], [], [], [], [], [], [], [], [], [], [], [], [], [], [], [], [], [], [], [], [], [], [], [], [], [], [], [], [], [], [], [], [], [], [], [], [], [], [], [], [], [], [], [], [], [], [], [], [], [], [], [], [], [], [], [], [], [], [], [], [], [], [], [], [], [], [], [], [], [], [], [], [], [], [], [], [], [], [], [], [], [], [], [], [], [], [], [], [], [], [], [], [], [], [], [], [], [], [], [], [], [], [], [], [], [], [], [], [], [], [], [], [], [], [], [], [], [], [], [], [], [], [], [], [], [], [], [], [], [], [], [], [], [], [], [], [], [], [], [], [], [], [], [], [], [], [], [], [], [], [], [], [], [], [], [], [], [], [], [], [], []]",-2.475486582857026,-2.44206448866535
sis,59.85,"[2010.675565   2010.69474308 2010.71392116 2010.73309925 2010.75227733
 2010.77145541 2010.79063349 2010.80981158 2010.82898966 2010.84816774
 2010.86734582 2010.8865239  2010.90570199 2010.92488007 2010.94405815
 2010.96323623 2010.98241432 2011.0015924  2011.02077048 2011.03994856
 2011.05912664 2011.07830473 2011.09748281 2011.11666089 2011.13583897
 2011.15501705 2011.17419514 2011.19337322 2011.2125513  2011.23172938
 2011.25090747 2011.27008555 2011.28926363 2011.30844171 2011.32761979
 2011.34679788 2011.36597596 2011.38515404 2011.40433212 2011.42351021
 2011.44268829 2011.46186637 2011.48104445 2011.50022253 2011.51940062
 2011.5385787  2011.55775678 2011.57693486 2011.59611295 2011.61529103
 2011.63446911 2011.65364719 2011.67282527 2011.69200336 2011.71118144
 2011.73035952 2011.7495376  2011.76871568 2011.78789377 2011.80707185
 2011.82624993 2011.84542801 2011.8646061  2011.88378418 2011.90296226
 2011.92214034 2011.94131842 2011.96049651 2011.97967459 2011.99885267
 2012.01803075 2012.03720884 2012.05638692 2012.075565   2012.09474308
 2012.11392116 2012.13309925 2012.15227733 2012.17145541 2012.19063349
 2012.20981158 2012.22898966 2012.24816774 2012.26734582 2012.2865239
 2012.30570199 2012.32488007 2012.34405815 2012.36323623 2012.38241432
 2012.4015924  2012.42077048 2012.43994856 2012.45912664 2012.47830473
 2012.49748281 2012.51666089 2012.53583897 2012.55501705 2012.57419514
 2012.59337322 2012.6125513  2012.63172938 2012.65090747 2012.67008555
 2012.68926363 2012.70844171 2012.72761979 2012.74679788 2012.76597596
 2012.78515404 2012.80433212 2012.82351021 2012.84268829 2012.86186637
 2012.88104445 2012.90022253 2012.91940062 2012.9385787  2012.95775678
 2012.97693486 2012.99611295 2013.01529103 2013.03446911 2013.05364719
 2013.07282527 2013.09200336 2013.11118144 2013.13035952 2013.1495376
 2013.16871568 2013.18789377 2013.20707185 2013.22624993 2013.24542801
 2013.2646061  2013.28378418 2013.30296226 2013.32214034 2013.34131842
 2013.36049651 2013.37967459 2013.39885267 2013.41803075 2013.43720884
 2013.45638692 2013.475565   2013.49474308 2013.51392116 2013.53309925
 2013.55227733 2013.57145541 2013.59063349 2013.60981158 2013.62898966
 2013.64816774 2013.66734582 2013.6865239  2013.70570199 2013.72488007
 2013.74405815 2013.76323623 2013.78241432 2013.8015924  2013.82077048
 2013.83994856 2013.85912664 2013.87830473 2013.89748281 2013.91666089
 2013.93583897 2013.95501705 2013.97419514 2013.99337322 2014.0125513
 2014.03172938 2014.05090747 2014.07008555 2014.08926363 2014.10844171
 2014.12761979 2014.14679788 2014.16597596 2014.18515404 2014.20433212
 2014.22351021 2014.24268829 2014.26186637 2014.28104445 2014.30022253
 2014.31940062 2014.3385787  2014.35775678 2014.37693486 2014.39611295
 2014.41529103 2014.43446911 2014.45364719 2014.47282527 2014.49200336
 2014.51118144 2014.53035952 2014.5495376  2014.56871568 2014.58789377
 2014.60707185 2014.62624993 2014.64542801 2014.6646061  2014.68378418
 2014.70296226 2014.72214034 2014.74131842 2014.76049651 2014.77967459
 2014.79885267 2014.81803075 2014.83720884 2014.85638692 2014.875565
 2014.89474308 2014.91392116 2014.93309925 2014.95227733 2014.97145541
 2014.99063349 2015.00981158 2015.02898966 2015.04816774 2015.06734582
 2015.0865239  2015.10570199 2015.12488007 2015.14405815 2015.16323623
 2015.18241432 2015.2015924  2015.22077048 2015.23994856 2015.25912664
 2015.27830473 2015.29748281 2015.31666089 2015.33583897 2015.35501705
 2015.37419514 2015.39337322 2015.4125513  2015.43172938 2015.45090747
 2015.47008555 2015.48926363 2015.50844171 2015.52761979 2015.54679788
 2015.56597596 2015.58515404 2015.60433212 2015.62351021 2015.64268829
 2015.66186637 2015.68104445 2015.70022253 2015.71940062 2015.7385787
 2015.75775678 2015.77693486 2015.79611295 2015.81529103 2015.83446911
 2015.85364719 2015.87282527 2015.89200336 2015.91118144 2015.93035952
 2015.9495376  2015.96871568 2015.98789377 2016.00707185 2016.02624993
 2016.04542801 2016.0646061  2016.08378418 2016.10296226 2016.12214034
 2016.14131842 2016.16049651 2016.17967459 2016.19885267 2016.21803075
 2016.23720884 2016.25638692 2016.275565   2016.29474308 2016.31392116
 2016.33309925 2016.35227733 2016.37145541 2016.39063349 2016.40981158
 2016.42898966 2016.44816774 2016.46734582 2016.4865239  2016.50570199
 2016.52488007 2016.54405815 2016.56323623 2016.58241432 2016.6015924
 2016.62077048 2016.63994856 2016.65912664 2016.67830473 2016.69748281
 2016.71666089 2016.73583897 2016.75501705 2016.77419514 2016.79337322
 2016.8125513  2016.83172938 2016.85090747 2016.87008555 2016.88926363
 2016.90844171 2016.92761979 2016.94679788 2016.96597596 2016.98515404
 2017.00433212 2017.02351021 2017.04268829 2017.06186637 2017.08104445
 2017.10022253 2017.11940062 2017.1385787  2017.15775678 2017.17693486
 2017.19611295 2017.21529103 2017.23446911 2017.25364719 2017.27282527
 2017.29200336 2017.31118144 2017.33035952 2017.3495376  2017.36871568
 2017.38789377 2017.40707185 2017.42624993 2017.44542801 2017.4646061
 2017.48378418 2017.50296226 2017.52214034 2017.54131842 2017.56049651
 2017.57967459 2017.59885267 2017.61803075 2017.63720884 2017.65638692
 2017.675565   2017.69474308 2017.71392116 2017.73309925 2017.75227733
 2017.77145541 2017.79063349 2017.80981158 2017.82898966 2017.84816774
 2017.86734582 2017.8865239  2017.90570199 2017.92488007 2017.94405815
 2017.96323623 2017.98241432 2018.0015924  2018.02077048 2018.03994856
 2018.05912664 2018.07830473 2018.09748281 2018.11666089 2018.13583897
 2018.15501705 2018.17419514 2018.19337322 2018.2125513  2018.23172938
 2018.25090747 2018.27008555 2018.28926363 2018.30844171 2018.32761979
 2018.34679788 2018.36597596 2018.38515404 2018.40433212 2018.42351021
 2018.44268829 2018.46186637 2018.48104445 2018.50022253 2018.51940062
 2018.5385787  2018.55775678 2018.57693486 2018.59611295 2018.61529103
 2018.63446911 2018.65364719 2018.67282527 2018.69200336 2018.71118144
 2018.73035952 2018.7495376  2018.76871568 2018.78789377 2018.80707185
 2018.82624993 2018.84542801 2018.8646061  2018.88378418 2018.90296226
 2018.92214034 2018.94131842 2018.96049651 2018.97967459 2018.99885267
 2019.01803075 2019.03720884 2019.05638692 2019.075565   2019.09474308
 2019.11392116 2019.13309925 2019.15227733 2019.17145541 2019.19063349
 2019.20981158 2019.22898966 2019.24816774 2019.26734582 2019.2865239
 2019.30570199 2019.32488007 2019.34405815 2019.36323623 2019.38241432
 2019.4015924  2019.42077048 2019.43994856 2019.45912664 2019.47830473
 2019.49748281 2019.51666089 2019.53583897 2019.55501705 2019.57419514
 2019.59337322 2019.6125513  2019.63172938 2019.65090747 2019.67008555
 2019.68926363 2019.70844171 2019.72761979 2019.74679788 2019.76597596
 2019.78515404 2019.80433212 2019.82351021 2019.84268829 2019.86186637
 2019.88104445 2019.90022253 2019.91940062 2019.9385787  2019.95775678
 2019.97693486 2019.99611295 2020.01529103 2020.03446911 2020.05364719
 2020.07282527 2020.09200336 2020.11118144 2020.13035952 2020.1495376
 2020.16871568 2020.18789377 2020.20707185 2020.22624993 2020.24542801
 2020.2646061  2020.28378418 2020.30296226 2020.32214034 2020.34131842
 2020.36049651 2020.37967459 2020.39885267 2020.41803075 2020.43720884
 2020.45638692 2020.475565   2020.49474308 2020.51392116 2020.53309925
 2020.55227733 2020.57145541 2020.59063349 2020.60981158 2020.62898966
 2020.64816774 2020.66734582 2020.6865239  2020.70570199 2020.72488007
 2020.74405815 2020.76323623 2020.78241432 2020.8015924  2020.82077048
 2020.83994856 2020.85912664 2020.87830473 2020.89748281 2020.91666089
 2020.93583897 2020.95501705 2020.97419514 2020.99337322 2021.0125513
 2021.03172938 2021.05090747 2021.07008555 2021.08926363 2021.10844171
 2021.12761979 2021.14679788 2021.16597596 2021.18515404 2021.20433212
 2021.22351021 2021.24268829 2021.26186637 2021.28104445 2021.30022253
 2021.31940062 2021.3385787  2021.35775678 2021.37693486 2021.39611295
 2021.41529103 2021.43446911 2021.45364719 2021.47282527 2021.49200336
 2021.51118144 2021.53035952 2021.5495376  2021.56871568 2021.58789377
 2021.60707185 2021.62624993 2021.64542801 2021.6646061  2021.68378418
 2021.70296226 2021.72214034 2021.74131842 2021.76049651 2021.77967459
 2021.79885267 2021.81803075 2021.83720884 2021.85638692 2021.875565
 2021.89474308 2021.91392116 2021.93309925 2021.95227733 2021.97145541
 2021.99063349 2022.00981158 2022.02898966 2022.04816774 2022.06734582
 2022.0865239  2022.10570199 2022.12488007 2022.14405815 2022.16323623
 2022.18241432 2022.2015924  2022.22077048 2022.23994856 2022.25912664
 2022.27830473 2022.29748281 2022.31666089 2022.33583897 2022.35501705
 2022.37419514 2022.39337322 2022.4125513  2022.43172938 2022.45090747
 2022.47008555 2022.48926363 2022.50844171 2022.52761979 2022.54679788
 2022.56597596 2022.58515404 2022.60433212 2022.62351021 2022.64268829
 2022.66186637 2022.68104445 2022.70022253 2022.71940062 2022.7385787
 2022.75775678 2022.77693486 2022.79611295 2022.81529103 2022.83446911
 2022.85364719 2022.87282527 2022.89200336 2022.91118144 2022.93035952
 2022.9495376  2022.96871568 2022.98789377 2023.00707185 2023.02624993
 2023.04542801 2023.0646061  2023.08378418 2023.10296226 2023.12214034
 2023.14131842 2023.16049651 2023.17967459 2023.19885267 2023.21803075
 2023.23720884 2023.25638692 2023.275565   2023.29474308 2023.31392116
 2023.33309925 2023.35227733 2023.37145541 2023.39063349 2023.40981158
 2023.42898966 2023.44816774 2023.46734582 2023.4865239  2023.50570199
 2023.52488007 2023.54405815 2023.56323623 2023.58241432 2023.6015924
 2023.62077048 2023.63994856 2023.65912664 2023.67830473 2023.69748281
 2023.71666089 2023.73583897 2023.75501705 2023.77419514 2023.79337322
 2023.8125513  2023.83172938 2023.842688  ]","[-83.69030968 -84.22166615 -84.68381729 -85.04574017 -85.29077168
 -85.41987215 -85.45185949 -85.42038774 -85.36803501 -85.33858288
 -85.36887866 -85.48184154 -85.68195721 -85.95421165 -86.26661796
 -86.57591979 -86.83535046 -87.00300298 -87.04918206 -86.96142679
 -86.74630119 -86.4278066  -86.04273922 -85.63416758 -85.24422695
 -84.9076723  -84.64735329 -84.4721691  -84.37776801 -84.34942261
 -84.36625633 -84.40583191 -84.44804586 -84.47763462 -84.48505896
 -84.46582799 -84.41889507 -84.34486691 -84.24459384 -84.11886991
 -83.96925476 -83.79983955 -83.61928525 -83.4424765  -83.29092143
 -83.19145426 -83.17310527 -83.26250806 -83.47863414 -83.8279296
 -84.30096742 -84.87153909 -85.49860337 -86.13107663 -86.71470406
 -87.19987713 -87.54898102 -87.74190662 -87.77861714 -87.67833425
 -87.47545534 -87.21299097 -86.93484169 -86.6783443  -86.46861791
 -86.31560126 -86.21432445 -86.14817666 -86.0943227  -86.03002477
 -85.93846887 -85.81284921 -85.65788056 -85.48849215 -85.32607734
 -85.19319575 -85.10793779 -85.07920412 -85.10391553 -85.16673039
 -85.24226476 -85.29933715 -85.30623704 -85.23595342 -85.07033062
 -84.80236315 -84.43636361 -83.98624979 -83.47243918 -82.91838069
 -82.34747482 -81.78109194 -81.23808737 -80.73557527 -80.29055282
 -79.92154695 -79.64955789 -79.49760322 -79.48861781 -79.64201683
 -79.96939805 -80.47040528 -81.12987575 -81.9170609  -82.78746387
 -83.68729607 -84.55994054 -85.35338353 -86.02723865 -86.55808229
 -86.94200855 -87.19389258 -87.34346231 -87.42892651 -87.4893944
 -87.55755935 -87.65405837 -87.78456337 -87.94008897 -88.10030975
 -88.23915216 -88.33127089 -88.35815687 -88.31244979 -88.19962067
 -88.03672874 -87.84861246 -87.66229362 -87.50099128 -87.37892479
 -87.29808557 -87.24758371 -87.2056931  -87.14408999 -87.03338095
 -86.84870989 -86.57435366 -86.20643623 -85.75335696 -85.23404142
 -84.67458208 -84.10413753 -83.5510399  -83.0399108  -82.59025314
 -82.21655743 -81.9295465  -81.73788913 -81.64960269 -81.67250108
 -81.81331821 -82.07557521 -82.45666414 -82.94498978 -83.51803342
 -84.14217269 -84.77475235 -85.36841142 -85.87702817 -86.26241556
 -86.50043736 -86.58526294 -86.53086588 -86.36916805 -86.14505392
 -85.90909542 -85.70912586 -85.58235871 -85.54943293 -85.61151891
 -85.7510185  -85.93569788 -86.12534717 -86.27974803 -86.36625284
 -86.36566532 -86.27521438 -86.10825674 -85.89091367 -85.65633665
 -85.43801655 -85.26338551 -85.14905784 -85.09844932 -85.10219367
 -85.14098105 -85.19004939 -85.22429874 -85.22291949 -85.17259299
 -85.06882052 -84.91534387 -84.72208725 -84.50233983 -84.27005203
 -84.03796631 -83.81695011 -83.61661805 -83.44683589 -83.31940964
 -83.24922509 -83.2541861  -83.35355237 -83.5648517  -83.89979549
 -84.36015531 -84.93454316 -85.59711138 -86.30870236 -87.02061386
 -87.68054426 -88.23967249 -88.65973029 -88.91860452 -89.01340517
 -88.96030639 -88.79117178 -88.54748139 -88.27279068 -88.00515448
 -87.77094245 -87.58128472 -87.43169223 -87.30499068 -87.17663473
 -87.02145577 -86.82026518 -86.56490273 -86.26079354 -85.92639319
 -85.58978063 -85.28311498 -85.03619601 -84.87044476 -84.79456442
 -84.80275291 -84.87571794 -84.98424138 -85.09446303 -85.17379114
 -85.19623606 -85.14619599 -85.0201166  -84.82592568 -84.58064839
 -84.30692304 -84.02936731 -83.77156718 -83.55427596 -83.39496698
 -83.30847449 -83.30816645 -83.40689762 -83.61711592 -83.9496906
 -84.41149678 -85.00217789 -85.71083166 -86.51360703 -87.37308083
 -88.24001515 -89.05754734 -89.76755093 -90.31797908 -90.67020628
 -90.80471721 -90.72424762 -90.453445   -90.03518512 -89.52392278
 -88.9773685  -88.44795694 -87.97561935 -87.58319262 -87.27520469
 -87.04012367 -86.85547746 -86.69470252 -86.53420831 -86.35924795
 -86.1673798  -85.96890308 -85.78428345 -85.63921833 -85.55846709
 -85.55979491 -85.64931048 -85.81914153 -86.04786987 -86.30355823
 -86.54867538 -86.74587853 -86.86347463 -86.87963265 -86.78456953
 -86.58065385 -86.28066668 -85.9048674  -85.47777637 -85.02534767
 -84.57318997 -84.14597591 -83.76776945 -83.4627821  -83.25584847
 -83.17194131 -83.23440867 -83.46188784 -83.86433909 -84.43909291
 -85.16777723 -86.01520445 -86.93078948 -87.85281414 -88.71496651
 -89.4544744  -90.02028183 -90.37998204 -90.52417372 -90.46731418
 -90.24493612 -89.9075947  -89.51262807 -89.11520959 -88.76034817
 -88.47713258 -88.27624026 -88.15098945 -88.08143706 -88.0405972
 -88.00137179 -87.94270477 -87.85378931 -87.73551506 -87.59910223
 -87.46231761 -87.34430547 -87.26034172 -87.21749114 -87.21238439
 -87.23135484 -87.25293928 -87.25201698 -87.20473047 -87.09303109
 -86.90790411 -86.65070784 -86.33245807 -85.97138093 -85.58951337
 -85.20914588 -84.85003325 -84.52793672 -84.2546439  -84.0393116
 -83.89044993 -83.81780725 -83.83333153 -83.95065397 -84.18299727
 -84.53977089 -85.02260148 -85.62178289 -86.31413192 -87.06308324
 -87.82135655 -88.53602325 -89.15525027 -89.63553785 -89.94814803
 -90.08340808 -90.05205007 -89.88317847 -89.61922892 -89.30883597
 -88.99888249 -88.72730696 -88.51796807 -88.37842748 -88.30106912
 -88.26702572 -88.2521046  -88.23326712 -88.1943305  -88.12967745
 -88.04519624 -87.95641289 -87.88425381 -87.84948409 -87.86707268
 -87.94175542 -88.06576324 -88.21920096 -88.37299114 -88.49370166
 -88.54927214 -88.51441857 -88.37469066 -88.12844745 -87.78647443
 -87.36957002 -86.90475172 -86.42107753 -85.94591726 -85.50252448
 -85.10913334 -84.77956006 -84.52476146 -84.35463972 -84.27927512
 -84.30899446 -84.45301193 -84.71687653 -85.09917658 -85.58865893
 -86.16235667 -86.78578104 -87.4154317  -88.00351744 -88.50421436
 -88.88042626 -89.10969071 -89.18804778 -89.13096526 -88.97098875
 -88.75236447 -88.5236436  -88.32949238 -88.20331621 -88.16205171
 -88.20411762 -88.3107982  -88.45081032 -88.5870507  -88.68411639
 -88.71517415 -88.66675271 -88.54067902 -88.35283825 -88.12919694
 -87.89999547 -87.69345905 -87.53027949 -87.42001595 -87.36004261
 -87.33711198 -87.33104536 -87.31959681 -87.28343127 -87.21009997
 -87.09625177 -86.94777419 -86.77802177 -86.60472742 -86.44645759
 -86.31949458 -86.235909   -86.20304134 -86.22446464 -86.30183402
 -86.43698494 -86.63335643 -86.89626154 -87.23160553 -87.6432251
 -88.12949105 -88.6800209  -89.27339224 -89.8769307  -90.4487329
 -90.94219037 -91.31212381 -91.52172812 -91.54886788 -91.390529
 -91.06437754 -90.60701163 -90.06904448 -89.50783529 -88.97916908
 -88.5293383  -88.18913722 -87.97074638 -87.86808103 -87.86026581
 -87.91753782 -88.00821719 -88.10530849 -88.19140885 -88.26100204
 -88.31980677 -88.38149077 -88.46259842 -88.57695821 -88.73078309
 -88.91963313 -89.12786052 -89.33061243 -89.49797132 -89.60020606
 -89.61319626 -89.52265119 -89.32657833 -89.03541275 -88.67004361
 -88.25830792 -87.83080529 -87.41699978 -87.04238615 -86.72717927
 -86.4865202  -86.33180721 -86.2724704  -86.31736673 -86.47512986
 -86.75316014 -87.15529774 -87.67869251 -88.31071436 -89.02685747
 -89.79048629 -90.55492977 -91.2679311  -91.87791141 -92.34104148
 -92.62782563 -92.72789517 -92.65197188 -92.43046723 -92.10882212
 -91.74033893 -91.37776695 -91.06516363 -90.83153586 -90.68739415
 -90.62480027 -90.62079019 -90.643395   -90.65898526 -90.6394311
 -90.56768109 -90.4406962  -90.26924514 -90.07481855 -89.88438706
 -89.72421745 -89.61409112 -89.56313158 -89.56798895 -89.61371197
 -89.67693125 -89.73059031 -89.74914058 -89.71312444 -89.61222673
 -89.44637436 -89.22482272 -88.96373946 -88.68299483 -88.40304725
 -88.14267861 -87.9179394  -87.74244278 -87.62854835 -87.58883951
 -87.63710454 -87.78820332 -88.05647863 -88.452814   -88.98085149
 -89.63324169 -90.38895507 -91.21252634 -92.05583532 -92.86249615
 -93.57434029 -94.13901257 -94.51735625 -94.68926154 -94.65669487
 -94.44336063 -94.09094181 -93.65249232 -93.184236   -92.73722267
 -92.35037281 -92.04614475 -91.82950476 -91.69024464 -91.60794883
 -91.55848583 -91.52057632 -91.48102155 -91.43754906 -91.39876891
 -91.38131879 -91.40498354 -91.48692338 -91.63631869 -91.85063359
 -92.11432213 -92.40024195 -92.67345177 -92.89662054 -93.03585848
 -93.06588211 -92.97348668 -92.75880475 -92.43432998 -92.02203915
 -91.54950246 -91.04587421 -90.53862515 -90.05161143 -89.60461976
 -89.21415199 -88.89486411 -88.66086667 -88.52625074 -88.50432757
 -88.60559044 -88.83476083 -89.18760818 -89.6485323  -90.18973591
 -90.77256031 -91.35118567 -91.87825291 -92.31152982 -92.6204416
 -92.79113464 -92.828999   -92.75798449 -92.61668661 -92.45178363
 -92.30998738 -92.23001326 -92.23602756 -92.33384485 -92.51058178
 -92.73775233 -92.97722473 -93.18872195 -93.33748436 -93.40051771
 -93.37028412 -93.25520021 -93.07699026 -92.86556273 -92.65253657
 -92.46484159 -92.31966524 -92.22169319 -92.16308601 -92.12603972
 -92.08718395 -92.02285198 -91.91397798 -91.74972611 -91.52913186
 -91.26067748 -90.96009469 -90.64712629 -90.34212634 -90.06331695
 -89.82529878 -89.63897068 -89.51264867 -89.45381611 -89.47068349
 -89.57289725 -89.77089329 -90.07388312 -90.48664571 -91.00602718
 -91.61804094 -92.29645688 -93.00360288 -93.69360459 -94.31773745
 -94.83110596 -95.19946429 -95.40477293 -95.44844061 -95.35140002
 -95.15087783 -94.89433603 -94.74003235]","[-84.11591118 -84.14733187 -84.17975009 -84.21309737 -84.24730866
 -84.28230975 -84.31801531 -84.35434732 -84.39121727 -84.42853487
 -84.46620849 -84.50414641 -84.54224096 -84.58039437 -84.6185049
 -84.65647126 -84.69418352 -84.73153933 -84.76843348 -84.80476409
 -84.84041787 -84.87530543 -84.9093153  -84.9423524  -84.97432152
 -85.00512081 -85.03467408 -85.06288524 -85.08967469 -85.11497227
 -85.13869746 -85.16078298 -85.18117225 -85.19980425 -85.2166406
 -85.23163316 -85.2447302  -85.25592527 -85.26519045 -85.27251019
 -85.27787241 -85.28128745 -85.28275369 -85.28229024 -85.27991998
 -85.27567321 -85.26958721 -85.26170727 -85.25208538 -85.2407802
 -85.22785481 -85.21338951 -85.19745614 -85.18013843 -85.16152669
 -85.14171516 -85.12080008 -85.09889318 -85.07609796 -85.05252234
 -85.02828318 -85.00349512 -84.97828407 -84.95275598 -84.92703934
 -84.90125844 -84.87553221 -84.84998076 -84.82472358 -84.79987846
 -84.77556105 -84.75188432 -84.72895806 -84.70688843 -84.68577748
 -84.66572267 -84.64681625 -84.62914571 -84.61279247 -84.59783448
 -84.58433403 -84.57235879 -84.56196562 -84.55319648 -84.54609491
 -84.54069644 -84.53701798 -84.53509201 -84.53491802 -84.53650032
 -84.5398412  -84.54491595 -84.55170951 -84.56019196 -84.57033205
 -84.58207926 -84.5953887  -84.61021232 -84.62646897 -84.64409998
 -84.66304607 -84.68321602 -84.70452244 -84.72687977 -84.75019516
 -84.77437406 -84.79931594 -84.82492469 -84.85109372 -84.87771796
 -84.90469047 -84.93190517 -84.95925608 -84.98663712 -85.01394318
 -85.04107061 -85.06791769 -85.09438537 -85.12038037 -85.14579914
 -85.17056551 -85.19458328 -85.21777453 -85.24006819 -85.26139144
 -85.28166954 -85.30085718 -85.31889145 -85.33572639 -85.35131711
 -85.36563286 -85.37864649 -85.39033657 -85.40068183 -85.4096766
 -85.41731933 -85.42361468 -85.42857379 -85.43221419 -85.43455962
 -85.43563986 -85.43549053 -85.43415286 -85.43167341 -85.4281038
 -85.42350054 -85.41792443 -85.41144133 -85.40411768 -85.39602577
 -85.38724248 -85.37784812 -85.36791468 -85.35752587 -85.34676988
 -85.33572788 -85.32447524 -85.31311022 -85.30171314 -85.29036456
 -85.27915208 -85.26814574 -85.25743309 -85.24709569 -85.23719492
 -85.22781601 -85.21902152 -85.21087486 -85.20343979 -85.19677458
 -85.19092971 -85.1859632  -85.18190937 -85.17881654 -85.17671117
 -85.17563472 -85.17561102 -85.17664927 -85.1787813  -85.18201032
 -85.18634535 -85.19178145 -85.19832645 -85.2059652  -85.21468477
 -85.22447517 -85.23531343 -85.24716773 -85.26001497 -85.27382397
 -85.28855768 -85.30417626 -85.32064203 -85.3379083  -85.3559231
 -85.37464611 -85.39402547 -85.41400502 -85.43453557 -85.45556299
 -85.47702862 -85.49888447 -85.52106826 -85.54352964 -85.56620936
 -85.58905873 -85.61201912 -85.63504371 -85.65808142 -85.68107564
 -85.70399052 -85.7267723  -85.74938106 -85.77177646 -85.79392112
 -85.81577041 -85.83729992 -85.85847894 -85.87927455 -85.89966518
 -85.91962464 -85.93914149 -85.95817979 -85.97674788 -85.99482664
 -86.01240372 -86.02948251 -86.0460492  -86.06210999 -86.07766653
 -86.0927253  -86.10728835 -86.1213674  -86.13497546 -86.14811998
 -86.16081812 -86.17308565 -86.18494144 -86.1964014  -86.2074865
 -86.21821948 -86.22862081 -86.23871166 -86.24851263 -86.25805052
 -86.26734427 -86.27641952 -86.28529863 -86.29400309 -86.30255629
 -86.31097791 -86.31929062 -86.32751244 -86.33566595 -86.34376774
 -86.35183172 -86.35987897 -86.36792394 -86.37597779 -86.38405156
 -86.39216873 -86.40032043 -86.40853288 -86.41679406 -86.42512875
 -86.43353031 -86.44201412 -86.45056509 -86.45919548 -86.46790642
 -86.47669224 -86.48555413 -86.49448701 -86.50348558 -86.51254621
 -86.52166361 -86.53082825 -86.54003931 -86.54928653 -86.55856223
 -86.56785843 -86.57716695 -86.58647948 -86.59578768 -86.60508326
 -86.61435805 -86.62360413 -86.63281383 -86.64197988 -86.65109543
 -86.66015412 -86.6691538  -86.67807821 -86.68693381 -86.69571446
 -86.70441495 -86.71303614 -86.72156722 -86.73001896 -86.73838921
 -86.74667143 -86.75487261 -86.76299563 -86.77104136 -86.77901934
 -86.78692827 -86.79477386 -86.80256794 -86.81030527 -86.81800247
 -86.82566521 -86.83330767 -86.84092468 -86.84854086 -86.85614647
 -86.86376326 -86.8714002  -86.87906122 -86.8867644  -86.89450974
 -86.9023039  -86.91016006 -86.91809066 -86.92609303 -86.93418306
 -86.94236733 -86.95064258 -86.95902244 -86.96751057 -86.97610636
 -86.9848162  -86.99363851 -87.00257843 -87.01162873 -87.02079577
 -87.03007798 -87.03945244 -87.04894203 -87.05852961 -87.06820895
 -87.07796546 -87.08780168 -87.09770325 -87.10765847 -87.1176596
 -87.1276901  -87.13773609 -87.14778976 -87.15782941 -87.16784579
 -87.17781914 -87.18772824 -87.19756531 -87.2073095  -87.21694549
 -87.2264493  -87.23580294 -87.24499621 -87.25400829 -87.2628215
 -87.27141731 -87.27977699 -87.28788862 -87.29573473 -87.30330076
 -87.31057262 -87.31753469 -87.32417776 -87.33048732 -87.33645705
 -87.34207316 -87.34733316 -87.35223003 -87.3567527  -87.36090592
 -87.36468375 -87.36808201 -87.37111136 -87.3737632  -87.37605168
 -87.37797607 -87.37955047 -87.38078176 -87.38167585 -87.3822528
 -87.38252334 -87.38250548 -87.38221512 -87.38167146 -87.38089493
 -87.37990816 -87.37873394 -87.37739267 -87.3759139  -87.37432389
 -87.37265414 -87.37092905 -87.36917208 -87.36741919 -87.36570183
 -87.36405403 -87.36249887 -87.36107684 -87.35981122 -87.35873924
 -87.35789136 -87.35730101 -87.3569959  -87.3570074  -87.35736704
 -87.35810545 -87.3592442  -87.36082936 -87.36285821 -87.36537888
 -87.36841168 -87.37197666 -87.37609611 -87.38079441 -87.38608395
 -87.39198483 -87.3985131  -87.40568202 -87.41350127 -87.42198847
 -87.43114172 -87.4409749  -87.45149297 -87.46269549 -87.47457664
 -87.48714653 -87.50040042 -87.51432989 -87.52893322 -87.5441939
 -87.56010859 -87.57666171 -87.59384133 -87.61163114 -87.63001882
 -87.64897825 -87.66849343 -87.68854539 -87.70911203 -87.73016813
 -87.751687   -87.77364917 -87.79602351 -87.81878314 -87.84190367
 -87.86535559 -87.88910893 -87.9131359  -87.93740898 -87.96189916
 -87.98656531 -88.01139209 -88.03634549 -88.0613994  -88.08651613
 -88.11168019 -88.13685485 -88.16201487 -88.18714207 -88.21220283
 -88.23716745 -88.26203223 -88.28675249 -88.31132438 -88.33570804
 -88.35990442 -88.38388842 -88.40764678 -88.43116034 -88.45441922
 -88.47740913 -88.5001211  -88.52254726 -88.54467691 -88.56651133
 -88.5880412  -88.60926668 -88.6301765  -88.65078445 -88.67108938
 -88.69109402 -88.71080368 -88.73022522 -88.74936697 -88.7682387
 -88.78685162 -88.80522076 -88.82335315 -88.84127126 -88.8589895
 -88.87652277 -88.89389237 -88.91111392 -88.92822145 -88.94521599
 -88.9621399  -88.9790018  -88.995832   -89.01265755 -89.02950099
 -89.0463888  -89.06334694 -89.08040258 -89.09758135 -89.11491259
 -89.13242382 -89.15013654 -89.16807846 -89.18628192 -89.20477
 -89.22356711 -89.24269995 -89.26219333 -89.28207134 -89.30235733
 -89.32307376 -89.34424226 -89.36588375 -89.38801694 -89.41065992
 -89.43382948 -89.45754101 -89.4818082  -89.50664323 -89.53205653
 -89.55805735 -89.58465483 -89.61185311 -89.63965577 -89.66806446
 -89.69707886 -89.72669662 -89.75691385 -89.78772522 -89.81911778
 -89.85107971 -89.88360641 -89.9166782  -89.95027772 -89.98438726
 -90.01898424 -90.05404016 -90.08953607 -90.12544071 -90.16172596
 -90.19836056 -90.23531186 -90.27254157 -90.31001654 -90.34769368
 -90.38553701 -90.42350232 -90.46154952 -90.49963362 -90.53770326
 -90.57572204 -90.61363717 -90.65140365 -90.68897152 -90.72629425
 -90.76332333 -90.80000969 -90.8363029  -90.87215685 -90.90752592
 -90.94235869 -90.97661013 -91.01023453 -91.04318632 -91.07542733
 -91.10691977 -91.13762132 -91.16747759 -91.19646554 -91.22455482
 -91.25170862 -91.27790312 -91.30310714 -91.32729605 -91.35045029
 -91.37255223 -91.39358714 -91.41353774 -91.43239929 -91.45016593
 -91.46683275 -91.4824027  -91.49687882 -91.51026388 -91.5225758
 -91.53382846 -91.5440356  -91.55321788 -91.56140109 -91.56861248
 -91.5748827  -91.58024655 -91.58473361 -91.58838919 -91.59125317
 -91.59337527 -91.59480196 -91.59557048 -91.59574096 -91.59536694
 -91.59450435 -91.59321183 -91.59154514 -91.58956539 -91.58733256
 -91.58490421 -91.58234671 -91.57971849 -91.57708753 -91.57451382
 -91.57205555 -91.56978203 -91.56775001 -91.56601682 -91.56464742
 -91.56369464 -91.56321409 -91.56326359 -91.56389239 -91.56515171
 -91.56708945 -91.56975224 -91.573181   -91.57741829 -91.58250314
 -91.58846377 -91.59533459 -91.60314478 -91.6119166  -91.62167586
 -91.63243343 -91.64421503 -91.6570265  -91.67087592 -91.68576799
 -91.70170398 -91.71867904 -91.73668692 -91.75572655 -91.77578409
 -91.79684123 -91.81888162 -91.84188527 -91.86582529 -91.89068106
 -91.91641726 -91.94300856 -91.97041456 -91.99860417 -92.02753853
 -92.05718097 -92.0874903  -92.11842206 -92.14993372 -92.18197981
 -92.21451901 -92.24750398 -92.28088119 -92.31461294 -92.34865714
 -92.38296496 -92.41747004 -92.45214509 -92.48694734 -92.52182561
 -92.5567388  -92.59164418 -92.62649964 -92.66126972 -92.69591298
 -92.73038563 -92.76466573 -92.79871519 -92.83250242 -92.86599816
 -92.89917603 -92.93201173 -92.95486993]","[[], [], [], [], [], [], [], [], [], [], [], [], [], [], [], [], [], [], [], [], [], [], [], [], [], [], [], [], [], [], [], [], [], [], [], [], [], [], [], [], [], [], [], [], [], [], [], [], [], [], [], [], [], [], [], [], [], [], [], [], [], [], [], [], [], [], [], [], [], [], [], [], [], [], [], [], [], [], [], [], [], [], [], [], [], [], [], [], [], [], [], [], [], [], [], [], [], [], [], [], [], [], [], [], [], [], [], [], [], [], [], [], [], [], [], [], [], [], [], [], [], [], [], [], [], [], [], [], [], [], [], [], [], [], [], [], [], [], [], [], [], [], [], [], [], [], [], [], [], [], [], [], [], [], [], [], [], [], [], [], [], [], [], [], [], [], [], [], [], [], [], [], [], [], [], [], [], [], [], [], [], [], [], [], [], [], [], [], [], [], [], [], [], [], [], [], [], [], [], [], [], [], [], [], [], [], [], [], [], [], [], [], [], [], [], [], [], [], [], [], [], [], [], [], [], [], [], [], [], [], [], [], [], [], [], [], [], [], [], [], [], [], [], [], [], [], [], [], [], [], [], [], [], [], [], [], [], [], [], [], [], [], [], [], [], [], [], [], [], [], [], [], [], [], [], [], [], [], [], [], [], [], [], [], [], [], [], [], [], [], [], [], [], [], [], [-83.69030967573295], [-84.22166615295157], [-84.68381729373446], [-85.04574017150229], [-85.29077168217997], [-85.41987215066955], [-85.4518594925212], [-85.42038773572934], [-85.36803500542845], [-85.33858287781588], [-85.3688786556308], [-85.48184153880398], [-85.68195720691628], [-85.95421164515432], [-86.26661795735252], [-86.5759197915969], [-86.83535045664848], [-87.0030029832566], [-87.04918206252569], [-86.9614267915122], [-86.74630119071068], [-86.42780659618359], [-86.04273921714716], [-85.63416757793857], [-85.24422695420469], [-84.90767230305318], [-84.6473532934987], [-84.4721691028503], [-84.3777680092605], [-84.34942261091936], [-84.36625632833886], [-84.40583191301556], [-84.44804585671793], [-84.47763461625831], [-84.48505896257139], [-84.46582798672472], [-84.41889506633859], [-84.34486690717877], [-84.24459384443337], [-84.11886990825526], [-83.9692547555125], [-83.79983954677962], [-83.6192852531363], [-83.44247649915036], [-83.29092143279445], [-83.19145425588518], [-83.17310527208645], [-83.2625080649468, -83.47863413738953], [-83.8279295987902], [-84.30096742428434], [-84.87153908792267], [-85.49860336708959], [-86.13107663024323], [-86.71470406009159], [-87.1998771306707], [-87.54898101560698], [-87.74190661963658], [-87.77861713538088], [-87.67833424662041], [-87.47545533969478], [-87.21299097479601], [-86.93484168772575], [-86.67834429552519], [-86.46861791237666], [-86.31560126464365], [-86.21432445268972], [-86.14817666477147], [-86.09432270326087], [-86.03002476604794], [-85.93846886955271], [-85.81284921201517], [-85.65788055937854], [-85.48849215168663], [-85.32607734425802], [-85.19319575091868], [-85.10793779439501], [-85.07920411644307], [-85.10391553278296], [-85.1667303941727], [-85.2422647637965], [-85.29933715359422], [-85.30623704108991], [-85.2359534155223], [-85.07033061891514], [-84.80236315200261], [-84.43636361488048], [-83.98624979496851], [-83.47243918139883], [-82.9183806918222], [-82.34747481833176], [-81.7810919411418], [-81.23808736624622], [-80.73557526713424], [-80.29055282143032], [-79.92154694749155], [-79.64955788746308], [-79.49760321540154], [-79.48861780951289], [-79.64201683270561], [-79.96939805355518], [-80.47040528081348], [-81.12987574760876], [-81.91706090093147], [-82.78746387477298], [-83.68729606552586], [-84.55994054086906], [-85.35338352885724], [-86.02723865135417], [-86.5580822866568], [-86.94200854675307], [-87.19389258431922], [-87.34346230782707], [-87.42892650820275], [-87.48939440334112], [-87.55755935114351], [-87.6540583686971], [-87.78456337130103], [-87.9400889667682], [-88.10030974981741], [-88.23915216499847], [-88.33127089342118], [-88.35815687359015], [-88.31244978805105], [-88.1996206685937], [-88.03672873514532], [-87.84861246165109], [-87.66229362375107], [-87.50099128269126], [-87.37892478523761], [-87.2980855744672], [-87.24758371215799], [-87.20569309851874], [-87.14408999001688], [-87.03338095426915], [-86.84870989204617], [-86.57435365649762], [-86.20643622582018], [-85.75335695813888], [-85.23404142333294], [-84.6745820786534], [-84.10413752774423], [-83.5510398962149], [-83.03991079811985], [-82.59025314060884], [-82.2165574322931], [-81.9295464972237], [-81.73788913231806], [-81.6496026857407], [-81.67250107602737], [-81.8133182148289], [-82.07557521201478], [-82.45666413677417], [-82.94498977813096], [-83.51803341878714], [-84.142172690677], [-84.77475234785747], [-85.3684114231819], [-85.87702816642691], [-86.26241556295689], [-86.50043735826449], [-86.58526294001425], [-86.530865877645], [-86.36916805070825], [-86.1450539206008], [-85.90909541929194], [-85.70912586085767], [-85.58235870785981], [-85.54943293112683], [-85.61151890562884], [-85.75101850186671], [-85.9356978800403], [-86.12534716790536], [-86.27974803270857], [-86.36625283661245], [-86.3656653187199], [-86.27521437809712], [-86.10825674343164], [-85.89091366809103], [-85.656336648323], [-85.43801654713174], [-85.26338551362363], [-85.1490578421296], [-85.09844932292881], [-85.10219366824981], [-85.14098105108937], [-85.1900493860233], [-85.22429874098907], [-85.22291949044124], [-85.1725929868657], [-85.06882051710498], [-84.91534387490461], [-84.72208724668253], [-84.50233983295256], [-84.2700520253614], [-84.03796631157982], [-83.81695011294309], [-83.61661805438203], [-83.44683589477665], [-83.31940964463439], [-83.24922508750707], [-83.25418610064986], [-83.35355236954312], [-83.56485170464293], [-83.89979548715262], [-84.36015530794963], [-84.93454315650229], [-85.59711138267157], [-86.30870235901268], [-87.0206138598186], [-87.68054425695877], [-88.2396724876623], [-88.65973028822604], [-88.91860451887845], [-89.0134051657271], [-88.96030639482245], [-88.7911717750601], [-88.54748138561422], [-88.27279068111022], [-88.00515447838941], [-87.7709424456002], [-87.58128472067597], [-87.43169223489141], [-87.30499068272836], [-87.1766347258231], [-87.0214557666865], [-86.82026518319219], [-86.56490272572528], [-86.26079353512728], [-85.9263931905278], [-85.5897806271719], [-85.28311498313487], [-85.03619600553455], [-84.87044475621425], [-84.79456441993882], [-84.80275290841492], [-84.87571794374337], [-84.98424137558177], [-85.09446303191643], [-85.17379114102806], [-85.19623605809663], [-85.1461959892111], [-85.02011660327013], [-84.82592568096427], [-84.58064839308737], [-84.30692303744036], [-84.02936730660682], [-83.77156718156863], [-83.55427596434403], [-83.39496697524068], [-83.30847448698964], [-83.30816645422216], [-83.40689762010926], [-83.61711591912392], [-83.94969060487045], [-84.41149677551519], [-85.00217789470517], [-85.71083166415944], [-86.51360703074351], [-87.37308082973931], [-88.24001514554656], [-89.0575473415631], [-89.76755092729407], [-90.31797907706041], [-90.6702062754226], [-90.80471721451171], [-90.72424761763283], [-90.45344500439163], [-90.03518511933531], [-89.52392278008324], [-88.97736850465638], [-88.4479569388157], [-87.97561935075645], [-87.58319262055808], [-87.27520468640665], [-87.0401236743102], [-86.85547745884925], [-86.69470251787627], [-86.53420830900258], [-86.35924795300163], [-86.16737980171796], [-85.96890307690879], [-85.78428344923016], [-85.63921832785688], [-85.55846708686647], [-85.55979491071122], [-85.64931048118025], [-85.8191415335458], [-86.04786987278798], [-86.30355822710308], [-86.54867538192428], [-86.74587853394844], [-86.86347463407199], [-86.87963265276345], [-86.78456953270125], [-86.58065384862748], [-86.28066668235881], [-85.90486740376228], [-85.4777763721436], [-85.0253476658072], [-84.5731899741786], [-84.14597591047723], [-83.76776945147564], [-83.46278209966783], [-83.25584846887531], [-83.17194130923576], [-83.23440867403592], [-83.46188784225828], [-83.86433908505228], [-84.43909291021966], [-85.16777722527978], [-86.01520444797417], [-86.93078947607641], [-87.8528141432174], [-88.71496650617964], [-89.45447439806347], [-90.02028182929509], [-90.37998203936036], [-90.52417372218822], [-90.46731417792799], [-90.2449361208058], [-89.9075947030762], [-89.51262807013654], [-89.1152095854425], [-88.76034816726458], [-88.47713258047543], [-88.27624025661557], [-88.15098944973315], [-88.08143705511614], [-88.04059720373516], [-88.00137178827059], [-87.94270477277966], [-87.85378930988824], [-87.73551505648099], [-87.59910223299178], [-87.46231760650333], [-87.3443054725344], [-87.26034171580953], [-87.21749113967796], [-87.21238438570315], [-87.23135484140107], [-87.25293928471507], [-87.25201697962254], [-87.20473047145398], [-87.09303109253035], [-86.90790411014999], [-86.65070784268498], [-86.33245807360589], [-85.97138092936086], [-85.5895133721794], [-85.20914587735712], [-84.85003325099734], [-84.52793672163934], [-84.25464389904853], [-84.03931159595797], [-83.89044993366183], [-83.81780725379501], [-83.83333152986235], [-83.95065397415675], [-84.18299727321785], [-84.53977089118048], [-85.02260147756795], [-85.6217828897846], [-86.31413191518283], [-87.06308324294712], [-87.82135655247984], [-88.53602324534594], [-89.15525026894007], [-89.63553784920789], [-89.94814803002345], [-90.08340807538296], [-90.0520500668389], [-89.88317847262728], [-89.61922891625511], [-89.30883596988896], [-88.99888248897973], [-88.72730695836194], [-88.51796806555734], [-88.37842748060991], [-88.30106911882508], [-88.26702571864078], [-88.25210460251523], [-88.23326711671365], [-88.19433050184212], [-88.12967744517776], [-88.04519624360633], [-87.95641289176564], [-87.88425381476074], [-87.84948409031006], [-87.86707268385337], [-87.94175541858266], [-88.06576324226027], [-88.21920096266346], [-88.37299113534338], [-88.49370165744644], [-88.54927214355479], [-88.51441857242007], [-88.37469065878099], [-88.12844745397665], [-87.78647443252109], [-87.36957002096624], [-86.90475171617511], [-86.42107752676871], [-85.94591726271923], [-85.50252447613045], [-85.10913334243439], [-84.77956005556614], [-84.52476145829182], [-84.35463972460036], [-84.27927512242812], [-84.3089944639188], [-84.45301192929554], [-84.71687653006602, -85.09917658381353], [-85.58865892599914], [-86.16235667153384], [-86.78578103500972], [-87.4154316995202], [-88.00351743652837], [-88.50421435655659], [-88.8804262605701], [-89.10969070713743], [-89.18804777577571], [-89.13096525881802], [-88.9709887530598], [-88.75236447105233], [-88.52364359834218], [-88.32949237940885], [-88.20331621363387], [-88.16205171241036], [-88.20411761702073], [-88.3107982000421], [-88.45081031629573], [-88.58705070384931], [-88.68411639444912], [-88.71517415169954], [-88.6667527077514], [-88.54067902375506], [-88.35283825431434], [-88.12919693953427], [-87.89999547003308], [-87.69345904904286], [-87.53027949134064], [-87.42001594965141], [-87.36004261193261], [-87.3371119771989], [-87.33104536084693], [-87.31959681468506], [-87.28343126504323], [-87.2100999668928], [-87.09625177151379], [-86.94777419175004], [-86.778021771119], [-86.60472742350966], [-86.44645759345714], [-86.31949457609929], [-86.23590900345532], [-86.20304133998746], [-86.22446464222485], [-86.30183402094309], [-86.43698493975984], [-86.63335643473165], [-86.89626154440276], [-87.23160552679252], [-87.64322509609754], [-88.12949105353756], [-88.68002090368165], [-89.27339223842698], [-89.87693069818084], [-90.44873289962572], [-90.94219036628242], [-91.31212381004812], [-91.52172811883969], [-91.54886788071889], [-91.39052900403024], [-91.0643775367427], [-90.60701162683301], [-90.06904448282916], [-89.5078352917785], [-88.97916908452247], [-88.52933830347554], [-88.18913721671063], [-87.97074638425241], [-87.8680810287922], [-87.86026580988971], [-87.91753782048237], [-88.00821718604045], [-88.10530848580895], [-88.19140885058358], [-88.2610020436457], [-88.31980676683871], [-88.38149076613153], [-88.4625984151644], [-88.57695820916972], [-88.73078309374056], [-88.91963312781566], [-89.12786052258284], [-89.3306124313209], [-89.4979713186385], [-89.60020606037008], [-89.61319625795346], [-89.52265119030191], [-89.32657832526245], [-89.03541274875856], [-88.6700436093039], [-88.25830792387872], [-87.83080529126987], [-87.41699978171353], [-87.04238615358734], [-86.72717926867077], [-86.4865202017467], [-86.33180721461012], [-86.27247040037557], [-86.31736672659905], [-86.47512985797027], [-86.75316014310242], [-87.155297741186], [-87.67869250837057], [-88.3107143593668], [-89.02685746691616], [-89.79048628848537], [-90.55492977154168], [-91.26793109874285], [-91.87791141487133], [-92.34104148115622], [-92.62782562795242], [-92.72789517040152], [-92.65197188426393], [-92.43046722659332], [-92.10882212296944], [-91.74033892543041], [-91.37776694843443], [-91.06516363395968], [-90.83153585644217], [-90.68739414633329], [-90.62480026644702], [-90.62079018809897], [-90.64339499790125], [-90.65898525705863], [-90.63943109922853], [-90.5676810913776], [-90.44069619835828], [-90.26924514057546], [-90.07481854744583], [-89.88438706003653], [-89.72421745166814], [-89.61409111644812], [-89.56313157893761], [-89.56798894990439], [-89.61371197492637], [-89.67693124514255], [-89.73059031016172], [-89.7491405790015], [-89.71312443747094], [-89.61222673481089], [-89.44637436411098], [-89.22482271924943], [-88.96373945652094], [-88.68299483348714], [-88.40304725187988], [-88.14267860599318], [-87.91793940148392], [-87.74244277622816], [-87.62854835158713], [-87.58883950831202], [-87.63710454369902], [-87.78820331760262], [-88.05647863093088], [-88.45281400078123], [-88.98085148693951], [-89.63324168793888], [-90.38895507071247], [-91.21252634050663], [-92.05583532135354], [-92.86249615163132], [-93.5743402858933], [-94.13901257433018], [-94.51735624806632], [-94.68926153528794], [-94.65669487378119], [-94.44336063177366], [-94.09094180744579], [-93.6524923163577], [-93.1842359957147], [-92.73722267263614], [-92.35037280826549], [-92.04614474972342], [-91.82950476115194], [-91.69024463711806], [-91.60794882726363], [-91.55848582517238], [-91.52057631988203], [-91.48102154925095], [-91.43754905672641], [-91.39876890706277], [-91.3813187941379], [-91.40498354317033], [-91.48692338041542], [-91.63631869104812], [-91.85063358891875], [-92.11432212564294], [-92.40024194742833], [-92.67345177461867], [-92.89662053584848], [-93.03585847802339], [-93.06588211430368], [-92.97348668201404], [-92.75880475377406], [-92.43432997692464], [-92.02203914757754], [-91.54950245795705], [-91.04587421054995], [-90.53862515315673], [-90.05161142999923], [-89.60461975885586], [-89.21415199200969], [-88.89486411309394], [-88.660866667984], [-88.5262507417234], [-88.50432756681924], [-88.60559043876667], [-88.83476083241855], [-89.1876081784095], [-89.64853229661574], [-90.18973590511136], [-90.77256030882313], [-91.35118566877937], [-91.87825290806566], [-92.31152981661432], [-92.62044159736126], [-92.79113463941287], [-92.82899900460025], [-92.75798449459843], [-92.6166866112461], [-92.45178363103548], [-92.30998737567914], [-92.23001325748064], [-92.23602755773727], [-92.33384485186252], [-92.51058177780247], [-92.73775233411233], [-92.97722472743361], [-93.18872195228504], [-93.3374843563282], [-93.40051771417131], [-93.37028411854492], [-93.25520021490394], [-93.07699025630016], [-92.86556272516958], [-92.65253656709095], [-92.46484158938568], [-92.31966524319405], [-92.22169318967362], [-92.16308601169918], [-92.12603971870858], [-92.08718394633547], [-92.02285198271575], [-91.91397797810473], [-91.74972611459694], [-91.52913186429869], [-91.26067748430515], [-90.96009469169948], [-90.64712629407542], [-90.34212633980104], [-90.06331694874545], [-89.8252987810161], [-89.63897068152507], [-89.51264866735445], [-89.45381610822372], [-89.47068348981017], [-89.5728972530966], [-89.7708932915419], [-90.07388312290028], [-90.48664571218507], [-91.00602718379419], [-91.61804094116604], [-92.29645688315465], [-93.00360287774026], [-93.69360458756148], [-94.31773744527462], [-94.83110595812013], [-95.19946428916089], [-95.40477292847162], [-95.44844061421061], [-95.35140002210174], [-95.15087782961018], [-94.89433602762047, -94.74003235251979], [], [], [], [], [], [], [], [], [], [], [], [], [], [], [], [], [], [], [], [], [], [], [], [], [], [], [], [], [], [], [], [], []]","[[], [], [], [], [], [], [], [], [], [], [], [], [], [], [], [], [], [], [], [], [], [], [], [], [], [], [], [], [], [], [], [], [], [], [], [], [], [], [], [], [], [], [], [], [], [], [], [], [], [], [], [], [], [], [], [], [], [], [], [], [], [], [], [], [], [], [], [], [], [], [], [], [], [], [], [], [], [], [], [], [], [], [], [], [], [], [], [], [], [], [], [], [], [], [], [], [], [], [], [], [], [], [], [], [], [], [], [], [], [], [], [], [], [], [], [], [], [], [], [], [], [], [], [], [], [], [], [], [], [], [], [], [], [], [], [], [], [], [], [], [], [], [], [], [], [], [], [], [], [], [], [], [], [], [], [], [], [], [], [], [], [], [], [], [], [], [], [], [], [], [], [], [], [], [], [], [], [], [], [], [], [], [], [], [], [], [], [], [], [], [], [], [], [], [], [], [], [], [], [], [], [], [], [], [], [], [], [], [], [], [], [], [], [], [], [], [], [], [], [], [], [], [], [], [], [], [], [], [], [], [], [], [], [], [], [], [], [], [], [], [], [], [], [], [], [], [], [], [], [], [], [], [], [], [], [], [], [], [], [], [], [], [], [], [], [], [], [], [], [], [], [], [], [], [], [], [], [], [], [], [], [], [], [], [], [], [], [], [], [], [], [], [], [], [], [-84.11591117971713], [-84.14733187141671], [-84.179750092091], [-84.21309736797433], [-84.24730865957466], [-84.28230975267407], [-84.31801531284847], [-84.35434732372786], [-84.39121727195098], [-84.4285348735551], [-84.4662084947093], [-84.504146407744], [-84.54224095805539], [-84.58039436589698], [-84.61850489895916], [-84.65647126098109], [-84.69418352331593], [-84.73153933170953], [-84.76843348236335], [-84.8047640901947], [-84.84041787194056], [-84.8753054283382], [-84.90931530458417], [-84.94235239777046], [-84.97432151729383], [-85.00512081313], [-85.03467407925578], [-85.06288523949802], [-85.08967469203698], [-85.11497227170993], [-85.13869745785792], [-85.16078298183349], [-85.18117224756685], [-85.19980424770955], [-85.21664059750145], [-85.23163315754424], [-85.24473020066951], [-85.25592526890844], [-85.2651904491507], [-85.27251018624531], [-85.27787240971891], [-85.28128745028731], [-85.2827536900109], [-85.28229024456213], [-85.27991998124091], [-85.27567321061885], [-85.26958721413729], [-85.26170727254723, -85.25208537567443], [-85.24078020194216], [-85.2278548060391], [-85.21338951053632], [-85.19745614231695], [-85.18013842797093], [-85.16152668708824], [-85.14171515765165], [-85.12080008392638], [-85.09889318472891], [-85.07609795819457], [-85.0525223373225], [-85.02828318059302], [-85.00349512405225], [-84.97828407312097], [-84.95275598338992], [-84.92703933888777], [-84.9012584437065], [-84.87553220937976], [-84.84998076422649], [-84.82472357741156], [-84.79987846016401], [-84.77556105262458], [-84.75188432010623], [-84.72895806121385], [-84.70688843021838], [-84.68577747601402], [-84.66572266823721], [-84.64681625064429], [-84.62914570924204], [-84.61279246951635], [-84.59783448034203], [-84.5843340321454], [-84.57235878992167], [-84.56196562456634], [-84.55319648075455], [-84.54609490727734], [-84.5406964371147], [-84.53701797865166], [-84.53509201239449], [-84.53491802348873], [-84.53650032463757], [-84.53984119698183], [-84.5449159487323], [-84.55170951166758], [-84.56019196024354], [-84.57033205261042], [-84.58207925538787], [-84.59538869758082], [-84.61021232068245], [-84.62646896643265], [-84.64409998046959], [-84.66304606839645], [-84.6832160190278], [-84.70452243526483], [-84.72687976796617], [-84.7501951582397], [-84.77437405737994], [-84.79931593595866], [-84.82492469386209], [-84.8510937209571], [-84.87771795551623], [-84.90469046507714], [-84.93190516793445], [-84.9592560771143], [-84.986637118719], [-85.01394318268802], [-85.04107061263284], [-85.06791768528296], [-85.09438536734704], [-85.12038036982679], [-85.1457991376484], [-85.17056550932826], [-85.19458327646778], [-85.21777453093874], [-85.2400681905475], [-85.26139144419103], [-85.28166954413207], [-85.30085717529045], [-85.31889144938563], [-85.33572639415357], [-85.35131710741184], [-85.3656328631114], [-85.37864648734312], [-85.39033656722344], [-85.40068183116328], [-85.40967659542827], [-85.41731932603908], [-85.42361467600809], [-85.42857379173334], [-85.43221419256739], [-85.43455962034382], [-85.43563985991895], [-85.43549053192824], [-85.43415285909009], [-85.43167340751691], [-85.4281038046458], [-85.42350054006643], [-85.41792443259763], [-85.4114413292853], [-85.40411768409216], [-85.39602577056091], [-85.3872424837719], [-85.37784811819905], [-85.36791468028231], [-85.35752587021219], [-85.34676987929096], [-85.33572787861841], [-85.32447524466255], [-85.31311022413458], [-85.30171314032582], [-85.2903645627738], [-85.27915208271], [-85.26814574278838], [-85.25743308857638], [-85.24709569480159], [-85.2371949193198], [-85.22781600580919], [-85.21902152433695], [-85.21087486419471], [-85.20343978822186], [-85.19677458479096], [-85.19092971433624], [-85.1859631976454], [-85.18190936636198], [-85.17881654106915], [-85.17671117330595], [-85.1756347177118], [-85.17561102020152], [-85.17664926678303], [-85.17878130482097], [-85.18201031931702], [-85.18634534994784], [-85.19178145124171], [-85.19832645291163], [-85.2059652049814], [-85.21468477375548], [-85.22447516653658], [-85.23531343489103], [-85.24716773461736], [-85.26001497285593], [-85.27382396560942], [-85.28855768268299], [-85.30417625562595], [-85.32064202965466], [-85.33790830377366], [-85.35592309881888], [-85.37464610656636], [-85.39402546766448], [-85.41400502293139], [-85.43453557366622], [-85.45556298624898], [-85.47702862373517], [-85.49888447330902], [-85.52106825559785], [-85.54352963948452], [-85.56620935518531], [-85.58905872507135], [-85.61201912268706], [-85.63504370741867], [-85.65808142435674], [-85.68107563703279], [-85.70399052131383], [-85.7267723037784], [-85.74938105542816], [-85.77177646364245], [-85.79392111503155], [-85.81577041364018], [-85.83729991881172], [-85.8584789393357], [-85.87927455286261], [-85.8996651823923], [-85.91962463663099], [-85.93914148834241], [-85.95817978686993], [-85.97674787797642], [-85.99482663611961], [-86.01240371791889], [-86.02948251255992], [-86.04604920012045], [-86.062109989406], [-86.07766653011751], [-86.09272530475717], [-86.10728834588099], [-86.12136739533415], [-86.13497546339005], [-86.14811997849378], [-86.16081812052481], [-86.17308565150039], [-86.18494144385998], [-86.19640140380243], [-86.20748650467189], [-86.21821947668509], [-86.22862080850409], [-86.23871165722862], [-86.24851263207684], [-86.2580505166241], [-86.26734426880905], [-86.27641951611447], [-86.28529863107325], [-86.29400308840764], [-86.30255629411285], [-86.31097790525395], [-86.31929061870449], [-86.32751244313228], [-86.33566594697695], [-86.34376774433599], [-86.35183172438198], [-86.35987897200668], [-86.36792393856543], [-86.37597779007083], [-86.38405155738981], [-86.39216872502675], [-86.40032042884175], [-86.40853287633362], [-86.41679406350443], [-86.42512875183624], [-86.43353031023213], [-86.4420141164453], [-86.45056509002143], [-86.45919547814279], [-86.46790642370915], [-86.47669223694253], [-86.48555413214312], [-86.49448701340961], [-86.5034855783173], [-86.51254620512226], [-86.52166360793879], [-86.53082824706702], [-86.54003930650217], [-86.54928652516627], [-86.55856222539495], [-86.56785843016438], [-86.57716695243], [-86.58647948381328], [-86.59578768202775], [-86.6050832564594], [-86.61435805133495], [-86.62360412594057], [-86.6328138313772], [-86.64197988337344], [-86.65109543070731], [-86.66015411882644], [-86.66915380466072], [-86.67807820611608], [-86.68693380765262], [-86.69571445906847], [-86.70441494776702], [-86.71303614336378], [-86.72156721783459], [-86.73001895949622], [-86.73838920576098], [-86.7466714262205], [-86.75487261231213], [-86.76299562721154], [-86.7710413593866], [-86.77901934104761], [-86.78692826572191], [-86.79477385959908], [-86.80256793704872], [-86.81030527149323], [-86.81800246622346], [-86.82566521345649], [-86.83330767142421], [-86.84092467861669], [-86.84854085957674], [-86.85614646805007], [-86.86376326323976], [-86.87140019528218], [-86.87906121642754], [-86.88676440388672], [-86.89450973633943], [-86.90230390498257], [-86.9101600570995], [-86.91809065529536], [-86.92609303402004], [-86.93418306404011], [-86.94236732643463], [-86.95064257827117], [-86.95902244291152], [-86.96751056757822], [-86.97610635873461], [-86.98481619870209], [-86.99363850545656], [-87.00257842661941], [-87.01162873220709], [-87.0207957742917], [-87.0300779837935], [-87.03945244248578], [-87.04894202832382], [-87.05852960949096], [-87.06820894986423], [-87.07796546139086], [-87.08780168356758], [-87.09770324873699], [-87.10765846864228], [-87.11765959820374], [-87.12769010164615], [-87.1377360866903], [-87.14778976251358], [-87.1578294128497], [-87.1678457918262], [-87.1778191351025], [-87.1877282428137], [-87.19756530837924], [-87.20730950374036], [-87.21694549487589], [-87.22644929729948], [-87.23580293590365], [-87.24499621142341], [-87.25400828750384], [-87.26282149721996], [-87.27141731298506], [-87.27977698812877], [-87.28788861775001], [-87.29573472701439], [-87.30330076320509], [-87.31057262183188], [-87.31753468863815], [-87.32417775884984], [-87.33048731832372], [-87.33645705145364], [-87.34207316276768], [-87.34733315993569], [-87.35223003082045], [-87.35675269751907], [-87.36090591840133], [-87.36468375075117], [-87.36808200839543], [-87.37111135561142], [-87.37376320477776], [-87.37605168420558], [-87.37797606650167], [-87.379550467153], [-87.38078176391114], [-87.38167584500282], [-87.38225280088403], [-87.38252334340781], [-87.38250547982383], [-87.38221512447036], [-87.38167146213705], [-87.38089492634383], [-87.37990815820962], [-87.37873393956974], [-87.3773926706846], [-87.37591389813976], [-87.37432388579623], [-87.37265413954276], [-87.37092905435351], [-87.36917207882621], [-87.36741919168946], [-87.36570183192055], [-87.36405403428262], [-87.3624988730324], [-87.36107684026244], [-87.35981122393862], [-87.35873923739159], [-87.35789136147393], [-87.35730101058581], [-87.35699589784586], [-87.35700739749771], [-87.3573670444668], [-87.35810545290506], [-87.35924419838409], [-87.36082935616359, -87.3628582115531], [-87.36537887673933], [-87.36841167651656], [-87.371976655556], [-87.3760961121841], [-87.38079441214668], [-87.38608395461296], [-87.39198482577419], [-87.39851309943958], [-87.4056820241782], [-87.41350127175106], [-87.42198846656818], [-87.4311417217254], [-87.44097489668877], [-87.45149296576813], [-87.46269548970817], [-87.47457663599614], [-87.48714652903747], [-87.50040041569783], [-87.51432989051828], [-87.52893321815593], [-87.54419389546855], [-87.56010859409953], [-87.57666171066376], [-87.59384133154528], [-87.61163113663726], [-87.63001882316912], [-87.64897824736634], [-87.66849342598903], [-87.68854538932192], [-87.70911202878189], [-87.7301681250597], [-87.75168700087643], [-87.7736491695308], [-87.79602350792953], [-87.81878313743617], [-87.84190367393845], [-87.86535558867139], [-87.88910892875927], [-87.91313589731067], [-87.93740898178481], [-87.96189916486928], [-87.98656530596851], [-88.0113920883504], [-88.03634549142377], [-88.06139939743792], [-88.08651613381016], [-88.11168018543495], [-88.13685485256886], [-88.16201486574064], [-88.18714206735534], [-88.21220282948684], [-88.23716745374523], [-88.26203223492551], [-88.28675248757806], [-88.31132437513732], [-88.33570804412311], [-88.359904416223], [-88.38388841503568], [-88.40764677656516], [-88.43116034056295], [-88.45441921876633], [-88.47740912843872], [-88.5001210965643], [-88.52254726067628], [-88.5446769085549], [-88.56651133371656], [-88.58804120164403], [-88.6092666801908], [-88.63017650272042], [-88.65078444903767], [-88.67108938361702], [-88.6910940172088], [-88.71080368244733], [-88.73022522344779], [-88.74936696876189], [-88.76823870013291], [-88.78685161716986], [-88.80522076165313], [-88.82335314940818], [-88.84127125753979], [-88.85898949612786], [-88.87652276922333], [-88.89389236613258], [-88.91111391594451], [-88.92822145491341], [-88.94521598515273], [-88.96213990129363], [-88.979001803934], [-88.99583199615357], [-89.01265754981632], [-89.0295009881235], [-89.04638880294138], [-89.06334694466986], [-89.08040258351237], [-89.09758135376768], [-89.11491258573743], [-89.1324238220584], [-89.15013653661805], [-89.16807845885332], [-89.18628192064074], [-89.20477000137426], [-89.22356711083803], [-89.2426999544628], [-89.26219332806157], [-89.28207134242102], [-89.30235733069914], [-89.32307375650836], [-89.34424226248792], [-89.36588374528003], [-89.38801693551915], [-89.4106599219699], [-89.43382948344542], [-89.45754100644824], [-89.48180819567068], [-89.50664322951519], [-89.53205652538006], [-89.5580573460664], [-89.58465483282464], [-89.61185311117292], [-89.63965576925993], [-89.66806446201635], [-89.6970788628879], [-89.72669662088866], [-89.75691384563257], [-89.78772522152441], [-89.81911778072237], [-89.85107970856177], [-89.88360641490769], [-89.91667819674623], [-89.95027771677758], [-89.98438726341367], [-90.01898423598418], [-90.05404015942982], [-90.08953607029942], [-90.12544070870949], [-90.16172595574689], [-90.1983605568256], [-90.23531186170437], [-90.27254157074093], [-90.3100165442364], [-90.347693681526], [-90.38553700835764], [-90.42350232352449], [-90.46154952304488], [-90.49963362058591], [-90.53770326156487], [-90.57572203524605], [-90.61363717001477], [-90.6514036479375], [-90.68897152075276], [-90.72629425496028], [-90.76332333383627], [-90.80000968572448], [-90.83630289661724], [-90.87215684527449], [-90.90752591732057], [-90.94235869242353], [-90.97661012683938], [-91.01023452656948], [-91.04318631724387], [-91.07542732687833], [-91.10691976716632], [-91.13762132204931], [-91.16747759149455], [-91.1964655418668], [-91.22455481983899], [-91.25170862081836], [-91.27790312310066], [-91.30310714179898], [-91.32729604721114], [-91.35045028631953], [-91.37255222726138], [-91.3935871370719], [-91.41353773946005], [-91.43239928655166], [-91.45016592577122], [-91.46683275480251], [-91.48240270187543], [-91.49687882036342], [-91.51026388349844], [-91.52257579674941], [-91.5338284561216], [-91.544035603307], [-91.55321788226054], [-91.56140109323789], [-91.5686124838512], [-91.5748826959041], [-91.58024655025439], [-91.58473360597613], [-91.58838918886387], [-91.59125317028031], [-91.5933752655034], [-91.59480196245134], [-91.59557047646143], [-91.59574096359313], [-91.59536694467772], [-91.59450435449968], [-91.59321183344719], [-91.5915451378795], [-91.58956539488878], [-91.58733256316536], [-91.58490420915207], [-91.58234671407075], [-91.57971849454147], [-91.57708753300422], [-91.5745138241095], [-91.5720555516172], [-91.5697820253692], [-91.5677500065476], [-91.5660168189649], [-91.56464741920554], [-91.56369464242961], [-91.56321408593408], [-91.56326358536002], [-91.56389238965193], [-91.56515170890849], [-91.56708944977188], [-91.56975223688971], [-91.57318100197234], [-91.57741829358898], [-91.5825031437072], [-91.5884637661567], [-91.59533458688803], [-91.60314478426243], [-91.61191660437069], [-91.62167586106756], [-91.63243342831296], [-91.64421503149548], [-91.65702649711842], [-91.67087592124221], [-91.68576798740088], [-91.70170398460326], [-91.71867903985004], [-91.73668691969745], [-91.75572655351867], [-91.77578409344432], [-91.79684123438166], [-91.81888161968229], [-91.84188527099737], [-91.86582528583159], [-91.89068105601662], [-91.9164172595026], [-91.94300856069458], [-91.97041455769204], [-91.99860416628766], [-92.027538531908], [-92.05718096936039], [-92.08749029595144], [-92.11842206291107], [-92.14993371754822], [-92.18197980776303], [-92.21451900897789], [-92.24750397913161], [-92.28088118641102], [-92.31461293804166], [-92.34865713699607], [-92.38296496259315], [-92.41747003509397], [-92.45214509485754], [-92.48694734067146], [-92.52182560907974], [-92.55673880214218], [-92.59164418066935], [-92.62649963851187], [-92.66126972108056], [-92.69591298137709], [-92.73038563080391], [-92.76466573471723], [-92.79871518722727], [-92.83250241512917], [-92.86599816104325], [-92.89917602800224], [-92.9320117316856, -92.95486992782854], [], [], [], [], [], [], [], [], [], [], [], [], [], [], [], [], [], [], [], [], [], [], [], [], [], [], [], [], [], [], [], [], []]",0.2432441812661627,0.2326943640992965
vrs,81.58,"[2020.447696   2020.46687408 2020.48605216 2020.50523025 2020.52440833
 2020.54358641 2020.56276449 2020.58194258 2020.60112066 2020.62029874
 2020.63947682 2020.6586549  2020.67783299 2020.69701107 2020.71618915
 2020.73536723 2020.75454532 2020.7737234  2020.79290148 2020.81207956
 2020.83125764 2020.85043573 2020.86961381 2020.88879189 2020.90796997
 2020.92714805 2020.94632614 2020.96550422 2020.9846823  2021.00386038
 2021.02303847 2021.04221655 2021.06139463 2021.08057271 2021.09975079
 2021.11892888 2021.13810696 2021.15728504 2021.17646312 2021.19564121
 2021.21481929 2021.23399737 2021.25317545 2021.27235353 2021.29153162
 2021.3107097  2021.32988778 2021.34906586 2021.36824395 2021.38742203
 2021.40660011 2021.42577819 2021.44495627 2021.46413436 2021.48331244
 2021.50249052 2021.5216686  2021.54084668 2021.56002477 2021.57920285
 2021.59838093 2021.61755901 2021.6367371  2021.65591518 2021.67509326
 2021.69427134 2021.71344942 2021.73262751 2021.75180559 2021.77098367
 2021.79016175 2021.80933984 2021.82851792 2021.847696   2021.86687408
 2021.88605216 2021.90523025 2021.92440833 2021.94358641 2021.96276449
 2021.98194258 2022.00112066 2022.02029874 2022.03947682 2022.0586549
 2022.07783299 2022.09701107 2022.122691  ]","[-88.87768558 -88.43325364 -88.01662489 -87.66488457 -87.42968565
 -87.36537567 -87.51431395 -87.89304965 -88.48302767 -89.22858151
 -90.04335593 -90.82433968 -91.47083707 -91.90440375 -92.08533849
 -92.02188941 -91.76979452 -91.42182758 -91.08921587 -90.87863845
 -90.86958816 -91.09692719 -91.54245944 -92.13748241 -92.77596254
 -93.33571618 -93.70324288 -93.7970527  -93.58462494 -93.0894682
 -92.3868366  -91.58904416 -90.82348682 -90.2079652  -89.82840582
 -89.7234311  -89.87877978 -90.23232596 -90.68829086 -91.13731467
 -91.477971   -91.6351975  -91.57200602 -91.29250409 -90.83619261
 -90.26561611 -89.650596   -89.05304099 -88.51580731 -88.05800869
 -87.6773423  -87.35828042 -87.08348066 -86.84499328 -86.65194888
 -86.5323635  -86.52826198 -86.68508245 -87.03792773 -87.59819144
 -88.34423189 -89.21893028 -90.13551908 -90.99104825 -91.68504085
 -92.13949457 -92.31580132 -92.22464566 -91.92628473 -91.52062952
 -91.12876021 -90.86942873 -90.83532203 -91.07403082 -91.57777501
 -92.28422858 -93.08840215 -93.86326081 -94.48487706 -94.85697208
 -94.92981239 -94.70960187 -94.25654031 -93.67208857 -93.07822112
 -92.59306991 -92.30806341 -92.30672014]","[-91.88145275 -91.78845024 -91.6978334  -91.60960144 -91.52375332
 -91.44028771 -91.35920301 -91.28049737 -91.20416867 -91.13021454
 -91.05863235 -90.98941925 -90.92257212 -90.85808787 -90.79596293
 -90.73619331 -90.67877504 -90.62370395 -90.57097569 -90.52058574
 -90.47252939 -90.42680159 -90.38339702 -90.34231113 -90.3035387
 -90.2670744  -90.23291307 -90.20104922 -90.17147704 -90.14419092
 -90.11918516 -90.09645411 -90.07599231 -90.05779237 -90.04185344
 -90.02816469 -90.01672264 -90.00752199 -90.00055736 -89.9958231
 -89.99331397 -89.9930242  -89.99494567 -89.99908428 -90.00542552
 -90.01396808 -90.0247052  -90.03763755 -90.05275631 -90.0700599
 -90.08954589 -90.11120951 -90.13504666 -90.16105587 -90.18923575
 -90.21958162 -90.25209109 -90.2867628  -90.32359681 -90.36259008
 -90.40374469 -90.44705558 -90.49252369 -90.54015033 -90.589933
 -90.64187334 -90.69597207 -90.75223003 -90.81064821 -90.87122805
 -90.93397223 -90.99888057 -91.06595452 -91.13520242 -91.2066236
 -91.28021868 -91.35598966 -91.43394313 -91.51408418 -91.59641448
 -91.68093818 -91.76765945 -91.85658258 -91.94771309 -92.04105651
 -92.13661074 -92.23438608 -92.36953865]","[[], [], [], [], [], [], [], [], [], [], [], [], [], [], [], [], [], [], [], [], [], [], [], [], [], [], [], [], [], [], [], [], [], [], [], [], [], [], [], [], [], [], [], [], [], [], [], [], [], [], [], [], [], [], [], [], [], [], [], [], [], [], [], [], [], [], [], [], [], [], [], [], [], [], [], [], [], [], [], [], [], [], [], [], [], [], [], [], [], [], [], [], [], [], [], [], [], [], [], [], [], [], [], [], [], [], [], [], [], [], [], [], [], [], [], [], [], [], [], [], [], [], [], [], [], [], [], [], [], [], [], [], [], [], [], [], [], [], [], [], [], [], [], [], [], [], [], [], [], [], [], [], [], [], [], [], [], [], [], [], [], [], [], [], [], [], [], [], [], [], [], [], [], [], [], [], [], [], [], [], [], [], [], [], [], [], [], [], [], [], [], [], [], [], [], [], [], [], [], [], [], [], [], [], [], [], [], [], [], [], [], [], [], [], [], [], [], [], [], [], [], [], [], [], [], [], [], [], [], [], [], [], [], [], [], [], [], [], [], [], [], [], [], [], [], [], [], [], [], [], [], [], [], [], [], [], [], [], [], [], [], [], [], [], [], [], [], [], [], [], [], [], [], [], [], [], [], [], [], [], [], [], [], [], [], [], [], [], [], [], [], [], [], [], [], [], [], [], [], [], [], [], [], [], [], [], [], [], [], [], [], [], [], [], [], [], [], [], [], [], [], [], [], [], [], [], [], [], [], [], [], [], [], [], [], [], [], [], [], [], [], [], [], [], [], [], [], [], [], [], [], [], [], [], [], [], [], [], [], [], [], [], [], [], [], [], [], [], [], [], [], [], [], [], [], [], [], [], [], [], [], [], [], [], [], [], [], [], [], [], [], [], [], [], [], [], [], [], [], [], [], [], [], [], [], [], [], [], [], [], [], [], [], [], [], [], [], [], [], [], [], [], [], [], [], [], [], [], [], [], [], [], [], [], [], [], [], [], [], [], [], [], [], [], [], [], [], [], [], [], [], [], [], [], [], [], [], [], [], [], [], [], [], [], [], [], [], [], [], [], [], [], [], [], [], [], [], [], [], [], [], [], [], [], [], [], [], [], [], [], [], [], [], [], [], [], [], [], [], [], [], [], [], [], [], [], [], [], [], [], [], [], [], [], [], [], [], [], [], [], [], [], [], [], [], [], [], [], [], [], [], [], [], [], [], [], [], [], [], [], [], [], [], [], [], [], [], [], [], [], [], [], [], [], [], [], [], [], [], [], [], [], [], [], [], [], [], [], [], [], [], [], [], [], [], [], [], [], [], [], [], [], [], [], [], [], [], [], [], [], [], [], [], [], [], [], [], [], [], [], [], [], [], [], [], [], [], [], [], [], [], [], [], [], [], [], [], [], [], [], [], [], [], [], [], [], [], [], [], [], [], [], [], [], [], [], [], [], [], [], [], [], [], [], [], [], [], [], [], [], [], [], [], [], [], [], [], [], [], [], [], [], [], [], [], [], [], [], [], [], [], [], [], [], [], [], [], [], [], [], [], [], [], [], [], [], [], [], [], [], [], [], [], [], [], [], [], [], [], [], [], [], [], [], [], [], [], [], [], [], [], [], [], [], [], [], [], [], [], [], [], [], [], [], [], [], [], [], [], [], [], [], [], [], [], [], [], [], [], [], [], [], [], [], [], [], [], [], [], [], [], [], [], [], [], [], [], [], [], [], [], [], [], [], [], [], [], [], [], [], [], [], [], [], [], [], [], [], [], [], [], [], [], [], [], [], [], [], [], [], [], [], [], [], [], [], [], [], [], [], [], [], [], [-88.87768558349946], [-88.43325364322007], [-88.01662488534186], [-87.66488456926983], [-87.42968564704181], [-87.3653756738723], [-87.51431394578212], [-87.89304965258911], [-88.48302766918407], [-89.22858151430819], [-90.04335592982397], [-90.82433967938664], [-91.47083706621962], [-91.90440374642904], [-92.08533848928923], [-92.02188941468434], [-91.76979451511777], [-91.42182758359668], [-91.08921586614659], [-90.87863845229424], [-90.86958815823539], [-91.09692718653336], [-91.54245944247401], [-92.13748240530077], [-92.77596253714329], [-93.33571618395636], [-93.7032428775472], [-93.79705270450019], [-93.58462493545709], [-93.08946820317938], [-92.38683660269162], [-91.58904416067492], [-90.82348682292894], [-90.20796519505006], [-89.82840581572994], [-89.72343110343239], [-89.87877977832242], [-90.23232595628176], [-90.6882908644654], [-91.13731467477261], [-91.47797099945532], [-91.63519749851794], [-91.57200602227606], [-91.29250408555615], [-90.83619260991993], [-90.26561611110365], [-89.65059600133564], [-89.05304099026307], [-88.51580731402696], [-88.05800869220997], [-87.6773422988988], [-87.35828041612524], [-87.08348066312247], [-86.8449932815784], [-86.65194888433868], [-86.53236349504174], [-86.52826198278082], [-86.68508245311503], [-87.03792772685483], [-87.59819143940588], [-88.34423189301397], [-89.21893028315071], [-90.13551907714574], [-90.9910482484322], [-91.68504084818332], [-92.13949456686733], [-92.31580131707805], [-92.2246456584529], [-91.92628472503671], [-91.52062951720897], [-91.12876020859215], [-90.86942873135061], [-90.83532203176438], [-91.07403082158798], [-91.57777500532656], [-92.28422858011699], [-93.08840215312108], [-93.86326081361359], [-94.48487706488945], [-94.85697208029177], [-94.92981239227798], [-94.70960186777114], [-94.25654031148994], [-93.67208857273847], [-93.0782211152754], [-92.59306990522035], [-92.30806341212148], [-92.30672014331509], [], [], [], [], [], [], [], [], [], [], [], [], [], [], [], [], [], [], [], [], [], [], [], [], [], [], [], [], [], [], [], [], [], [], [], [], [], [], [], [], [], [], [], [], [], [], [], [], [], [], [], [], [], [], [], [], [], [], [], [], [], [], [], [], [], [], [], [], [], [], [], [], [], [], [], [], [], [], [], [], [], [], [], [], [], [], [], [], [], [], [], [], [], [], [], [], [], [], [], [], [], [], [], [], [], [], [], [], [], [], [], [], [], [], [], [], [], [], [], [], [], []]","[[], [], [], [], [], [], [], [], [], [], [], [], [], [], [], [], [], [], [], [], [], [], [], [], [], [], [], [], [], [], [], [], [], [], [], [], [], [], [], [], [], [], [], [], [], [], [], [], [], [], [], [], [], [], [], [], [], [], [], [], [], [], [], [], [], [], [], [], [], [], [], [], [], [], [], [], [], [], [], [], [], [], [], [], [], [], [], [], [], [], [], [], [], [], [], [], [], [], [], [], [], [], [], [], [], [], [], [], [], [], [], [], [], [], [], [], [], [], [], [], [], [], [], [], [], [], [], [], [], [], [], [], [], [], [], [], [], [], [], [], [], [], [], [], [], [], [], [], [], [], [], [], [], [], [], [], [], [], [], [], [], [], [], [], [], [], [], [], [], [], [], [], [], [], [], [], [], [], [], [], [], [], [], [], [], [], [], [], [], [], [], [], [], [], [], [], [], [], [], [], [], [], [], [], [], [], [], [], [], [], [], [], [], [], [], [], [], [], [], [], [], [], [], [], [], [], [], [], [], [], [], [], [], [], [], [], [], [], [], [], [], [], [], [], [], [], [], [], [], [], [], [], [], [], [], [], [], [], [], [], [], [], [], [], [], [], [], [], [], [], [], [], [], [], [], [], [], [], [], [], [], [], [], [], [], [], [], [], [], [], [], [], [], [], [], [], [], [], [], [], [], [], [], [], [], [], [], [], [], [], [], [], [], [], [], [], [], [], [], [], [], [], [], [], [], [], [], [], [], [], [], [], [], [], [], [], [], [], [], [], [], [], [], [], [], [], [], [], [], [], [], [], [], [], [], [], [], [], [], [], [], [], [], [], [], [], [], [], [], [], [], [], [], [], [], [], [], [], [], [], [], [], [], [], [], [], [], [], [], [], [], [], [], [], [], [], [], [], [], [], [], [], [], [], [], [], [], [], [], [], [], [], [], [], [], [], [], [], [], [], [], [], [], [], [], [], [], [], [], [], [], [], [], [], [], [], [], [], [], [], [], [], [], [], [], [], [], [], [], [], [], [], [], [], [], [], [], [], [], [], [], [], [], [], [], [], [], [], [], [], [], [], [], [], [], [], [], [], [], [], [], [], [], [], [], [], [], [], [], [], [], [], [], [], [], [], [], [], [], [], [], [], [], [], [], [], [], [], [], [], [], [], [], [], [], [], [], [], [], [], [], [], [], [], [], [], [], [], [], [], [], [], [], [], [], [], [], [], [], [], [], [], [], [], [], [], [], [], [], [], [], [], [], [], [], [], [], [], [], [], [], [], [], [], [], [], [], [], [], [], [], [], [], [], [], [], [], [], [], [], [], [], [], [], [], [], [], [], [], [], [], [], [], [], [], [], [], [], [], [], [], [], [], [], [], [], [], [], [], [], [], [], [], [], [], [], [], [], [], [], [], [], [], [], [], [], [], [], [], [], [], [], [], [], [], [], [], [], [], [], [], [], [], [], [], [], [], [], [], [], [], [], [], [], [], [], [], [], [], [], [], [], [], [], [], [], [], [], [], [], [], [], [], [], [], [], [], [], [], [], [], [], [], [], [], [], [], [], [], [], [], [], [], [], [], [], [], [], [], [], [], [], [], [], [], [], [], [], [], [], [], [], [], [], [], [], [], [], [], [], [], [], [], [], [], [], [], [], [], [], [], [], [], [], [], [], [], [], [], [], [], [], [], [], [], [], [], [], [], [], [], [], [], [], [], [], [], [], [], [], [], [], [], [], [], [], [], [], [], [], [], [], [], [], [], [], [], [], [], [], [], [], [], [], [], [], [], [], [], [], [], [], [], [], [], [], [], [], [], [], [], [], [], [-91.88145275207121], [-91.78845024055708], [-91.6978333974647], [-91.60960144171979], [-91.52375331924762], [-91.44028770518563], [-91.35920300677006], [-91.28049736687547], [-91.20416866821388], [-91.13021453817055], [-91.05863235428635], [-90.98941925036156], [-90.92257212317328], [-90.85808786951637], [-90.79596292963349], [-90.73619331075737], [-90.67877504048815], [-90.62370395163603], [-90.57097569225517], [-90.52058573616246], [-90.47252939390428], [-90.42680158955844], [-90.38339702085626], [-90.3423111338989], [-90.30353870390618], [-90.26707440346061], [-90.23291306780055], [-90.2010492227865], [-90.1714770411013], [-90.1441909176847], [-90.11918515523662], [-90.09645410724309], [-90.0759923054467], [-90.05779237177236], [-90.04185344068198], [-90.02816468763933], [-90.0167226356733], [-90.0075219917448], [-90.00055736186107], [-89.9958230979154], [-89.99331396962835], [-89.99302419707008], [-89.99494567314716], [-89.99908427708323], [-90.00542552153313], [-90.01396807839394], [-90.02470520331221], [-90.03763755085981], [-90.05275631401254], [-90.07005990167276], [-90.08954588653482], [-90.1112095060517], [-90.13504666496667], [-90.16105587103921], [-90.18923575492585], [-90.21958161649046], [-90.2520910882305], [-90.28676280355242], [-90.32359680706614], [-90.36259007845295], [-90.40374468620504], [-90.44705558120874], [-90.49252369163234], [-90.54015033032367], [-90.58993299675707], [-90.64187333986948], [-90.69597207392478], [-90.75223002947298], [-90.81064820891385], [-90.87122805275325], [-90.93397223410098], [-90.9988805741863], [-91.06595451981987], [-91.13520241710867], [-91.20662360491289], [-91.28021867972757], [-91.35598966496008], [-91.433943128242], [-91.51408417580015], [-91.59641447623436], [-91.68093817902705], [-91.76765945167195], [-91.85658257903827], [-91.9477130891247], [-92.0410565092271], [-92.1366107403848], [-92.23438607584868], [-92.36953864811788], [], [], [], [], [], [], [], [], [], [], [], [], [], [], [], [], [], [], [], [], [], [], [], [], [], [], [], [], [], [], [], [], [], [], [], [], [], [], [], [], [], [], [], [], [], [], [], [], [], [], [], [], [], [], [], [], [], [], [], [], [], [], [], [], [], [], [], [], [], [], [], [], [], [], [], [], [], [], [], [], [], [], [], [], [], [], [], [], [], [], [], [], [], [], [], [], [], [], [], [], [], [], [], [], [], [], [], [], [], [], [], [], [], [], [], [], [], [], [], [], [], []]",-0.12029736346361246,-0.21788129747352547
zep,78.91,"[2008.31225903 2008.33143711 2008.3506152  2008.36979328 2008.38897136
 2008.40814944 2008.42732753 2008.44650561 2008.46568369 2008.48486177
 2008.50403985 2008.52321794 2008.54239602 2008.5615741  2008.58075218
 2008.59993026 2008.61910835 2008.63828643 2008.65746451 2008.67664259
 2008.69582068 2008.71499876 2008.73417684 2008.75335492 2008.772533
 2008.79171109 2008.81088917 2008.83006725 2008.84924533 2008.86842342
 2008.8876015  2008.90677958 2008.92595766 2008.94513574 2008.96431383
 2008.98349191 2009.00266999 2009.02184807 2009.04102616 2009.06020424
 2009.07938232 2009.0985604  2009.11773848 2009.13691657 2009.15609465
 2009.17527273 2009.19445081 2009.2136289  2009.23280698 2009.25198506
 2009.27116314 2009.29034122 2009.30951931 2009.32869739 2009.34787547
 2009.36705355 2009.38623163 2009.40540972 2009.4245878  2009.44376588
 2009.46294396 2009.48212205 2009.50130013 2009.52047821 2009.53965629
 2009.55883437 2009.57801246 2009.59719054 2009.61636862 2009.6355467
 2009.65472479 2009.67390287 2009.69308095 2009.71225903 2009.73143711
 2009.7506152  2009.76979328 2009.78897136 2009.80814944 2009.81815639]","[-83.33781921 -82.91104712 -82.53336796 -82.22981615 -82.0118902
 -81.87434238 -81.79606054 -81.74489944 -81.68537537 -81.587512
 -81.43476376 -81.2292145  -80.99276788 -80.76394102 -80.59085255
 -80.52183108 -80.59559776 -80.83310786 -81.23268631 -81.76953033
 -82.39955568 -83.06674099 -83.71236238 -84.284145   -84.74346303
 -85.06921065 -85.25775561 -85.3192956  -85.27173809 -85.13378681
 -84.91892576 -84.63190459 -84.26847343 -83.81840289 -83.27092978
 -82.62122107 -81.87605141 -81.05713248 -80.20101207 -79.35527837
 -78.57164628 -77.89741036 -77.36693759 -76.99520003 -76.77481434
 -76.67733349 -76.65864823 -76.66743828 -76.65493893 -76.58399007
 -76.43548372 -76.21089517 -75.93043814 -75.62735044 -75.33965887
 -75.10131383 -74.93470368 -74.84621978 -74.82586001 -74.85083363
 -74.89238751 -74.92413884 -74.93002066 -74.90983882 -74.88122705
 -74.87734062 -74.940768   -75.11491471 -75.43472078 -75.91872843
 -76.56417626 -77.34629122 -78.2217866  -79.1358448  -80.03111672
 -80.85673342 -81.57549225 -82.16776371 -82.63147968 -82.82706984]","[-86.0540201  -85.80167635 -85.55297748 -85.30792564 -85.06652326
 -84.8287751  -84.59468405 -84.36425545 -84.13749168 -83.91440593
 -83.69500626 -83.4793     -83.26729714 -83.05900853 -82.85444588
 -82.65362151 -82.45654371 -82.26323568 -82.07370827 -81.88797878
 -81.70606273 -81.5279742  -81.3537309  -81.18335157 -81.0168545
 -80.85425841 -80.6955824  -80.54084595 -80.39006378 -80.24326823
 -80.10047206 -79.96169353 -79.82695313 -79.6962771  -79.56968059
 -79.44718597 -79.32881362 -79.21458379 -79.10451727 -78.99863991
 -78.89695461 -78.79949061 -78.70626936 -78.61730628 -78.53261924
 -78.45222559 -78.37614215 -78.30438508 -78.23696995 -78.17391163
 -78.11522398 -78.06092069 -78.01101439 -77.96551689 -77.9244396
 -77.8877926  -77.85558417 -77.82781813 -77.80451337 -77.78566991
 -77.77129332 -77.76138069 -77.75594973 -77.75499421 -77.75851717
 -77.7665183  -77.7789979  -77.79595453 -77.81738565 -77.84329552
 -77.87366288 -77.90848764 -77.94777419 -77.99150793 -78.03968034
 -78.09228041 -78.14930006 -78.21072833 -78.27655345 -78.31532829]","[[], [], [], [], [], [], [], [], [], [], [], [], [], [], [], [], [], [], [], [], [], [], [], [], [], [], [], [], [], [], [], [], [], [], [], [], [], [], [], [], [], [], [], [], [], [], [], [], [], [], [], [], [], [], [], [], [], [], [], [], [], [], [], [], [], [], [], [], [], [], [], [], [], [], [], [], [], [], [], [], [], [], [], [], [], [], [], [], [], [], [], [], [], [], [], [], [], [], [], [], [], [], [], [], [], [], [], [], [], [], [], [], [], [], [], [], [], [], [], [], [], [], [], [], [], [], [], [], [], [], [], [], [], [], [], [], [], [], [], [], [], [], [], [], [], [], [], [], [], [], [], [], [], [], [], [], [], [], [], [], [], [], [], [], [], [], [], [], [], [], [], [], [-83.3378192091774], [-82.91104711820859], [-82.53336795668845], [-82.22981615153367], [-82.01189020316612], [-81.87434238381816], [-81.79606054295739], [-81.74489943778808], [-81.68537537247313], [-81.58751199667265], [-81.43476375555244], [-81.22921449714444], [-80.99276788220712], [-80.76394101998085], [-80.59085254713249], [-80.52183108430329], [-80.59559775743513], [-80.83310785768788], [-81.23268630531007], [-81.76953033227983], [-82.39955567864506], [-83.06674098587843], [-83.71236238078791], [-84.28414499833825], [-84.7434630288153], [-85.06921065254747], [-85.25775561312821], [-85.3192956017697], [-85.27173808841182], [-85.13378681072955], [-84.91892576179008], [-84.63190458695034], [-84.26847342976696], [-83.81840289151644], [-83.27092978338084], [-82.62122106508019], [-81.87605141372431], [-81.05713247632866], [-80.20101207124405], [-79.35527836938756], [-78.57164628118434], [-77.89741035538273], [-77.36693758862552], [-76.99520003010063], [-76.77481434093293], [-76.6773334889159], [-76.65864823017174], [-76.6674382765165], [-76.65493892595833], [-76.58399006812529], [-76.43548372183528], [-76.21089516999369], [-75.9304381448997], [-75.62735044252813], [-75.33965886541336], [-75.10131382623791], [-74.9347036813598], [-74.84621978384513], [-74.82586001392103], [-74.85083363461032], [-74.89238751214306], [-74.92413884188036], [-74.93002066058851], [-74.90983881665342], [-74.88122705373785], [-74.87734061952004], [-74.9407680023209], [-75.11491470854219], [-75.43472077676613], [-75.91872843481744], [-76.56417626133371], [-77.34629121967616], [-78.2217866011149], [-79.13584480402358], [-80.03111671784704], [-80.85673341619486], [-81.57549225123742], [-82.16776371498348], [-82.6314796824031, -82.82706983576064], [], [], [], [], [], [], [], [], [], [], [], [], [], [], [], [], [], [], [], [], [], [], [], [], [], [], [], [], [], [], [], [], [], [], [], [], [], [], [], [], [], [], [], [], [], [], [], [], [], [], [], [], [], [], [], [], [], [], [], [], [], [], [], [], [], [], [], [], [], [], [], [], [], [], [], [], [], [], [], [], [], [], [], [], [], [], [], [], [], [], [], [], [], [], [], [], [], [], [], [], [], [], [], [], [], [], [], [], [], [], [], [], [], [], [], [], [], [], [], [], [], [], [], [], [], [], [], [], [], [], [], [], [], [], [], [], [], [], [], [], [], [], [], [], [], [], [], [], [], [], [], [], [], [], [], [], [], [], [], [], [], [], [], [], [], [], [], [], [], [], [], [], [], [], [], [], [], [], [], [], [], [], [], [], [], [], [], [], [], [], [], [], [], [], [], [], [], [], [], [], [], [], [], [], [], [], [], [], [], [], [], [], [], [], [], [], [], [], [], [], [], [], [], [], [], [], [], [], [], [], [], [], [], [], [], [], [], [], [], [], [], [], [], [], [], [], [], [], [], [], [], [], [], [], [], [], [], [], [], [], [], [], [], [], [], [], [], [], [], [], [], [], [], [], [], [], [], [], [], [], [], [], [], [], [], [], [], [], [], [], [], [], [], [], [], [], [], [], [], [], [], [], [], [], [], [], [], [], [], [], [], [], [], [], [], [], [], [], [], [], [], [], [], [], [], [], [], [], [], [], [], [], [], [], [], [], [], [], [], [], [], [], [], [], [], [], [], [], [], [], [], [], [], [], [], [], [], [], [], [], [], [], [], [], [], [], [], [], [], [], [], [], [], [], [], [], [], [], [], [], [], [], [], [], [], [], [], [], [], [], [], [], [], [], [], [], [], [], [], [], [], [], [], [], [], [], [], [], [], [], [], [], [], [], [], [], [], [], [], [], [], [], [], [], [], [], [], [], [], [], [], [], [], [], [], [], [], [], [], [], [], [], [], [], [], [], [], [], [], [], [], [], [], [], [], [], [], [], [], [], [], [], [], [], [], [], [], [], [], [], [], [], [], [], [], [], [], [], [], [], [], [], [], [], [], [], [], [], [], [], [], [], [], [], [], [], [], [], [], [], [], [], [], [], [], [], [], [], [], [], [], [], [], [], [], [], [], [], [], [], [], [], [], [], [], [], [], [], [], [], [], [], [], [], [], [], [], [], [], [], [], [], [], [], [], [], [], [], [], [], [], [], [], [], [], [], [], [], [], [], [], [], [], [], [], [], [], [], [], [], [], [], [], [], [], [], [], [], [], [], [], [], [], [], [], [], [], [], [], [], [], [], [], [], [], [], [], [], [], [], [], [], [], [], [], [], [], [], [], [], [], [], [], [], [], [], [], [], [], [], [], [], [], [], [], [], [], [], [], [], [], [], [], [], [], [], [], [], [], [], [], [], [], [], [], [], [], [], [], [], [], [], [], [], [], [], [], [], [], [], [], [], [], [], [], [], [], [], [], [], [], [], [], [], [], [], [], [], [], [], [], [], [], [], [], [], [], [], [], [], [], [], [], [], [], [], [], [], [], [], [], [], [], [], [], [], [], [], [], [], [], [], [], [], [], [], [], [], [], [], [], [], [], [], [], [], [], [], [], [], [], [], [], [], [], [], [], [], [], [], [], [], [], [], [], [], [], [], [], [], [], [], [], [], [], [], [], [], [], [], [], []]","[[], [], [], [], [], [], [], [], [], [], [], [], [], [], [], [], [], [], [], [], [], [], [], [], [], [], [], [], [], [], [], [], [], [], [], [], [], [], [], [], [], [], [], [], [], [], [], [], [], [], [], [], [], [], [], [], [], [], [], [], [], [], [], [], [], [], [], [], [], [], [], [], [], [], [], [], [], [], [], [], [], [], [], [], [], [], [], [], [], [], [], [], [], [], [], [], [], [], [], [], [], [], [], [], [], [], [], [], [], [], [], [], [], [], [], [], [], [], [], [], [], [], [], [], [], [], [], [], [], [], [], [], [], [], [], [], [], [], [], [], [], [], [], [], [], [], [], [], [], [], [], [], [], [], [], [], [], [], [], [], [], [], [], [], [], [], [], [], [], [], [], [], [-86.0540200951595], [-85.80167635451282], [-85.55297747549648], [-85.30792564416507], [-85.06652326011624], [-84.82877510143165], [-84.59468404956961], [-84.36425545034622], [-84.13749168018522], [-83.9144059270138], [-83.69500625729104], [-83.479300000516], [-83.26729713532808], [-83.05900852585681], [-82.85444587823066], [-82.65362151052685], [-82.45654370552043], [-82.26323567800608], [-82.07370826845796], [-81.88797878476173], [-81.70606273272028], [-81.52797419775047], [-81.35373090007293], [-81.18335157306319], [-81.0168545010205], [-80.85425840586115], [-80.69558240177267], [-80.54084594886338], [-80.3900637823123], [-80.24326822784487], [-80.1004720583675], [-79.96169352639475], [-79.82695313001847], [-79.69627710417414], [-79.56968058997505], [-79.44718596760599], [-79.32881362079553], [-79.21458378769975], [-79.10451727000597], [-78.99863990874265], [-78.89695460634213], [-78.79949061034492], [-78.70626935929742], [-78.61730627599414], [-78.53261923573892], [-78.45222559434472], [-78.37614214601543], [-78.3043850826211], [-78.23696995447148], [-78.17391163267216], [-78.11522398391848], [-78.06092068812355], [-78.01101438616692], [-77.96551689090853], [-77.9244396010619], [-77.88779260315985], [-77.85558417388313], [-77.82781812803022], [-77.80451336743572], [-77.78566990517066], [-77.77129332222921], [-77.76138068828584], [-77.75594973362946], [-77.75499420509394], [-77.75851717100838], [-77.76651829615759], [-77.7789979043604], [-77.79595453095507], [-77.81738564970543], [-77.84329552332458], [-77.87366288064095], [-77.90848763510428], [-77.94777419386087], [-77.99150792937078], [-78.03968033832102], [-78.09228041460459], [-78.14930006276361], [-78.21072833404303], [-78.27655344889028, -78.3153282946566], [], [], [], [], [], [], [], [], [], [], [], [], [], [], [], [], [], [], [], [], [], [], [], [], [], [], [], [], [], [], [], [], [], [], [], [], [], [], [], [], [], [], [], [], [], [], [], [], [], [], [], [], [], [], [], [], [], [], [], [], [], [], [], [], [], [], [], [], [], [], [], [], [], [], [], [], [], [], [], [], [], [], [], [], [], [], [], [], [], [], [], [], [], [], [], [], [], [], [], [], [], [], [], [], [], [], [], [], [], [], [], [], [], [], [], [], [], [], [], [], [], [], [], [], [], [], [], [], [], [], [], [], [], [], [], [], [], [], [], [], [], [], [], [], [], [], [], [], [], [], [], [], [], [], [], [], [], [], [], [], [], [], [], [], [], [], [], [], [], [], [], [], [], [], [], [], [], [], [], [], [], [], [], [], [], [], [], [], [], [], [], [], [], [], [], [], [], [], [], [], [], [], [], [], [], [], [], [], [], [], [], [], [], [], [], [], [], [], [], [], [], [], [], [], [], [], [], [], [], [], [], [], [], [], [], [], [], [], [], [], [], [], [], [], [], [], [], [], [], [], [], [], [], [], [], [], [], [], [], [], [], [], [], [], [], [], [], [], [], [], [], [], [], [], [], [], [], [], [], [], [], [], [], [], [], [], [], [], [], [], [], [], [], [], [], [], [], [], [], [], [], [], [], [], [], [], [], [], [], [], [], [], [], [], [], [], [], [], [], [], [], [], [], [], [], [], [], [], [], [], [], [], [], [], [], [], [], [], [], [], [], [], [], [], [], [], [], [], [], [], [], [], [], [], [], [], [], [], [], [], [], [], [], [], [], [], [], [], [], [], [], [], [], [], [], [], [], [], [], [], [], [], [], [], [], [], [], [], [], [], [], [], [], [], [], [], [], [], [], [], [], [], [], [], [], [], [], [], [], [], [], [], [], [], [], [], [], [], [], [], [], [], [], [], [], [], [], [], [], [], [], [], [], [], [], [], [], [], [], [], [], [], [], [], [], [], [], [], [], [], [], [], [], [], [], [], [], [], [], [], [], [], [], [], [], [], [], [], [], [], [], [], [], [], [], [], [], [], [], [], [], [], [], [], [], [], [], [], [], [], [], [], [], [], [], [], [], [], [], [], [], [], [], [], [], [], [], [], [], [], [], [], [], [], [], [], [], [], [], [], [], [], [], [], [], [], [], [], [], [], [], [], [], [], [], [], [], [], [], [], [], [], [], [], [], [], [], [], [], [], [], [], [], [], [], [], [], [], [], [], [], [], [], [], [], [], [], [], [], [], [], [], [], [], [], [], [], [], [], [], [], [], [], [], [], [], [], [], [], [], [], [], [], [], [], [], [], [], [], [], [], [], [], [], [], [], [], [], [], [], [], [], [], [], [], [], [], [], [], [], [], [], [], [], [], [], [], [], [], [], [], [], [], [], [], [], [], [], [], [], [], [], [], [], [], [], [], [], [], [], [], [], [], [], [], [], [], [], [], [], [], [], [], [], [], [], [], [], [], [], [], [], [], [], [], [], [], [], [], [], [], [], [], [], [], [], [], [], [], [], [], [], [], [], [], [], [], [], [], [], [], [], [], [], [], [], [], [], [], [], [], [], [], [], [], [], [], [], [], [], [], [], [], [], [], [], [], [], [], [], [], [], [], [], [], [], [], [], [], [], [], [], [], [], [], [], [], [], [], [], [], [], [], [], [], [], [], [], [], [], [], []]",2.914300221241523,2.9623994890396386
