site,latitude,x_interp,smoothed_curve,trend,combined_smoothed,combined_trend,smoothed_semhem_diff,trend_semhem_diff
asc,-7.97,"[2005.31608638 2005.33526446 2005.35444254 2005.37362062 2005.39279871
 2005.41197679 2005.43115487 2005.45033295 2005.46951103 2005.48868912
 2005.5078672  2005.52704528 2005.54622336 2005.56540145 2005.58457953
 2005.60375761 2005.62293569 2005.64211377 2005.66129186 2005.68046994
 2005.69964802 2005.7188261  2005.73800419 2005.75718227 2005.77636035
 2005.79553843 2005.81471651 2005.8338946  2005.85307268 2005.87225076
 2005.89142884 2005.91060692 2005.92978501 2005.94896309 2005.96814117
 2005.98731925 2006.00649734 2006.02567542 2006.0448535  2006.06403158
 2006.08320966 2006.10238775 2006.12156583 2006.14074391 2006.15992199
 2006.17910008 2006.19827816 2006.21745624 2006.23663432 2006.2558124
 2006.27499049 2006.29416857 2006.31334665 2006.33252473 2006.35170282
 2006.3708809  2006.39005898 2006.40923706 2006.42841514 2006.44759323
 2006.46677131 2006.48594939 2006.50512747 2006.52430556 2006.54348364
 2006.56266172 2006.5818398  2006.60101788 2006.62019597 2006.63937405
 2006.65855213 2006.67773021 2006.69690829 2006.71608638 2006.73526446
 2006.75444254 2006.77362062 2006.79279871 2006.81197679 2006.83115487
 2006.85033295 2006.86951103 2006.88868912 2006.9078672  2006.92704528
 2006.94622336 2006.96540145 2006.98457953 2007.00375761 2007.02293569
 2007.04211377 2007.06129186 2007.08046994 2007.09964802 2007.1188261
 2007.13800419 2007.15718227 2007.17636035 2007.19553843 2007.21471651
 2007.2338946  2007.25307268 2007.27225076 2007.29142884 2007.31060692
 2007.32978501 2007.34896309 2007.36814117 2007.38731925 2007.40649734
 2007.42567542 2007.4448535  2007.46403158 2007.48320966 2007.50238775
 2007.52156583 2007.54074391 2007.55992199 2007.57910008 2007.59827816
 2007.61745624 2007.63663432 2007.6558124  2007.67499049 2007.69416857
 2007.71334665 2007.73252473 2007.75170282 2007.7708809  2007.79005898
 2007.80923706 2007.82841514 2007.84759323 2007.86677131 2007.88594939
 2007.90512747 2007.92430556 2007.94348364 2007.96266172 2007.9818398
 2008.00101788 2008.02019597 2008.03937405 2008.05855213 2008.07773021
 2008.09690829 2008.11608638 2008.13526446 2008.15444254 2008.17362062
 2008.19279871 2008.21197679 2008.23115487 2008.25033295 2008.26951103
 2008.28868912 2008.3078672  2008.32704528 2008.34622336 2008.36540145
 2008.38457953 2008.40375761 2008.42293569 2008.44211377 2008.46129186
 2008.48046994 2008.49964802 2008.5188261  2008.53800419 2008.55718227
 2008.57636035 2008.59553843 2008.61471651 2008.6338946  2008.65307268
 2008.67225076 2008.69142884 2008.71060692 2008.72978501 2008.74896309
 2008.76814117 2008.78731925 2008.80649734 2008.82567542 2008.8448535
 2008.86403158 2008.88320966 2008.90238775 2008.92156583 2008.94074391
 2008.95992199 2008.97910008 2008.99827816 2009.01745624 2009.03663432
 2009.0558124  2009.07499049 2009.09416857 2009.11334665 2009.13252473
 2009.15170282 2009.1708809  2009.19005898 2009.20923706 2009.22841514
 2009.24759323 2009.26677131 2009.28594939 2009.30512747 2009.32430556
 2009.34348364 2009.36266172 2009.3818398  2009.40101788 2009.42019597
 2009.43937405 2009.45855213 2009.47773021 2009.49690829 2009.51608638
 2009.53526446 2009.55444254 2009.57362062 2009.59279871 2009.61197679
 2009.63115487 2009.65033295 2009.66951103 2009.68868912 2009.7078672
 2009.72704528 2009.74622336 2009.76540145 2009.78457953 2009.80375761
 2009.82293569 2009.84211377 2009.86129186 2009.88046994 2009.89964802
 2009.9188261  2009.93800419 2009.95718227 2009.97636035 2009.99553843
 2010.01471651 2010.0338946  2010.05307268 2010.07225076 2010.09142884
 2010.11060692 2010.12978501 2010.14896309 2010.16814117 2010.18447489]","[-70.46350774 -70.60791488 -70.64951767 -70.60535307 -70.50559995
 -70.38835867 -70.29270821 -70.25143673 -70.2848396  -70.39687342
 -70.57448079 -70.79021211 -71.00763196 -71.18842478 -71.29974375
 -71.32030501 -71.24407372 -71.08077628 -70.85328135 -70.59246166
 -70.33068897 -70.09537802 -69.90389682 -69.76091417 -69.65862052
 -69.57960215 -69.50169506 -69.40362589 -69.27017244 -69.09570593
 -68.88541399 -68.65403505 -68.42249646 -68.21332708 -68.04594609
 -67.93291433 -67.8779763  -67.87624359 -67.9163537  -67.98397194
 -68.06568076 -68.15223633 -68.24036679 -68.33265476 -68.43555677
 -68.55610983 -68.69822227 -68.85958801 -69.03014481 -69.19266262
 -69.32546623 -69.40686993 -69.42034314 -69.35924824 -69.22993826
 -69.05240756 -68.85810851 -68.68515067 -68.57181175 -68.549532
 -68.63685439 -68.83557174 -69.12989607 -69.48895012 -69.87202444
 -70.23571549 -70.54134482 -70.76139246 -70.88350502 -70.91145541
 -70.86289807 -70.76449189 -70.64552147 -70.53137577 -70.43830961
 -70.37048753 -70.31994391 -70.26926637 -70.19635004 -70.08013385
 -69.90591128 -69.66918366 -69.37713871 -69.04758269 -68.70560343
 -68.37885095 -68.09245897 -67.8648215  -67.70507351 -67.61275548
 -67.57958467 -67.59279381 -67.63908583 -67.7082227  -67.79529608
 -67.90125269 -68.03144987 -68.19283416 -68.39046363 -68.62440741
 -68.88792612 -69.16755642 -69.44522411 -69.70201069 -69.92269785
 -70.1000139  -70.23745535 -70.34983168 -70.46116873 -70.60019756
 -70.79423613 -71.06268372 -71.41152143 -71.83008507 -72.29094398
 -72.75310216 -73.16806427 -73.48768692 -73.67234084 -73.69781036
 -73.5595821  -73.27367202 -72.8738908  -72.40595053 -71.91976276
 -71.46128057 -71.06548909 -70.75180256 -70.52262035 -70.36510196
 -70.25561513 -70.16576665 -70.06869624 -69.94431731 -69.78255235
 -69.58411829 -69.35886973 -69.12246008 -68.89219925 -68.68320768
 -68.50576535 -68.36438837 -68.25868043 -68.18555443 -68.14201348
 -68.12763629 -68.14590837 -68.20399265 -68.31079541 -68.47386158
 -68.69587002 -68.9716852  -69.2869441  -69.61868539 -69.93825361
 -70.21596045 -70.42667512 -70.55510364 -70.59958946 -70.57344322
 -70.50331774 -70.42475629 -70.3757159  -70.38920744 -70.48662022
 -70.67301332 -70.93547635 -71.24490392 -71.56095333 -71.83919065
 -72.03908508 -72.13126165 -72.1026014  -71.95819424 -71.71986616
 -71.42158381 -71.10281836 -70.80112316 -70.54558693 -70.35225169
 -70.22236807 -70.14377307 -70.09471751 -70.04931145 -69.98334078
 -69.87914859 -69.72863189 -69.53391925 -69.3057655  -69.06020894
 -68.81452494 -68.58345547 -68.37663908 -68.1977667  -68.0455381
 -67.91599978 -67.80547496 -67.71315998 -67.64255932 -67.60120715
 -67.5986558  -67.64310812 -67.7375679  -67.87653531 -68.044231
 -68.21504021 -68.35646634 -68.43407536 -68.41774243 -68.28783424
 -68.04006226 -67.68789137 -67.26183848 -66.80562463 -66.36979232
 -66.00393875 -65.74902319 -65.631213   -65.65843209 -65.82022936
 -66.09090951 -66.43520832 -66.81528768 -67.19759576 -67.55819624
 -67.88555002 -68.18030646 -68.45232291 -68.7157292  -68.98325897
 -69.26119619 -69.54611038 -69.82412225 -70.07285831 -70.26562624
 -70.37685927 -70.38761956 -70.28992644 -70.08895659 -69.80268608
 -69.45909703 -69.09157783 -68.73357502 -68.41363939 -68.15188676
 -67.9585235  -67.83457886 -67.77446269 -67.76955011 -67.81178294
 -67.8963175  -68.02252915 -68.19313412 -68.41169976 -68.64691056]","[-69.11839495 -69.16872937 -69.21706562 -69.26331157 -69.30738184
 -69.34920552 -69.38870968 -69.42583743 -69.46054069 -69.49277381
 -69.52250456 -69.54971143 -69.57437826 -69.59649912 -69.61608057
 -69.63312634 -69.64766153 -69.65971526 -69.66932498 -69.67653632
 -69.68140167 -69.68398819 -69.68435871 -69.68258301 -69.67875322
 -69.67295659 -69.66528433 -69.65583275 -69.64470861 -69.63202205
 -69.61788526 -69.60241513 -69.58573046 -69.56795309 -69.54920784
 -69.52961853 -69.50931133 -69.48841432 -69.46705407 -69.44535716
 -69.42344988 -69.40145446 -69.37949222 -69.35768385 -69.33614618
 -69.3149928  -69.2943342  -69.27427614 -69.25491627 -69.2363588
 -69.21869396 -69.20200728 -69.18637664 -69.17188463 -69.1585984
 -69.14657921 -69.13589332 -69.12658485 -69.1187005  -69.11227906
 -69.10735286 -69.10395348 -69.1020933  -69.10179404 -69.10305121
 -69.10588336 -69.11027315 -69.11621781 -69.12369815 -69.13269293
 -69.14317982 -69.15512655 -69.16849946 -69.18325433 -69.19935454
 -69.21674532 -69.23538077 -69.2552101  -69.27616776 -69.29820532
 -69.3212528  -69.34525127 -69.37013494 -69.39584173 -69.42229817
 -69.44944345 -69.47720726 -69.50552194 -69.53432007 -69.56353554
 -69.59309826 -69.62294652 -69.65301565 -69.68324888 -69.7135704
 -69.74393315 -69.77427491 -69.80454104 -69.83467761 -69.86463454
 -69.89436186 -69.92381193 -69.95293691 -69.98169811 -70.01005576
 -70.03797129 -70.06540914 -70.09233595 -70.11872046 -70.14453263
 -70.16974602 -70.19433682 -70.21828026 -70.2415527  -70.26413401
 -70.28600472 -70.30714645 -70.32754183 -70.34717435 -70.36602815
 -70.38408779 -70.40132827 -70.41775502 -70.43334344 -70.44807887
 -70.46194646 -70.47493104 -70.4870154  -70.49818631 -70.50842664
 -70.51771835 -70.52604165 -70.53338175 -70.53971821 -70.54502181
 -70.54928404 -70.55247752 -70.55457945 -70.55556635 -70.55541409
 -70.55409802 -70.55159296 -70.54787011 -70.54290887 -70.53668234
 -70.5291687  -70.52033314 -70.51015937 -70.49862125 -70.48569196
 -70.47135361 -70.45558021 -70.43836153 -70.41967253 -70.39949977
 -70.37782745 -70.35465008 -70.32995799 -70.30374446 -70.27600921
 -70.24675733 -70.21598673 -70.18371351 -70.14994496 -70.11470566
 -70.07801305 -70.03989413 -70.00037497 -69.95949754 -69.91730282
 -69.87383449 -69.8291411  -69.78328195 -69.73631344 -69.68830649
 -69.63932407 -69.58945223 -69.53875432 -69.48732543 -69.43526545
 -69.38264456 -69.32957171 -69.27615405 -69.22248757 -69.16868157
 -69.11485378 -69.06111041 -69.00756289 -68.95434153 -68.90156284
 -68.84934603 -68.79781098 -68.74708179 -68.69728099 -68.6485288
 -68.60094683 -68.55465542 -68.50977012 -68.46640842 -68.42467827
 -68.3846923  -68.34655481 -68.31036449 -68.27621996 -68.24421693
 -68.21442962 -68.18695424 -68.1618542  -68.13919708 -68.11904526
 -68.10145201 -68.08646308 -68.07411645 -68.0644421  -68.0574618
 -68.05318896 -68.05162845 -68.05277652 -68.05662074 -68.06313993
 -68.07230431 -68.08407596 -68.09840679 -68.11524099 -68.13451437
 -68.15615452 -68.18008099 -68.20620557 -68.23443253 -68.26465896
 -68.29677509 -68.33066442 -68.36620344 -68.40326588 -68.44172086
 -68.48142697 -68.52223937 -68.56401574 -68.60660727 -68.64985879
 -68.69361863 -68.73773055 -68.7820374  -68.8263819  -68.87060691
 -68.91455596 -68.95807389 -69.00100737 -69.04320549 -69.0845203
 -69.12480735 -69.16392622 -69.20174103 -69.23812092 -69.27433737]","[[], [], [], [], [], [], [], [], [], [], [], [], [], [], [], [], [-70.4635077407504], [-70.60791488180526], [-70.64951766968528], [-70.60535306579405], [-70.50559995463381], [-70.38835867225546], [-70.29270820992511], [-70.25143673249458], [-70.28483960237531], [-70.3968734205686], [-70.57448078813273], [-70.7902121085059], [-71.00763195910093], [-71.18842478086864], [-71.29974374747182], [-71.3203050051009], [-71.24407372253626], [-71.08077627675763], [-70.85328135254063], [-70.592461657626], [-70.33068897487125], [-70.09537801667203], [-69.90389682101106], [-69.76091417469699], [-69.65862051759908], [-69.57960215169517], [-69.50169505884595], [-69.40362588611089], [-69.27017244008424], [-69.09570593265106], [-68.88541399062746], [-68.65403505143576], [-68.42249645716268], [-68.21332708211096], [-68.04594609178709], [-67.9329143295929], [-67.87797630197855], [-67.87624358635259], [-67.91635369516605], [-67.98397194283666], [-68.06568075651757], [-68.15223632915277], [-68.24036679161117], [-68.33265475612713], [-68.43555676561702], [-68.55610982778097], [-68.69822226993567], [-68.8595880070781], [-69.03014480881214], [-69.19266262437687], [-69.32546623346032], [-69.40686993424262], [-69.42034314280252], [-69.35924824121624], [-69.22993825859912], [-69.05240755869893], [-68.85810851379935], [-68.68515066592968], [-68.57181174666206], [-68.5495319973965], [-68.63685439111077], [-68.8355717441157], [-69.12989607217268], [-69.48895012268471], [-69.87202444253886], [-70.23571548798644], [-70.5413448212119], [-70.76139245702443], [-70.88350501873877], [-70.91145540598218], [-70.86289807382381], [-70.7644918886803], [-70.64552147267696], [-70.5313757713092], [-70.43830960772482], [-70.37048753390948], [-70.31994390667958], [-70.26926637189801], [-70.19635004117795], [-70.08013384898281], [-69.90591128303932], [-69.66918366012156], [-69.37713871429513], [-69.04758269267315], [-68.70560342696352], [-68.37885094874764], [-68.09245897116875], [-67.8648215018233], [-67.70507350859678], [-67.61275548151796], [-67.5795846667678], [-67.59279380574796], [-67.63908583237445], [-67.70822269863929], [-67.79529608163158], [-67.9012526929451], [-68.03144987257284], [-68.19283415790842], [-68.39046362678728], [-68.62440741071934], [-68.88792612268897], [-69.16755642126387], [-69.44522411346193], [-69.70201069328971], [-69.92269785234316], [-70.10001389539292], [-70.23745535400565], [-70.34983167784411], [-70.46116873186257], [-70.60019755520264], [-70.7942361279844], [-71.0626837185223], [-71.41152143303329], [-71.83008506538519], [-72.29094397800992], [-72.75310215622098], [-73.16806427476881], [-73.48768691929668], [-73.67234083880287], [-73.69781036175588], [-73.55958210387016], [-73.27367201922407], [-72.87389079555224], [-72.40595052812557], [-71.91976276279524], [-71.46128057096739], [-71.06548909397807], [-70.75180255957494], [-70.5226203494744], [-70.36510196412469], [-70.25561513146064], [-70.16576664821412], [-70.06869624153015], [-69.94431731247532], [-69.78255234624352], [-69.5841182948453], [-69.35886972576458], [-69.12246008171952], [-68.8921992530641], [-68.68320768264985], [-68.505765348923], [-68.36438837001083], [-68.2586804289126], [-68.18555442630176], [-68.14201348466877], [-68.12763629418056], [-68.14590837385225], [-68.20399265206353], [-68.31079541343375], [-68.47386157830188], [-68.69587001930667], [-68.97168519814488], [-69.28694409627148], [-69.61868539385955], [-69.93825361163454], [-70.2159604485862], [-70.42667512108767], [-70.55510364202796], [-70.5995894636728], [-70.57344321556016, -70.50331774319658], [-70.42475629277516], [-70.37571589916125], [-70.38920743935691], [-70.48662021630231], [-70.6730133223084], [-70.93547634960235], [-71.24490391656786], [-71.56095332922952], [-71.83919065053888], [-72.03908507897813], [-72.13126164886063], [-72.10260139782578], [-71.95819424476636], [-71.71986615923322], [-71.42158380634689], [-71.10281835525323], [-70.80112315770614], [-70.54558692566003], [-70.35225168977023], [-70.2223680691945], [-70.14377306828361], [-70.0947175089745], [-70.04931145123479], [-69.98334077570992], [-69.87914858967525], [-69.72863188616516], [-69.5339192545049], [-69.30576549588093], [-69.06020893636492], [-68.81452494012407], [-68.5834554682389], [-68.37663907725359], [-68.19776669997202], [-68.04553810302505], [-67.91599977870196], [-67.80547496453296], [-67.71315998161187], [-67.64255932140478], [-67.60120715027257], [-67.59865580430005], [-67.64310811679758], [-67.73756789923476], [-67.876535310663], [-68.04423099881502], [-68.21504021470258], [-68.3564663402267], [-68.43407536126554], [-68.41774242930106], [-68.28783423814521], [-68.04006225651963], [-67.68789137027854], [-67.2618384843638], [-66.80562462655904], [-66.36979231582522], [-66.00393875266313], [-65.74902319046109], [-65.63121299825573], [-65.65843208834028], [-65.82022935878565], [-66.09090951261159], [-66.43520831909665], [-66.81528767919052], [-67.19759575835317], [-67.55819623645752], [-67.88555001894129], [-68.18030646247854], [-68.45232290653796], [-68.71572919558923], [-68.98325897236249], [-69.26119618805797], [-69.54611037823213], [-69.82412225170059], [-70.07285831208425], [-70.26562624099626], [-70.3768592679413], [-70.38761955733881], [-70.28992643753404], [-70.08895658902999], [-69.80268607801165], [-69.45909702586357], [-69.09157783333595], [-68.73357501578504], [-68.41363938635845], [-68.15188676219914], [-67.95852349788723], [-67.83457885945657], [-67.77446268679273], [-67.76955011407102], [-67.81178293950684], [-67.89631749718495], [-68.02252915239305], [-68.19313412172522], [-68.41169975621293], [-68.64691055863885], [], [], [], [], [], [], [], [], [], [], [], [], [], [], [], [], [], [], [], [], [], [], [], [], [], [], [], [], [], [], [], [], [], [], [], [], [], [], [], [], [], [], [], [], [], [], [], [], [], [], [], [], [], [], [], [], [], [], [], [], [], [], [], [], [], [], [], [], [], [], [], [], [], [], [], [], [], [], [], [], [], [], [], [], [], [], [], [], [], [], [], [], [], [], [], [], [], [], [], [], [], [], [], [], [], [], [], [], [], [], [], [], [], [], [], [], [], [], [], [], [], [], [], [], [], [], [], [], [], [], [], [], [], [], [], [], [], [], [], [], [], [], [], [], [], [], [], [], [], [], [], [], [], [], [], [], [], [], [], [], [], [], [], [], [], [], [], [], [], [], [], [], [], [], [], [], [], [], [], [], [], [], [], [], [], [], [], [], [], [], [], [], [], [], [], [], [], [], [], [], [], [], [], [], [], [], [], [], [], [], [], [], [], [], [], [], [], [], [], [], [], [], [], [], [], [], [], [], [], [], [], [], [], [], [], [], [], [], [], [], [], [], [], [], [], [], [], [], [], [], [], [], [], [], [], [], [], [], [], [], [], [], [], [], [], [], [], [], [], [], [], [], [], [], [], [], [], [], [], [], [], [], [], [], [], [], [], [], [], [], [], [], [], [], [], [], [], [], [], [], [], [], [], [], [], [], [], [], [], [], [], [], [], [], [], [], [], [], [], [], [], [], [], [], [], [], [], [], [], [], [], [], [], [], [], [], [], [], [], [], [], [], [], [], [], [], [], [], [], [], [], [], [], [], [], [], [], [], [], [], [], [], [], [], [], [], [], [], [], [], [], [], [], [], [], [], [], [], [], [], [], [], [], [], [], [], [], [], [], [], [], [], [], [], [], [], [], [], [], [], [], [], [], [], [], [], [], [], [], [], [], [], [], [], [], [], [], [], [], [], [], [], [], [], [], [], [], [], [], [], [], [], [], [], [], [], [], [], [], [], [], [], [], [], [], [], [], [], [], [], [], [], [], [], [], [], [], [], [], [], [], [], [], [], [], [], [], [], [], [], [], [], [], [], [], [], [], [], [], [], [], [], [], [], [], [], [], [], [], [], [], [], [], [], [], [], [], [], [], [], [], [], [], [], [], [], [], [], [], [], [], [], [], [], [], [], [], [], [], [], [], [], [], [], [], [], [], [], [], [], [], [], [], [], [], [], [], [], [], [], [], [], [], [], [], [], [], [], [], [], [], [], [], [], [], [], [], [], [], [], [], [], [], [], [], [], [], [], [], [], [], [], [], [], [], [], [], [], [], [], [], [], [], [], [], [], [], [], [], [], [], [], [], [], [], [], [], [], [], [], [], [], [], [], [], [], [], [], [], [], [], [], [], [], [], [], [], [], [], [], [], [], [], [], [], [], [], [], [], [], [], [], [], [], [], [], [], [], [], [], [], [], [], [], [], [], [], [], [], [], [], [], [], [], [], [], [], [], [], [], [], [], [], [], [], [], [], [], [], [], [], [], [], [], [], [], [], [], [], [], [], [], [], [], [], [], [], [], [], [], [], [], [], [], [], [], [], [], [], [], [], [], [], [], [], [], [], [], [], [], [], [], [], [], [], [], [], [], [], [], [], [], [], [], [], [], [], [], [], [], [], [], [], [], [], [], [], [], [], [], [], [], []]","[[], [], [], [], [], [], [], [], [], [], [], [], [], [], [], [], [-69.11839494835488], [-69.16872936962507], [-69.21706561852146], [-69.26331156714164], [-69.30738184302741], [-69.34920552409862], [-69.38870968371349], [-69.42583743154442], [-69.46054069144544], [-69.49277380829452], [-69.52250455521035], [-69.54971143182102], [-69.57437825726072], [-69.59649912168888], [-69.61608056905038], [-69.63312633769745], [-69.6476615339022], [-69.65971525860868], [-69.66932498125172], [-69.67653631962793], [-69.68140167370372], [-69.68398818911605], [-69.6843587133692], [-69.68258301079317], [-69.6787532169086], [-69.67295659324053], [-69.6652843255062], [-69.65583275337065], [-69.6447086078527], [-69.63202205105667], [-69.61788525581805], [-69.60241513197832], [-69.5857304552273], [-69.56795309434521], [-69.54920783919802], [-69.52961852988966], [-69.5093113259047], [-69.48841432497726], [-69.46705407444868], [-69.44535716207841], [-69.42344988135646], [-69.4014544555514], [-69.37949221660936], [-69.35768385468097], [-69.33614618128203], [-69.31499280070348], [-69.29433420490902], [-69.27427614338237], [-69.25491626973961], [-69.23635880247498], [-69.2186939573429], [-69.20200727891088], [-69.18637663896702], [-69.17188462511396], [-69.15859840348716], [-69.14657921408538], [-69.13589332296625], [-69.12658485106098], [-69.11870050044797], [-69.11227906267696], [-69.10735286365056], [-69.10395348492355], [-69.10209330257692], [-69.10179403848954], [-69.10305120708333], [-69.10588335964958], [-69.110273154648], [-69.11621781453003], [-69.1236981541116], [-69.13269292825552], [-69.14317981892974], [-69.15512654568708], [-69.16849946240379], [-69.18325433393211], [-69.19935454165422], [-69.21674532299684], [-69.23538077238564], [-69.25521009667978], [-69.27616775671291], [-69.29820532464026], [-69.32125279894865], [-69.34525127431388], [-69.3701349383252], [-69.39584173173479], [-69.4222981739107], [-69.44944344690582], [-69.47720725632385], [-69.50552193944623], [-69.53432006595274], [-69.56353554203778], [-69.59309826376207], [-69.6229465217731], [-69.65301565200284], [-69.6832488814849], [-69.71357040336642], [-69.74393314718598], [-69.77427491308009], [-69.80454103839438], [-69.83467760727075], [-69.86463454299769], [-69.8943618560098], [-69.92381192710177], [-69.95293691183475], [-69.98169811139135], [-70.01005576355743], [-70.03797128831215], [-70.06540913926267], [-70.09233595093751], [-70.1187204610472], [-70.144532633843], [-70.16974601827962], [-70.19433682298825], [-70.21828026120232], [-70.24155269607863], [-70.2641340140679], [-70.28600471620491], [-70.30714644502594], [-70.32754183311091], [-70.34717434951145], [-70.36602814551347], [-70.3840877938259], [-70.40132827186955], [-70.41775501747891], [-70.4333434425757], [-70.44807887289619], [-70.46194645650323], [-70.47493104399817], [-70.48701540145053], [-70.49818630571534], [-70.50842663808668], [-70.51771834819164], [-70.5260416473498], [-70.53338175075764], [-70.53971821379358], [-70.54502180624074], [-70.54928404278593], [-70.55247751862761], [-70.55457944934741], [-70.55556634804645], [-70.55541409485309], [-70.55409802301645], [-70.55159295711513], [-70.54787010859863], [-70.54290887014339], [-70.53668234241326], [-70.52916869962064], [-70.52033313756519], [-70.51015937101921], [-70.49862124820982], [-70.48569196333426], [-70.4713536113875], [-70.45558021222412], [-70.43836153253075], [-70.41967253365418], [-70.39949977185586], [-70.3778274458351], [-70.35465007602444], [-70.32995798800148], [-70.3037444624799], [-70.27600920844777, -70.24675732821251], [-70.21598672512015], [-70.18371350660149], [-70.1499449617389], [-70.11470565507388], [-70.07801304902513], [-70.03989413298125], [-70.00037497136167], [-69.95949753847113], [-69.91730281677515], [-69.87383449113302], [-69.82914110233165], [-69.78328194769597], [-69.73631344082722], [-69.68830649455819], [-69.63932406652036], [-69.58945223113034], [-69.53875432257261], [-69.48732543443417], [-69.43526544592562], [-69.38264456368766], [-69.32957171323177], [-69.27615405369073], [-69.22248756703422], [-69.16868156817748], [-69.11485377989142], [-69.06111041027164], [-69.00756289054218], [-68.95434152925905], [-68.90156284131042], [-68.849346032632], [-68.7978109840886], [-68.74708179344097], [-68.6972809883832], [-68.64852879908148], [-68.6009468272364], [-68.55465542049612], [-68.50977012161943], [-68.46640841598966], [-68.42467827375064], [-68.38469230300036], [-68.3465548061707], [-68.31036448718451], [-68.27621996050989], [-68.24421693339141], [-68.21442961730523], [-68.1869542398063], [-68.16185419656678], [-68.13919708017833], [-68.11904526472053], [-68.10145201367207], [-68.08646308072663], [-68.07411644894304], [-68.06444209828405], [-68.05746180290542], [-68.05318895942644], [-68.05162844727369], [-68.05277652204788], [-68.0566207427115], [-68.06313993324181], [-68.07230431475374], [-68.08407596412071], [-68.09840678792577], [-68.11524098958756], [-68.13451437403252], [-68.15615452057718], [-68.18008099020777], [-68.20620556658344], [-68.23443252992902], [-68.26465896282363], [-68.29677508673922], [-68.33066442354131], [-68.36620343995412], [-68.40326587509315], [-68.44172085780964], [-68.48142696754353], [-68.52223937371902], [-68.56401573854906], [-68.6066072668167], [-68.64985879428517], [-68.69361862737287], [-68.73773054737887], [-68.78203739991625], [-68.82638190458468], [-68.87060690783551], [-68.91455595981596], [-68.95807388883493], [-69.00100737096697], [-69.04320549233422], [-69.08452030163615], [-69.12480735054328], [-69.16392621962416], [-69.20174102754544], [-69.23812092135923], [-69.27433736555662], [], [], [], [], [], [], [], [], [], [], [], [], [], [], [], [], [], [], [], [], [], [], [], [], [], [], [], [], [], [], [], [], [], [], [], [], [], [], [], [], [], [], [], [], [], [], [], [], [], [], [], [], [], [], [], [], [], [], [], [], [], [], [], [], [], [], [], [], [], [], [], [], [], [], [], [], [], [], [], [], [], [], [], [], [], [], [], [], [], [], [], [], [], [], [], [], [], [], [], [], [], [], [], [], [], [], [], [], [], [], [], [], [], [], [], [], [], [], [], [], [], [], [], [], [], [], [], [], [], [], [], [], [], [], [], [], [], [], [], [], [], [], [], [], [], [], [], [], [], [], [], [], [], [], [], [], [], [], [], [], [], [], [], [], [], [], [], [], [], [], [], [], [], [], [], [], [], [], [], [], [], [], [], [], [], [], [], [], [], [], [], [], [], [], [], [], [], [], [], [], [], [], [], [], [], [], [], [], [], [], [], [], [], [], [], [], [], [], [], [], [], [], [], [], [], [], [], [], [], [], [], [], [], [], [], [], [], [], [], [], [], [], [], [], [], [], [], [], [], [], [], [], [], [], [], [], [], [], [], [], [], [], [], [], [], [], [], [], [], [], [], [], [], [], [], [], [], [], [], [], [], [], [], [], [], [], [], [], [], [], [], [], [], [], [], [], [], [], [], [], [], [], [], [], [], [], [], [], [], [], [], [], [], [], [], [], [], [], [], [], [], [], [], [], [], [], [], [], [], [], [], [], [], [], [], [], [], [], [], [], [], [], [], [], [], [], [], [], [], [], [], [], [], [], [], [], [], [], [], [], [], [], [], [], [], [], [], [], [], [], [], [], [], [], [], [], [], [], [], [], [], [], [], [], [], [], [], [], [], [], [], [], [], [], [], [], [], [], [], [], [], [], [], [], [], [], [], [], [], [], [], [], [], [], [], [], [], [], [], [], [], [], [], [], [], [], [], [], [], [], [], [], [], [], [], [], [], [], [], [], [], [], [], [], [], [], [], [], [], [], [], [], [], [], [], [], [], [], [], [], [], [], [], [], [], [], [], [], [], [], [], [], [], [], [], [], [], [], [], [], [], [], [], [], [], [], [], [], [], [], [], [], [], [], [], [], [], [], [], [], [], [], [], [], [], [], [], [], [], [], [], [], [], [], [], [], [], [], [], [], [], [], [], [], [], [], [], [], [], [], [], [], [], [], [], [], [], [], [], [], [], [], [], [], [], [], [], [], [], [], [], [], [], [], [], [], [], [], [], [], [], [], [], [], [], [], [], [], [], [], [], [], [], [], [], [], [], [], [], [], [], [], [], [], [], [], [], [], [], [], [], [], [], [], [], [], [], [], [], [], [], [], [], [], [], [], [], [], [], [], [], [], [], [], [], [], [], [], [], [], [], [], [], [], [], [], [], [], [], [], [], [], [], [], [], [], [], [], [], [], [], [], [], [], [], [], [], [], [], [], [], [], [], [], [], [], [], [], [], [], [], [], [], [], [], [], [], [], [], [], [], [], [], [], [], [], [], [], [], [], [], [], [], [], [], [], [], [], [], [], [], [], [], [], [], [], [], [], [], [], [], [], [], [], [], [], [], [], [], [], [], [], [], [], [], [], [], [], [], [], [], [], [], [], [], [], [], [], [], [], [], [], [], [], [], [], [], [], [], [], [], [], []]",-0.05551925428497334,-0.08990666807598963
nam,-23.56,"[2013.212185   2013.23136308 2013.25054116 2013.26971925 2013.28889733
 2013.30807541 2013.32725349 2013.34643158 2013.36560966 2013.38478774
 2013.40396582 2013.4231439  2013.44232199 2013.46150007 2013.48067815
 2013.49985623 2013.51903432 2013.5382124  2013.55739048 2013.57656856
 2013.59574664 2013.61492473 2013.63410281 2013.65328089 2013.67245897
 2013.69163705 2013.71081514 2013.72999322 2013.7491713  2013.76834938
 2013.78752747 2013.80670555 2013.82588363 2013.84506171 2013.86423979
 2013.88341788 2013.90259596 2013.92177404 2013.94095212 2013.96013021
 2013.97930829 2013.99848637 2014.01766445 2014.03684253 2014.05602062
 2014.0751987  2014.09437678 2014.11355486 2014.13273295 2014.15191103
 2014.17108911 2014.19026719 2014.20944527 2014.22862336 2014.24780144
 2014.26697952 2014.2861576  2014.30533568 2014.32451377 2014.34369185
 2014.36286993 2014.38204801 2014.4012261  2014.42040418 2014.43958226
 2014.45876034 2014.47793842 2014.49711651 2014.51629459 2014.53547267
 2014.55465075 2014.57382884 2014.59300692 2014.612185   2014.63136308
 2014.65054116 2014.66971925 2014.68889733 2014.70807541 2014.72725349
 2014.74643158 2014.76560966 2014.78478774 2014.80396582 2014.8231439
 2014.84232199 2014.86150007 2014.88067815 2014.89985623 2014.91903432
 2014.9382124  2014.95739048 2014.97656856 2014.99574664 2015.01492473
 2015.03410281 2015.05328089 2015.07245897 2015.09163705 2015.11081514
 2015.12999322 2015.1491713  2015.16834938 2015.18752747 2015.20670555
 2015.22588363 2015.24506171 2015.26423979 2015.28341788 2015.30259596
 2015.32177404 2015.34095212 2015.36013021 2015.37930829 2015.39848637
 2015.41766445 2015.43684253 2015.45602062 2015.4751987  2015.49437678
 2015.51355486 2015.53273295 2015.55191103 2015.57108911 2015.59026719
 2015.60944527 2015.62862336 2015.64780144 2015.66697952 2015.6861576
 2015.70533568 2015.72451377 2015.74369185 2015.76286993 2015.78204801
 2015.8012261  2015.82040418 2015.83958226 2015.85876034 2015.87793842
 2015.89711651 2015.91629459 2015.93547267 2015.95465075 2015.97382884
 2015.99300692 2016.012185   2016.03136308 2016.05054116 2016.06971925
 2016.08889733 2016.10807541 2016.12725349 2016.14643158 2016.16560966
 2016.18478774 2016.20396582 2016.2231439  2016.24232199 2016.26150007
 2016.28067815 2016.29985623 2016.31903432 2016.3382124  2016.35739048
 2016.37656856 2016.39574664 2016.41492473 2016.43410281 2016.45328089
 2016.47245897 2016.49163705 2016.51081514 2016.52999322 2016.5491713
 2016.56834938 2016.58752747 2016.60670555 2016.62588363 2016.64506171
 2016.66423979 2016.68341788 2016.70259596 2016.72177404 2016.74095212
 2016.76013021 2016.77930829 2016.79848637 2016.81766445 2016.83684253
 2016.85602062 2016.8751987  2016.89437678 2016.91355486 2016.93273295
 2016.95191103 2016.97108911 2016.99026719 2017.00944527 2017.02862336
 2017.04780144 2017.06697952 2017.0861576  2017.10533568 2017.12451377
 2017.14369185 2017.16286993 2017.18204801 2017.2012261  2017.22040418
 2017.23958226 2017.25876034 2017.27793842 2017.29711651 2017.31629459
 2017.33547267 2017.35465075 2017.37382884 2017.39300692 2017.412185
 2017.43136308 2017.45054116 2017.46971925 2017.48889733 2017.50807541
 2017.52725349 2017.54643158 2017.56560966 2017.58478774 2017.60396582
 2017.6231439  2017.64232199 2017.66150007 2017.68067815 2017.69985623
 2017.71903432 2017.7382124  2017.75739048 2017.77656856 2017.79574664
 2017.81492473 2017.83410281 2017.85328089 2017.87245897 2017.89163705
 2017.91081514 2017.92999322 2017.9491713  2017.96834938 2017.98752747
 2018.00670555 2018.02588363 2018.04506171 2018.06423979 2018.08341788
 2018.10259596 2018.12177404 2018.14095212 2018.16013021 2018.17930829
 2018.19848637 2018.21766445 2018.23684253 2018.25602062 2018.2751987
 2018.29437678 2018.31355486 2018.33273295 2018.35191103 2018.37108911
 2018.39026719 2018.40944527 2018.42862336 2018.44780144 2018.46697952
 2018.4861576  2018.50533568 2018.52451377 2018.54369185 2018.56286993
 2018.58204801 2018.6012261  2018.62040418 2018.63958226 2018.65876034
 2018.67793842 2018.69711651 2018.71629459 2018.73547267 2018.75465075
 2018.77382884 2018.79300692 2018.812185   2018.83136308 2018.85054116
 2018.86971925 2018.88889733 2018.90807541 2018.92725349 2018.94643158
 2018.96560966 2018.98478774 2019.00396582 2019.0231439  2019.04232199
 2019.06150007 2019.08067815 2019.09985623 2019.11903432 2019.1382124
 2019.15739048 2019.17656856 2019.19574664 2019.21492473 2019.23410281
 2019.25328089 2019.27245897 2019.29163705 2019.31081514 2019.32999322
 2019.3491713  2019.36834938 2019.38752747 2019.40670555 2019.42588363
 2019.44506171 2019.46423979 2019.48341788 2019.50259596 2019.52177404
 2019.54095212 2019.56013021 2019.57930829 2019.59848637 2019.61766445
 2019.63684253 2019.65602062 2019.6751987  2019.69437678 2019.71355486
 2019.73273295 2019.75191103 2019.77108911 2019.79026719 2019.80944527
 2019.82862336 2019.84780144 2019.86697952 2019.8861576  2019.90533568
 2019.92451377 2019.94369185 2019.96286993 2019.98204801 2020.0012261
 2020.02040418 2020.03958226 2020.05876034 2020.07793842 2020.09711651
 2020.11629459 2020.13547267 2020.15465075 2020.17382884 2020.19300692
 2020.212185   2020.23136308 2020.25054116 2020.26971925 2020.28889733
 2020.30807541 2020.32725349 2020.34643158 2020.36560966 2020.38478774
 2020.40396582 2020.4231439  2020.44232199 2020.46150007 2020.48067815
 2020.49985623 2020.51903432 2020.5382124  2020.55739048 2020.57656856
 2020.59574664 2020.61492473 2020.63410281 2020.65328089 2020.67245897
 2020.69163705 2020.71081514 2020.72999322 2020.7491713  2020.76834938
 2020.78752747 2020.80670555 2020.82588363 2020.84506171 2020.86423979
 2020.88341788 2020.90259596 2020.92177404 2020.94095212 2020.96013021
 2020.97930829 2020.99848637 2021.01766445 2021.03684253 2021.05602062
 2021.0751987  2021.09437678 2021.11355486 2021.13273295 2021.15191103
 2021.17108911 2021.19026719 2021.20944527 2021.22862336 2021.24780144
 2021.26697952 2021.2861576  2021.30533568 2021.32451377 2021.34369185
 2021.36286993 2021.38204801 2021.4012261  2021.42040418 2021.43958226
 2021.45876034 2021.47793842 2021.49711651 2021.51629459 2021.53547267
 2021.55465075 2021.57382884 2021.59300692 2021.612185   2021.63136308
 2021.65054116 2021.66971925 2021.68889733 2021.70807541 2021.72725349
 2021.74643158 2021.76560966 2021.78478774 2021.80396582 2021.8231439
 2021.84232199 2021.86150007 2021.88067815 2021.89985623 2021.91903432
 2021.9382124  2021.95739048 2021.97656856 2021.99574664 2022.01492473
 2022.03410281 2022.05328089 2022.07245897 2022.09163705 2022.11081514
 2022.12999322 2022.1491713  2022.16834938 2022.18752747 2022.20670555
 2022.22588363 2022.24506171 2022.26423979 2022.28341788 2022.30259596
 2022.32177404 2022.34095212 2022.36013021 2022.37930829 2022.39848637
 2022.420889  ]","[-68.02563045 -68.10839839 -68.18647933 -68.2758206  -68.39109922
 -68.5429371  -68.73592429 -68.96779119 -69.22983132 -69.5084237
 -69.78733225 -70.05033677 -70.28369741 -70.47803428 -70.62934153
 -70.73903508 -70.8131199  -70.86071388 -70.8922552  -70.91773556
 -70.94524669 -70.98001552 -71.02403431 -71.07611185 -71.13239481
 -71.18700595 -71.23278811 -71.26199578 -71.26693225 -71.24060222
 -71.17739691 -71.07389181 -70.9297651  -70.74872499 -70.53928553
 -70.31517551 -70.09514191 -69.90194533 -69.76054615 -69.69552211
 -69.72801572 -69.87262312 -70.1347186  -70.50870425 -70.97758019
 -71.5140383  -72.08304392 -72.64561645 -73.16330175 -73.60268872
 -73.93930658 -74.16028735 -74.26542971 -74.26650854 -74.18498723
 -74.04852686 -73.8868815  -73.72782874 -73.59374597 -73.4992958
 -73.45046667 -73.44497026 -73.47377321 -73.52337739 -73.57838557
 -73.62390647 -73.64744276 -73.64006448 -73.59683778 -73.51659585
 -73.40127    -73.25500593 -73.08330137 -72.89227365 -72.68812247
 -72.47675504 -72.26348267 -72.05271357 -71.84757621 -71.64949024
 -71.4577799  -71.26946433 -71.07938198 -70.88076811 -70.66631752
 -70.42964814 -70.16696881 -69.87863619 -69.57028117 -69.25319146
 -68.94375016 -68.66189821 -68.42877023 -68.26382726 -68.18198259
 -68.19116788 -68.29085204 -68.47177197 -68.71702545 -69.00434763
 -69.30922921 -69.60835505 -69.88277397 -70.1202689  -70.31653405
 -70.47497916 -70.60525352 -70.72080146 -70.8358858  -70.96268984
 -71.10897603 -71.27670111 -71.46177875 -71.65496437 -71.84361508
 -72.01394454 -72.15335237 -72.25236748 -72.30592489 -72.31381937
 -72.28033063 -72.21320668 -72.12226147 -72.01786992 -71.90962304
 -71.80532442 -71.71038378 -71.62757934 -71.55708186 -71.49660764
 -71.44160596 -71.38543627 -71.31956504 -71.2338805  -71.11724685
 -70.95839474 -70.74718621 -70.47616926 -70.1422378  -69.74811669
 -69.30334706 -68.82447593 -68.33425868 -67.85983065 -67.43001793
 -67.07210462 -66.80853379 -66.65408847 -66.61401617 -66.68345741
 -66.8483146  -67.08745349 -67.37589444 -67.68847195 -68.00336613
 -68.3048979  -68.58519194 -68.84441808 -69.08965687 -69.33265274
 -69.58689149 -69.8645567  -70.17390177 -70.5174705  -70.89143277
 -71.2860357  -71.68702117 -72.07767476 -72.44109857 -72.76227339
 -73.02960834 -73.23579194 -73.37792544 -73.45703348 -73.47718885
 -73.44449201 -73.36612551 -73.24963043 -73.10244991 -72.9316914
 -72.74399533 -72.545392   -72.34103676 -72.13481606 -71.92888805
 -71.723285   -71.51575993 -71.30203528 -71.07654381 -70.83364083
 -70.56914051 -70.28191679 -69.9752419  -69.65753555 -69.34228179
 -69.04699388 -68.79130566 -68.59445123 -68.47253255 -68.43604515
 -68.48813939 -68.62396371 -68.8312579  -69.0921297  -69.3857446
 -69.69145712 -69.99184659 -70.27509    -70.53630028 -70.77756889
 -71.00674619 -71.23520816 -71.4750587  -71.73627282 -72.02432079
 -72.33868827 -72.67253217 -73.01346367 -73.34529075 -73.65034056
 -73.91192741 -74.11654869 -74.25541353 -74.32518606 -74.32785147
 -74.26987058 -74.16088485 -74.01224063 -73.83562357 -73.64199005
 -73.4408822  -73.24011602 -73.04571507 -72.86195621 -72.69140851
 -72.53487327 -72.39124135 -72.25738233 -72.12816259 -71.99676499
 -71.85539068 -71.69635073 -71.51341305 -71.30323142 -71.06650927
 -70.8086706  -70.53976544 -70.27352883 -70.02565455 -69.81152039
 -69.64374318 -69.53001064 -69.47163111 -69.46312296 -69.49301244
 -69.54572125 -69.60432588 -69.65364063 -69.68312846 -69.68907027
 -69.67558748 -69.65428677 -69.64256801 -69.66087091 -69.72932329
 -69.86436857 -70.07594613 -70.36568848 -70.72641131 -71.14293807
 -71.59406985 -72.05532607 -72.50197601 -72.91187088 -73.26765957
 -73.55813405 -73.77860787 -73.93042244 -74.01980517 -74.05637236
 -74.05157207 -74.01730195 -73.96483848 -73.90410667 -73.84323152
 -73.78826458 -73.74298086 -73.70868525 -73.68403721 -73.6649723
 -73.64484398 -73.61491032 -73.56524233 -73.48603917 -73.36922351
 -73.2100839  -73.00866207 -72.77057384 -72.50701455 -72.23382711
 -71.96968285 -71.73360655 -71.54223007 -71.40724746 -71.33354417
 -71.31837911 -71.35182118 -71.41842598 -71.49987947 -71.57819269
 -71.63886364 -71.67346878 -71.68117482 -71.66894047 -71.65033217
 -71.64320293 -71.66661275 -71.73754838 -71.86804202 -72.06311991
 -72.31992448 -72.6280998  -72.97129685 -73.32948117 -73.68160254
 -74.0081631  -74.29328402 -74.52600333 -74.70071222 -74.81679131
 -74.87766146 -74.88951508 -74.86001477 -74.7971726  -74.70853661
 -74.6007038  -74.47908513 -74.34780427 -74.20960974 -74.06572578
 -73.91565351 -73.75699423 -73.58543363 -73.3950336  -73.17893504
 -72.9304936  -72.64473608 -72.31994141 -71.95904401 -71.57053112
 -71.16857413 -70.77222771 -70.40371108 -70.08595375 -69.83977081
 -69.68112477 -69.61894474 -69.65391966 -69.7785055  -69.97817797
 -70.23374261 -70.5242948  -70.83032114 -71.13637731 -71.4328923
 -71.71677713 -71.99077427 -72.26170527 -72.538      -72.82699023
 -73.13252291 -73.45332107 -73.78243693 -74.10783496 -74.41399602
 -74.68421024 -74.9031268  -75.05905978 -75.1457211  -75.16303797
 -75.11700947 -75.01871396 -74.88267199 -74.72490516 -74.56102824
 -74.40464324 -74.26621308 -74.15246396 -74.06626872 -74.00686979
 -73.97030562 -73.94991072 -73.93683029 -73.92055838 -73.88957063
 -73.83213697 -73.73738727 -73.59661035 -73.40470293 -73.16155525
 -72.87311373 -72.5518343  -72.21629446 -71.88984877 -71.59837785
 -71.36736292 -71.21867689 -71.16758668 -71.22047074 -71.37368373
 -71.61381534 -71.91938288 -72.26372031 -72.61863265 -72.95824317
 -73.26239548 -73.51907385 -73.72544489 -73.88739162 -74.01767421
 -74.13307903 -74.25107585 -74.38658832 -74.54941417 -74.74270326
 -74.96266459 -75.19950525 -75.43929993 -75.66639068 -75.86589247
 -76.02583763 -76.13865927 -76.20181216 -76.21760211 -76.19230383
 -76.13489274 -76.05561859 -75.96468823 -75.87122616 -75.78259819
 -75.70400474 -75.63832655 -75.58607498 -75.54537726 -75.51197158
 -75.47926391 -75.43856655 -75.37960444 -75.2914233  -75.16367328
 -74.98819786 -74.76070596 -74.48226807 -74.16026493 -73.80855848
 -73.44668375 -73.09805138 -72.78735091 -72.53751314 -72.36666215
 -72.28563954 -72.29648217 -72.39218864 -72.55786925 -72.77309769
 -73.0151025  -73.26224695 -73.49721986 -73.70937395 -73.89583323
 -74.06120002 -74.21594733 -74.3738343  -74.54883077 -74.75211801
 -74.98971225 -75.26109771 -75.55906798 -75.87074783 -76.17954182
 -76.51502135]","[-68.96924518 -69.0124979  -69.05842058 -69.1069807  -69.15813117
 -69.21181976 -69.26798407 -69.32655099 -69.38744339 -69.45057724
 -69.51585742 -69.58318206 -69.65244264 -69.72352346 -69.79630196
 -69.87064921 -69.94643023 -70.02350439 -70.10172582 -70.18094424
 -70.26100571 -70.34174443 -70.42301271 -70.50463036 -70.58643738
 -70.66826154 -70.74993448 -70.83128738 -70.91214283 -70.99233238
 -71.07168875 -71.15004063 -71.22722214 -71.30307116 -71.37742531
 -71.45012646 -71.52102732 -71.58997456 -71.6568266  -71.72144762
 -71.78370652 -71.8434783  -71.90064567 -71.95509802 -72.00673245
 -72.05545406 -72.10117609 -72.14382023 -72.18331675 -72.21960266
 -72.25262952 -72.28235348 -72.30874018 -72.33176395 -72.35141017
 -72.36767258 -72.38055388 -72.39006573 -72.39622863 -72.39907176
 -72.39863277 -72.39495756 -72.38810007 -72.37812192 -72.36509217
 -72.34908832 -72.33019308 -72.3084924  -72.28408226 -72.25706481
 -72.22754859 -72.19564066 -72.16145628 -72.12511472 -72.08673804
 -72.04645214 -72.00438254 -71.96065855 -71.91541232 -71.86877531
 -71.82087971 -71.77185794 -71.72184198 -71.67096321 -71.61935184
 -71.56713513 -71.51444187 -71.46139643 -71.40812014 -71.35473179
 -71.30134643 -71.24807689 -71.1950339  -71.14231624 -71.09002738
 -71.03826077 -70.9871117  -70.93666347 -70.8869983  -70.83819311
 -70.79031937 -70.74344484 -70.69763135 -70.65293575 -70.60941172
 -70.56710459 -70.52605338 -70.48630268 -70.44788392 -70.41082547
 -70.37515206 -70.34088439 -70.30803802 -70.27662744 -70.24666397
 -70.21814927 -70.19108914 -70.16548456 -70.14133141 -70.11862724
 -70.09736438 -70.07753157 -70.05911866 -70.04211493 -70.02650605
 -70.01227712 -69.9994115  -69.98789221 -69.97770348 -69.96882795
 -69.96124726 -69.9549436  -69.94989906 -69.94609593 -69.94351731
 -69.94214487 -69.94196186 -69.94295209 -69.94509938 -69.94838836
 -69.95280461 -69.9583334  -69.96496115 -69.97267169 -69.98145317
 -69.99129571 -70.00218472 -70.01410792 -70.02705312 -70.04100815
 -70.05596075 -70.07189846 -70.08880849 -70.10667641 -70.1254925
 -70.14523707 -70.1658967  -70.18745676 -70.2098986  -70.23320365
 -70.25735201 -70.28232287 -70.3080931  -70.33463441 -70.36192425
 -70.38993735 -70.41864271 -70.44800379 -70.47798882 -70.50856404
 -70.5396914  -70.57132808 -70.60343415 -70.63596574 -70.66887647
 -70.70211848 -70.73564206 -70.76939568 -70.80332621 -70.837379
 -70.87149643 -70.90562316 -70.93970124 -70.97366968 -71.00746856
 -71.04103719 -71.07431442 -71.1072389  -71.13974951 -71.17178537
 -71.20328589 -71.23419124 -71.26444272 -71.29398161 -71.32275333
 -71.35070512 -71.37778367 -71.40393746 -71.42912037 -71.4532872
 -71.4763954  -71.49840631 -71.51928668 -71.53900395 -71.55752937
 -71.57483675 -71.59091047 -71.60573127 -71.61928772 -71.63157379
 -71.64258763 -71.65232815 -71.66080365 -71.66802695 -71.67401348
 -71.67878115 -71.68235771 -71.68477244 -71.68606109 -71.68626299
 -71.68541796 -71.68357947 -71.68079309 -71.67711653 -71.67261182
 -71.66733886 -71.66136361 -71.65475452 -71.64758432 -71.63992882
 -71.63186267 -71.62346556 -71.61481831 -71.60599944 -71.59709248
 -71.58818289 -71.57935007 -71.57067975 -71.56225528 -71.5541587
 -71.54647012 -71.5392722  -71.53263851 -71.52665012 -71.52137771
 -71.51689306 -71.51326457 -71.51055712 -71.50883209 -71.50814703
 -71.50855605 -71.51010797 -71.51284765 -71.51681241 -71.52204302
 -71.52856301 -71.53640151 -71.54557768 -71.55610617 -71.56799454
 -71.58124737 -71.59586293 -71.6118326  -71.62914321 -71.64777653
 -71.66770866 -71.68891042 -71.71134747 -71.73498046 -71.75976517
 -71.78565268 -71.81258959 -71.84051822 -71.86937774 -71.89910132
 -71.92961997 -71.96086179 -71.99275156 -72.02521143 -72.0581612
 -72.09151868 -72.12520002 -72.15912005 -72.19319259 -72.22733086
 -72.26144779 -72.29545635 -72.32926996 -72.36280279 -72.39597009
 -72.42868857 -72.46087671 -72.49245505 -72.52334655 -72.55347685
 -72.58277457 -72.6111716  -72.63860333 -72.66500889 -72.6903314
 -72.71451818 -72.7375209  -72.7592958  -72.77980381 -72.79901068
 -72.8168871  -72.83340765 -72.84855594 -72.86231609 -72.87467939
 -72.88563911 -72.89520185 -72.90337314 -72.91016559 -72.91559076
 -72.91967235 -72.92244053 -72.92392087 -72.92415062 -72.92317063
 -72.92102381 -72.91775794 -72.9134244  -72.908078   -72.90177686
 -72.89458209 -72.88655752 -72.8777687  -72.86828535 -72.85817775
 -72.84751825 -72.83637906 -72.82483448 -72.81296025 -72.80083202
 -72.78852573 -72.77611684 -72.76368085 -72.7512934  -72.73902731
 -72.72695516 -72.71514849 -72.70367698 -72.69260837 -72.68200747
 -72.67193961 -72.66246494 -72.65364044 -72.64552279 -72.63816407
 -72.63161346 -72.6259163  -72.62111662 -72.61725351 -72.61436182
 -72.61247497 -72.61162147 -72.61182669 -72.61311287 -72.6154967
 -72.61899315 -72.62361266 -72.6293647  -72.6362517  -72.64427477
 -72.65343139 -72.66371677 -72.67512076 -72.68763328 -72.70123899
 -72.71592431 -72.73166519 -72.74844148 -72.76623012 -72.78500553
 -72.80473909 -72.82540665 -72.846969   -72.86939692 -72.89266056
 -72.91672199 -72.94154708 -72.96710147 -72.99334806 -73.02024984
 -73.04776967 -73.07587095 -73.10451575 -73.13366864 -73.1632929
 -73.19335218 -73.22381062 -73.25463346 -73.28578638 -73.31723624
 -73.3489491  -73.38089424 -73.41303939 -73.4453547  -73.47781093
 -73.51037972 -73.54303362 -73.57574611 -73.60849156 -73.64124525
 -73.67398341 -73.70668283 -73.73932162 -73.77187743 -73.80432957
 -73.83665602 -73.86883874 -73.90086064 -73.93270128 -73.96434077
 -73.99575763 -74.0269353  -74.05785886 -74.08851049 -74.11887014
 -74.14891934 -74.1786383  -74.20800881 -74.23701319 -74.26563649
 -74.29385275 -74.3216421  -74.34899093 -74.37587722 -74.40227927
 -74.42817341 -74.45354324 -74.47836255 -74.5026151  -74.52627511
 -74.54932232 -74.57173764 -74.59349894 -74.61457865 -74.63496351
 -74.65463194 -74.67356288 -74.69173622 -74.70913493 -74.72574328
 -74.74154284 -74.75652223 -74.77066536 -74.78396234 -74.79640411
 -74.80798472 -74.81869459 -74.82853531 -74.83750478 -74.84560496
 -74.85284349 -74.85922871 -74.8647695  -74.86948641 -74.87339177
 -74.87651064 -74.87887179 -74.88050244 -74.88143611 -74.88170945
 -74.88136553 -74.88044871 -74.87900972 -74.87710229 -74.87478426
 -74.87211868 -74.86917023 -74.86600844 -74.86270812 -74.85934479
 -74.85599854 -74.85275367 -74.84969665 -74.8469186  -74.8445133
 -74.846183  ]","[[], [], [], [], [], [], [], [], [], [], [], [], [], [], [], [], [], [], [], [], [], [], [], [], [], [], [], [], [], [], [], [], [], [], [], [], [], [], [], [], [], [], [], [], [], [], [], [], [], [], [], [], [], [], [], [], [], [], [], [], [], [], [], [], [], [], [], [], [], [], [], [], [], [], [], [], [], [], [], [], [], [], [], [], [], [], [], [], [], [], [], [], [], [], [], [], [], [], [], [], [], [], [], [], [], [], [], [], [], [], [], [], [], [], [], [], [], [], [], [], [], [], [], [], [], [], [], [], [], [], [], [], [], [], [], [], [], [], [], [], [], [], [], [], [], [], [], [], [], [], [], [], [], [], [], [], [], [], [], [], [], [], [], [], [], [], [], [], [], [], [], [], [], [], [], [], [], [], [], [], [], [], [], [], [], [], [], [], [], [], [], [], [], [], [], [], [], [], [], [], [], [], [], [], [], [], [], [], [], [], [], [], [], [], [], [], [], [], [], [], [], [], [], [], [], [], [], [], [], [], [], [], [], [], [], [], [], [], [], [], [], [], [], [], [], [], [], [], [], [], [], [], [], [], [], [], [], [], [], [], [], [], [], [], [], [], [], [], [], [], [], [], [], [], [], [], [], [], [], [], [], [], [], [], [], [], [], [], [], [], [], [], [], [], [], [], [], [], [], [], [], [], [], [], [], [], [], [], [], [], [], [], [], [], [], [], [], [], [], [], [], [], [], [], [], [], [], [], [], [], [], [], [], [], [], [], [], [], [], [], [], [], [], [], [], [], [], [], [], [], [], [], [], [], [], [], [], [], [], [], [], [], [], [], [], [], [], [], [], [], [], [], [], [], [], [], [], [], [], [], [], [], [], [], [], [], [], [], [], [], [], [], [], [], [], [], [], [], [], [], [], [], [], [], [], [], [], [], [], [], [], [], [], [], [], [], [], [], [], [], [], [], [], [], [], [], [], [-68.02563045190115], [-68.1083983868934], [-68.18647932725705], [-68.2758205986395], [-68.3910992215364], [-68.54293709938264], [-68.73592428820096], [-68.96779119048828], [-69.22983131549033], [-69.50842370032633], [-69.78733224652036], [-70.05033677012958], [-70.28369740544719, -70.47803428092372], [-70.62934152526857], [-70.73903508125727], [-70.81311990214137], [-70.86071387906163], [-70.89225520405779], [-70.91773555762713], [-70.94524668927457], [-70.9800155241143], [-71.02403430616683], [-71.07611185049178], [-71.13239480687284], [-71.18700594679213], [-71.23278811269864], [-71.26199578093976], [-71.26693224552552], [-71.2406022200018], [-71.17739691400755], [-71.07389181427371], [-70.92976509905786], [-70.7487249942194], [-70.53928552579815], [-70.31517550636039], [-70.09514191359833], [-69.90194532847666], [-69.76054615290971], [-69.69552210614879], [-69.72801572252057], [-69.87262311899805], [-70.13471859588056], [-70.50870424525887], [-70.97758018790805], [-71.51403829962518], [-72.08304391967684], [-72.6456164540439], [-73.16330175330626], [-73.60268872171862], [-73.93930658093588], [-74.16028735026173], [-74.26542970532863], [-74.26650854456284], [-74.18498722685199], [-74.0485268603956], [-73.88688149963598], [-73.72782874159023], [-73.59374596969491], [-73.49929579818138], [-73.45046667146839], [-73.44497025641422], [-73.47377320540905], [-73.52337739458063], [-73.57838557110622], [-73.62390647174608], [-73.64744276172112], [-73.6400644769235], [-73.59683777926232], [-73.5165958515371], [-73.40127000423976], [-73.25500592683218], [-73.08330137225478], [-72.89227365169118], [-72.68812246693072], [-72.47675503624905], [-72.26348266914425], [-72.05271357341203], [-71.84757620678032], [-71.64949024307394], [-71.45777990101031], [-71.26946432770586], [-71.07938197511142], [-70.8807681097196], [-70.66631752189176], [-70.4296481414357], [-70.16696880624737], [-69.87863618840312], [-69.57028116747622], [-69.25319145629653], [-68.94375016199196], [-68.66189821352626], [-68.42877022989788], [-68.26382726066723], [-68.18198259356349], [-68.19116787847467], [-68.29085204447036], [-68.47177196927609], [-68.71702545078077], [-69.0043476337452], [-69.3092292124701], [-69.6083550512425], [-69.88277396700478], [-70.12026890388262], [-70.31653405052839], [-70.4749791552046], [-70.60525352441731], [-70.7208014596182], [-70.83588580199451], [-70.96268983718267], [-71.10897603303864], [-71.27670110640913], [-71.46177875040696], [-71.65496436987931], [-71.84361508007173], [-72.0139445398101], [-72.1533523729311], [-72.252367483522], [-72.30592489203876], [-72.31381936610951], [-72.28033063018307], [-72.21320667569142], [-72.12226147337029], [-72.01786992400388], [-71.90962303915744], [-71.80532441997637], [-71.71038377561422], [-71.62757934452173], [-71.55708186496496], [-71.49660764190126], [-71.44160596317], [-71.38543626968205], [-71.3195650376377], [-71.2338805007753], [-71.117246851276], [-70.9583947419404], [-70.7471862120842], [-70.47616926246543], [-70.14223780462403], [-69.74811669104712], [-69.30334705500053], [-68.82447592857223], [-68.33425867746351], [-67.85983064917522], [-67.43001793302454], [-67.07210462294749], [-66.8085337904845], [-66.65408846962634], [-66.61401617026499], [-66.68345740927583], [-66.8483145997727], [-67.08745349137244], [-67.3758944380215], [-67.68847194718197], [-68.00336613240192], [-68.30489790150841], [-68.58519193791668], [-68.8444180786627], [-69.08965686653279], [-69.332652742725], [-69.58689149495713], [-69.86455670055375], [-70.17390176771276], [-70.51747049950013], [-70.89143277298243], [-71.28603569707556], [-71.68702117080707], [-72.07767475832469], [-72.44109857113979], [-72.76227339155952], [-73.02960834253183], [-73.23579193813312], [-73.37792543948451], [-73.45703347558792], [-73.47718885222814], [-73.44449200710751], [-73.3661255122691], [-73.24963043023675], [-73.10244991491045], [-72.93169140127351], [-72.74399532513526], [-72.5453920034664], [-72.34103676348026], [-72.13481605685858], [-71.92888805231794], [-71.72328500371674], [-71.51575992746122], [-71.30203527829863], [-71.07654380693099], [-70.8336408285453], [-70.56914051226804], [-70.2819167874955], [-69.97524190310378], [-69.65753554806514], [-69.34228179178596], [-69.04699387600049], [-68.79130565923002], [-68.59445122786961], [-68.47253254781839], [-68.43604515068758], [-68.48813938529614], [-68.62396371084559], [-68.83125790039965], [-69.09212969772331], [-69.38574460477453], [-69.69145711563061], [-69.99184658803814], [-70.27509000387154], [-70.53630028100343], [-70.77756888805455], [-71.00674618717682], [-71.23520815926169], [-71.475058702564], [-71.73627282299461], [-72.02432079350909], [-72.33868826541169], [-72.67253216741392], [-73.01346366672492], [-73.34529075380355], [-73.65034055748481], [-73.91192741231717], [-74.11654868699895], [-74.25541352808244], [-74.32518605670836], [-74.3278514657882], [-74.26987057965934], [-74.16088485222065], [-74.01224062774982], [-73.8356235670926], [-73.64199004764451], [-73.44088219839769], [-73.24011602466545], [-73.04571506538758], [-72.86195620664735], [-72.69140851454357], [-72.53487327177882], [-72.39124134911893], [-72.2573823253795], [-72.12816259318348], [-71.99676498538305], [-71.85539068438695], [-71.69635073483607], [-71.51341304505848], [-71.30323142194294], [-71.06650927031681], [-70.8086706036972], [-70.5397654374944], [-70.27352883418055], [-70.0256545533452], [-69.81152039364723], [-69.64374317919084], [-69.5300106352703], [-69.47163111263474], [-69.46312295698061], [-69.4930124413388], [-69.54572125454496], [-69.6043258772618], [-69.65364062859567], [-69.68312845902044], [-69.68907027334281], [-69.67558748184452], [-69.65428676636031], [-69.6425680112984], [-69.66087091438686], [-69.7293232878544], [-69.86436857312255], [-70.07594613125387], [-70.36568848427719], [-70.72641130992794], [-71.14293806841212], [-71.59406984773594], [-72.0553260730299], [-72.50197601368275], [-72.9118708756123], [-73.26765957156454], [-73.55813405270796], [-73.77860787424164], [-73.9304224385319], [-74.01980516673085], [-74.05637235649597], [-74.05157207105114], [-74.01730195373935], [-73.96483847557741], [-73.90410667439869], [-73.8432315234774], [-73.78826457899503], [-73.74298085999628], [-73.70868525000449], [-73.68403720623111], [-73.66497230248724], [-73.64484397542864], [-73.61491031994572], [-73.56524232535605], [-73.48603916598206], [-73.3692235079643], [-73.21008390053655], [-73.00866206552772], [-72.7705738431577], [-72.50701455154916], [-72.23382711332842], [-71.96968285436998], [-71.73360654746587], [-71.54223007243014], [-71.40724745631191], [-71.33354416838019], [-71.31837910786312], [-71.35182117828462], [-71.41842598337591], [-71.49987946775312], [-71.57819268555892], [-71.63886364047424], [-71.67346877559635], [-71.68117481662532], [-71.6689404662839], [-71.65033216719593], [-71.64320293269886], [-71.66661274812397], [-71.7375483799773], [-71.8680420187702], [-72.06311990524974], [-72.31992448353976], [-72.62809979607574], [-72.97129685386308], [-73.32948117250925], [-73.68160254448541], [-74.00816310384582], [-74.29328401644248], [-74.52600333342534], [-74.70071222236044], [-74.81679131492467], [-74.87766146062], [-74.88951507616753], [-74.86001476635376], [-74.79717260169926], [-74.70853661357948], [-74.60070380057026], [-74.47908512794461], [-74.34780427258639], [-74.20960973575406], [-74.06572578097325], [-73.91565350549455], [-73.75699423283956], [-73.58543362637423], [-73.39503359872727], [-73.17893503892002], [-72.93049360340622], [-72.64473607676685], [-72.31994141243881], [-71.95904401404617], [-71.57053111776482], [-71.16857412537225], [-70.77222770856264], [-70.40371108392151], [-70.08595374634682], [-69.8397708067702], [-69.6811247667049], [-69.61894473830473], [-69.65391965665924], [-69.77850550445778], [-69.97817797370207], [-70.23374260978316], [-70.52429479978845], [-70.83032114291268], [-71.13637730519528], [-71.43289230373378], [-71.71677712595354], [-71.99077427477512], [-72.26170526716072], [-72.53800000228841], [-72.82699023243586], [-73.13252291331341], [-73.45332106846935], [-73.78243692888881], [-74.107834958241], [-74.4139960208385], [-74.68421023892617], [-74.90312679519748], [-75.05905978018765, -75.14572110023917], [-75.16303796819038], [-75.11700946897255], [-75.01871395830831], [-74.8826719902161], [-74.72490515634343], [-74.56102823860103], [-74.40464324018512], [-74.26621307569873], [-74.15246395558319], [-74.06626871541378], [-74.00686978908419], [-73.97030562026276], [-73.9499107203811], [-73.9368302919695], [-73.9205583754182], [-73.88957063478891], [-73.83213697328273], [-73.73738726747347], [-73.59661035259687], [-73.40470292588364], [-73.16155525444415], [-72.87311372889751], [-72.55183429516399], [-72.21629445569697], [-71.88984876507169], [-71.59837785336799], [-71.36736291879498], [-71.21867688673518], [-71.1675866828472], [-71.2204707356001], [-71.37368373427162], [-71.61381534096658], [-71.91938288330049], [-72.26372030737883], [-72.61863265413174], [-72.95824317183605], [-73.262395478739], [-73.51907385169683], [-73.72544488810577], [-73.88739161688241], [-74.01767420919896], [-74.13307903170323], [-74.25107584806558], [-74.386588324279], [-74.5494141739956], [-74.74270326453272], [-74.96266459291854], [-75.1995052526247], [-75.43929992904127], [-75.66639067530818], [-75.86589246835294], [-76.02583762686163], [-76.13865927338398], [-76.20181216198563], [-76.21760211245723], [-76.19230383481802], [-76.13489274413229], [-76.05561859213385], [-75.96468822647621], [-75.87122615908258], [-75.78259818622543], [-75.70400473683866], [-75.63832654614035], [-75.58607498032708], [-75.54537725508557], [-75.51197157557182], [-75.47926390612795], [-75.43856655063327], [-75.37960444471442], [-75.29142330367758], [-75.16367327810528], [-74.98819786492838], [-74.7607059575107], [-74.48226806993169], [-74.16026492635874], [-73.80855847845264], [-73.44668374560669], [-73.09805137976008], [-72.78735090509407], [-72.5375131428875], [-72.36666215237443], [-72.2856395359337], [-72.29648217344203], [-72.39218863844746], [-72.55786924797833], [-72.77309768687988], [-73.01510249588596], [-73.26224695424158], [-73.49721985800299], [-73.7093739460272], [-73.8958332332539], [-74.06120001719096], [-74.21594733378113], [-74.37383430268346], [-74.54883076708312], [-74.75211800634881], [-74.98971224740103], [-75.26109770692455], [-75.55906797561488], [-75.87074782644864], [-76.17954182183087], [-76.51502135051503], [], [], [], [], [], [], [], [], [], [], [], [], [], [], [], [], [], [], [], [], [], [], [], [], [], [], [], [], [], [], [], [], [], [], [], [], [], [], [], [], [], [], [], [], [], [], [], [], [], [], [], [], [], [], [], [], [], [], [], [], [], [], [], [], [], [], [], [], [], [], [], [], [], [], [], [], [], [], [], [], [], [], [], [], [], [], [], [], [], [], [], [], [], [], [], [], [], [], [], [], [], [], [], [], [], [], []]","[[], [], [], [], [], [], [], [], [], [], [], [], [], [], [], [], [], [], [], [], [], [], [], [], [], [], [], [], [], [], [], [], [], [], [], [], [], [], [], [], [], [], [], [], [], [], [], [], [], [], [], [], [], [], [], [], [], [], [], [], [], [], [], [], [], [], [], [], [], [], [], [], [], [], [], [], [], [], [], [], [], [], [], [], [], [], [], [], [], [], [], [], [], [], [], [], [], [], [], [], [], [], [], [], [], [], [], [], [], [], [], [], [], [], [], [], [], [], [], [], [], [], [], [], [], [], [], [], [], [], [], [], [], [], [], [], [], [], [], [], [], [], [], [], [], [], [], [], [], [], [], [], [], [], [], [], [], [], [], [], [], [], [], [], [], [], [], [], [], [], [], [], [], [], [], [], [], [], [], [], [], [], [], [], [], [], [], [], [], [], [], [], [], [], [], [], [], [], [], [], [], [], [], [], [], [], [], [], [], [], [], [], [], [], [], [], [], [], [], [], [], [], [], [], [], [], [], [], [], [], [], [], [], [], [], [], [], [], [], [], [], [], [], [], [], [], [], [], [], [], [], [], [], [], [], [], [], [], [], [], [], [], [], [], [], [], [], [], [], [], [], [], [], [], [], [], [], [], [], [], [], [], [], [], [], [], [], [], [], [], [], [], [], [], [], [], [], [], [], [], [], [], [], [], [], [], [], [], [], [], [], [], [], [], [], [], [], [], [], [], [], [], [], [], [], [], [], [], [], [], [], [], [], [], [], [], [], [], [], [], [], [], [], [], [], [], [], [], [], [], [], [], [], [], [], [], [], [], [], [], [], [], [], [], [], [], [], [], [], [], [], [], [], [], [], [], [], [], [], [], [], [], [], [], [], [], [], [], [], [], [], [], [], [], [], [], [], [], [], [], [], [], [], [], [], [], [], [], [], [], [], [], [], [], [], [], [], [], [], [], [], [], [], [], [], [], [], [-68.96924518430112], [-69.01249790044282], [-69.05842058264591], [-69.10698069559727], [-69.15813116767535], [-69.21181975766324], [-69.2679840661375], [-69.32655098685689], [-69.38744339096577], [-69.45057724305299], [-69.51585741984965], [-69.58318206187255], [-69.65244263835403, -69.72352345516737], [-69.79630196225152], [-69.8706492141886], [-69.94643023144242], [-70.02350438775191], [-70.10172582224757], [-70.18094424030114], [-70.26100570543592], [-70.34174443452152], [-70.42301271304558], [-70.50463035743152], [-70.58643737909578], [-70.66826154035438], [-70.7499344847389], [-70.8312873768317], [-70.91214282689016], [-70.99233238250804], [-71.07168874880793], [-71.15004062976129], [-71.22722214097884], [-71.30307115760478], [-71.37742531411389], [-71.45012645609738], [-71.52102731896535], [-71.58997455523507], [-71.65682660253638], [-71.72144762015485], [-71.78370651835559], [-71.8434783034915], [-71.90064566506844], [-71.95509802109173], [-72.00673245311559], [-72.05545405625489], [-72.10117609095552], [-72.14382022555094], [-72.18331674615851], [-72.21960265620326], [-72.25262951784258], [-72.28235348333845], [-72.30874017507941], [-72.33176395029261], [-72.35141017038879], [-72.36767258232624], [-72.38055388151255], [-72.39006573135595], [-72.39622863232773], [-72.3990717590194], [-72.39863276618183], [-72.39495756487253], [-72.38810006997005], [-72.37812192043795], [-72.36509217383941], [-72.34908831646388], [-72.33019308346995], [-72.30849240020149], [-72.28408226321433], [-72.25706481238711], [-72.22754858635078], [-72.19564066452469], [-72.16145627584464], [-72.12511472075828], [-72.08673803918478], [-72.04645214033758], [-72.00438253607183], [-71.96065854729649], [-71.91541231640048], [-71.86877531097086], [-71.82087970908866], [-71.77185794347378], [-71.72184198374094], [-71.67096320866348], [-71.61935184077453], [-71.56713513133158], [-71.51444186724044], [-71.46139642603282], [-71.40812013819261], [-71.35473179100994], [-71.3013464328852], [-71.24807689049156], [-71.19503390481967], [-71.14231623634514], [-71.09002737614107], [-71.03826077293056], [-70.98711170059507], [-70.93666347412756], [-70.88699829528564], [-70.8381931089321], [-70.79031937113187], [-70.74344483803448], [-70.69763135185502], [-70.65293574674706], [-70.60941171985982], [-70.56710459398266], [-70.52605338012293], [-70.48630268109792], [-70.44788392351337], [-70.41082546568158], [-70.37515206368658], [-70.34088439238013], [-70.30803802417277], [-70.27662744191964], [-70.24666397259227], [-70.2181492700773], [-70.19108913584506], [-70.16548456298298], [-70.14133141168548], [-70.1186272371622], [-70.0973643819179], [-70.07753156902744], [-70.05911865981379], [-70.04211493199338], [-70.02650604603825], [-70.01227712151803], [-69.99941150402537], [-69.9878922054566], [-69.97770348325945], [-69.96882795068042], [-69.9612472617112], [-69.95494359995145], [-69.94989906469327], [-69.94609592808845], [-69.94351731247313], [-69.94214486928666], [-69.94196186444374], [-69.94295209369174], [-69.94509937680931], [-69.94838835956347], [-69.95280460733409], [-69.95833340213696], [-69.96496114712275], [-69.97267169074684], [-69.98145316725758], [-69.99129570576174], [-70.0021847197918], [-70.01410791711625], [-70.02705311646727], [-70.04100814940587], [-70.05596075445783], [-70.07189846461314], [-70.0888084893285], [-70.10667641011989], [-70.12549249861175], [-70.14523707425046], [-70.1658967013003], [-70.18745676277425], [-70.20989860161426], [-70.23320364878056], [-70.25735201457613], [-70.28232286649451], [-70.30809310270456], [-70.3346344057772], [-70.36192424830845], [-70.38993735490222], [-70.4186427097158], [-70.44800379462644], [-70.47798881820792], [-70.50856404110637], [-70.53969139602798], [-70.57132807877022], [-70.60343414967085], [-70.63596573546513], [-70.66887646931899], [-70.70211848324003], [-70.73564206181177], [-70.76939567536581], [-70.80332621205537], [-70.83737900383812], [-70.87149642543315], [-70.90562316407312], [-70.939701243729], [-70.97366968355071], [-71.00746855521174], [-71.04103719354025], [-71.07431442225591], [-71.10723890437079], [-71.13974950878416], [-71.17178536599623], [-71.20328589139015], [-71.23419123970737], [-71.26444271562472], [-71.29398161109764], [-71.32275332702191], [-71.3507051213559], [-71.3777836716117], [-71.40393746074649], [-71.42912037395043], [-71.4532872046651], [-71.47639539763844], [-71.49840631024004], [-71.51928667642254], [-71.5390039488937], [-71.55752936791464], [-71.5748367499523], [-71.59091047447211], [-71.60573126692026], [-71.61928771815785], [-71.6315737906272], [-71.64258763276258], [-71.6523281488395], [-71.66080365300944], [-71.66802694982738], [-71.67401348135444], [-71.67878114527525], [-71.68235771004409], [-71.68477243708882], [-71.68606108641569], [-71.68626298654256], [-71.68541795846483], [-71.68357947163294], [-71.68079309332998], [-71.67711653265125], [-71.67261182248102], [-71.66733885540475], [-71.66136361487617], [-71.6547545201852], [-71.6475843229616], [-71.63992882041818], [-71.63186266582544], [-71.62346556147777], [-71.61481831012223], [-71.6059994421985], [-71.59709248182726], [-71.58818288748711], [-71.57935006578792], [-71.57067975096847], [-71.56225527620063], [-71.55415869677792], [-71.54647011834248], [-71.53927219613361], [-71.53263850846318], [-71.5266501189654], [-71.52137770875832], [-71.5168930647105], [-71.5132645720774], [-71.5105571205576], [-71.5088320856878], [-71.50814702520545], [-71.50855604828223], [-71.51010796909407], [-71.51284764726847], [-71.51681240526145], [-71.52204301953016], [-71.52856301103893], [-71.5364015143446], [-71.54557768171391], [-71.55610616816503], [-71.56799453938244], [-71.58124736902201], [-71.59586292941405], [-71.61183259517539], [-71.62914321409966], [-71.64777653478647], [-71.66770865949559], [-71.68891041536659], [-71.71134746895375], [-71.73498046252946], [-71.75976517155235], [-71.78565268259439], [-71.81258959093535], [-71.84051821693993], [-71.86937774493073], [-71.89910132295856], [-71.92961996521827], [-71.9608617861466], [-71.99275156269903], [-72.02521143028137], [-72.05816119950228], [-72.09151868207273], [-72.1252000244136], [-72.15912004750373], [-72.19319259147404], [-72.22733086344093], [-72.26144778705972], [-72.29545635228064], [-72.32926996378949], [-72.36280278663283], [-72.39597008754305], [-72.42868857050485], [-72.46087670514], [-72.4924550465211], [-72.52334654507563], [-72.55347684528869], [-72.58277457197376], [-72.61117160293823], [-72.63860332694298], [-72.66500888592363], [-72.6903314005217], [-72.7145181780493], [-72.7375209021005], [-72.75929580310668], [-72.77980380922348], [-72.79901067703241], [-72.81688710162884], [-72.8334076498772], [-72.84855593965509], [-72.86231609285879], [-72.87467939019511], [-72.88563910651135], [-72.89520184677004], [-72.90337313991292], [-72.91016558635785], [-72.91559075852781], [-72.91967234629371], [-72.92244052615463], [-72.92392086805961], [-72.92415061897037], [-72.92317063059518], [-72.92102380906432], [-72.91775794116099], [-72.91342439748449], [-72.90807799876659], [-72.90177686116238], [-72.89458208910229], [-72.88655751656869], [-72.8777686997888], [-72.8682853495238], [-72.85817774558839], [-72.84751825012162], [-72.83637905598556], [-72.82483448419626], [-72.81296024511929], [-72.80083201989743], [-72.78852572618075], [-72.77611683687978], [-72.76368085493223], [-72.7512933974219], [-72.73902730988681], [-72.72695515758917], [-72.7151484880547], [-72.70367697858497], [-72.69260837345513], [-72.6820074650005], [-72.67193960929549], [-72.66246494288168], [-72.65364043938106], [-72.64552278763192], [-72.63816407059959], [-72.63161346062805], [-72.62591629580842], [-72.62111661908924], [-72.61725351143137], [-72.61436182356535], [-72.61247496748383], [-72.61162147485301], [-72.61182669111547], [-72.61311286631921], [-72.61549670099095], [-72.6189931454741], [-72.62361265723044], [-72.62936469924975], [-72.63625170091329], [-72.64427477295214], [-72.65343139313781], [-72.66371677269765], [-72.67512075642247], [-72.68763327965002], [-72.70123899367528], [-72.71592431180984], [-72.73166518608349], [-72.74844147722592], [-72.76623012338072], [-72.78500552947538], [-72.8047390898478], [-72.82540664960851], [-72.8469690047788, -72.86939691840868], [-72.8926605557044], [-72.91672198776462], [-72.94154707607935], [-72.96710146658418], [-72.99334805542085], [-73.02024983812801], [-73.04776966801582], [-73.07587095085711], [-73.10451574621514], [-73.13366864304996], [-73.16329290158174], [-73.19335218122163], [-73.22381061601095], [-73.25463346004882], [-73.2857863759322], [-73.31723624484563], [-73.34894910203518], [-73.38089423975022], [-73.41303938708458], [-73.44535469500173], [-73.47781093192458], [-73.51037972220794], [-73.54303362155717], [-73.57574610811243], [-73.60849156497164], [-73.64124525462013], [-73.67398340788816], [-73.70668283038583], [-73.73932162361896], [-73.77187742813044], [-73.80432957311008], [-73.8366560151811], [-73.8688387354981], [-73.90086064043678], [-73.93270128415425], [-73.96434076765917], [-73.99575763336047], [-74.02693529569541], [-74.05785886179997], [-74.0885104873017], [-74.1188701434249], [-74.14891933860014], [-74.17863829571499], [-74.20800880996747], [-74.23701319098758], [-74.2656364854184], [-74.29385275435696], [-74.32164209862772], [-74.34899093338026], [-74.37587721707202], [-74.40227927273412], [-74.42817341481889], [-74.45354323971428], [-74.47836254696483], [-74.50261509737648], [-74.52627511252429], [-74.54932232077032], [-74.57173763986518], [-74.59349893659065], [-74.61457865342705], [-74.63496351454728], [-74.65463194423394], [-74.67356287547756], [-74.69173621705035], [-74.70913492702532], [-74.72574327527292], [-74.7415428363807], [-74.7565222311075], [-74.77066535792731], [-74.78396234212656], [-74.7964041096124], [-74.80798471846182], [-74.81869459310232], [-74.82853531179374], [-74.83750478404868], [-74.84560495823582], [-74.852843487841], [-74.85922871323196], [-74.86476949840844], [-74.86948641067929], [-74.87339177424101], [-74.87651063590597], [-74.87887179341796], [-74.88050243525636], [-74.88143610806141], [-74.88170945497183], [-74.88136553246638], [-74.88044871410098], [-74.87900971557613], [-74.87710228987778], [-74.87478426161854], [-74.87211867641565], [-74.86917022782546], [-74.86600844480954], [-74.862708121277], [-74.85934478680167], [-74.8559985418486], [-74.85275366697917], [-74.84969665104119], [-74.84691859889304], [-74.84451330428058], [-74.84618300272972], [], [], [], [], [], [], [], [], [], [], [], [], [], [], [], [], [], [], [], [], [], [], [], [], [], [], [], [], [], [], [], [], [], [], [], [], [], [], [], [], [], [], [], [], [], [], [], [], [], [], [], [], [], [], [], [], [], [], [], [], [], [], [], [], [], [], [], [], [], [], [], [], [], [], [], [], [], [], [], [], [], [], [], [], [], [], [], [], [], [], [], [], [], [], [], [], [], [], [], [], [], [], [], [], [], [], []]",1.46698352902537,1.1901448742785485
smo,-14.25,"[2005.25746005 2005.27663813 2005.29581621 2005.31499429 2005.33417237
 2005.35335046 2005.37252854 2005.39170662 2005.4108847  2005.43006279
 2005.44924087 2005.46841895 2005.48759703 2005.50677511 2005.5259532
 2005.54513128 2005.56430936 2005.58348744 2005.60266553 2005.62184361
 2005.64102169 2005.66019977 2005.67937785 2005.69855594 2005.71773402
 2005.7369121  2005.75609018 2005.77526827 2005.79444635 2005.81362443
 2005.83280251 2005.85198059 2005.87115868 2005.89033676 2005.90951484
 2005.92869292 2005.947871   2005.96704909 2005.98622717 2006.00540525
 2006.02458333 2006.04376142 2006.0629395  2006.08211758 2006.10129566
 2006.12047374 2006.13965183 2006.15882991 2006.17800799 2006.19718607
 2006.21636416 2006.23554224 2006.25472032 2006.2738984  2006.29307648
 2006.31225457 2006.33143265 2006.35061073 2006.36978881 2006.3889669
 2006.40814498 2006.42732306 2006.44650114 2006.46567922 2006.48485731
 2006.50403539 2006.52321347 2006.54239155 2006.56156964 2006.58074772
 2006.5999258  2006.61910388 2006.63828196 2006.65746005 2006.67663813
 2006.69581621 2006.71499429 2006.73417237 2006.75335046 2006.77252854
 2006.79170662 2006.8108847  2006.83006279 2006.84924087 2006.86841895
 2006.88759703 2006.90677511 2006.9259532  2006.94513128 2006.96430936
 2006.98348744 2007.00266553 2007.02184361 2007.04102169 2007.06019977
 2007.07937785 2007.09855594 2007.11773402 2007.1369121  2007.15609018
 2007.17526827 2007.19444635 2007.21362443 2007.23280251 2007.25198059
 2007.27115868 2007.29033676 2007.30951484 2007.32869292 2007.347871
 2007.36704909 2007.38622717 2007.40540525 2007.42458333 2007.44376142
 2007.4629395  2007.48211758 2007.50129566 2007.52047374 2007.53965183
 2007.55882991 2007.57800799 2007.59718607 2007.61636416 2007.63554224
 2007.65472032 2007.6738984  2007.69307648 2007.71225457 2007.73143265
 2007.75061073 2007.76978881 2007.7889669  2007.80814498 2007.82732306
 2007.84650114 2007.86567922 2007.88485731 2007.90403539 2007.92321347
 2007.94239155 2007.96156964 2007.98074772 2007.9999258  2008.01910388
 2008.03828196 2008.05746005 2008.07663813 2008.09581621 2008.11499429
 2008.13417237 2008.15335046 2008.17252854 2008.19170662 2008.2108847
 2008.23006279 2008.24924087 2008.26841895 2008.28759703 2008.30677511
 2008.3259532  2008.34513128 2008.36430936 2008.38348744 2008.40266553
 2008.42184361 2008.44102169 2008.46019977 2008.47937785 2008.49855594
 2008.51773402 2008.5369121  2008.55609018 2008.57526827 2008.59444635
 2008.61362443 2008.63280251 2008.65198059 2008.67115868 2008.69033676
 2008.70951484 2008.72869292 2008.747871   2008.76704909 2008.78622717
 2008.80540525 2008.82458333 2008.84376142 2008.8629395  2008.88211758
 2008.90129566 2008.92047374 2008.93965183 2008.95882991 2008.97800799
 2008.99718607 2009.01636416 2009.03554224 2009.05472032 2009.0738984
 2009.09307648 2009.11225457 2009.13143265 2009.15061073 2009.16978881
 2009.1889669  2009.20814498 2009.22732306 2009.24650114 2009.26567922
 2009.28485731 2009.30403539 2009.32321347 2009.34239155 2009.36156964
 2009.38074772 2009.3999258  2009.41910388 2009.43828196 2009.45746005
 2009.47663813 2009.49581621 2009.51499429 2009.53417237 2009.55335046
 2009.57252854 2009.59170662 2009.6108847  2009.63006279 2009.64924087
 2009.66841895 2009.69325152]","[-69.06852496 -69.16701209 -69.28726826 -69.43056683 -69.59300357
 -69.76539552 -69.93445247 -70.08502628 -70.20300313 -70.27815784
 -70.30637157 -70.29060802 -70.24035696 -70.16958919 -70.09359351
 -70.02534583 -69.97220453 -69.93367821 -69.90084429 -69.85763372
 -69.78382215 -69.65919793 -69.46810431 -69.20344833 -68.86934803
 -68.48184478 -68.06747434 -67.65991422 -67.29529586 -67.00702548
 -66.82102058 -66.75222779 -66.80293177 -66.96308139 -67.21243207
 -67.52400034 -67.86807135 -68.21605105 -68.5434559  -68.83167948
 -69.06843382 -69.24707133 -69.36522474 -69.42329548 -69.4232823
 -69.36826896 -69.26265484 -69.11294975 -68.92877404 -68.72358377
 -68.51470275 -68.32239489 -68.16795881 -68.07109658 -68.04703713
 -68.10401063 -68.24166272 -68.45083195 -68.7148484  -69.0121789
 -69.31995487 -69.61771911 -69.89058535 -70.13120315 -70.34010141
 -70.52431571 -70.69460143 -70.86183942 -71.03340974 -71.21034976
 -71.38594806 -71.54612094 -71.67155576 -71.74118943 -71.7363621
 -71.64474552 -71.4632753  -71.19944535 -70.87067145 -70.5019059
 -70.1218757  -69.75875035 -69.43608688 -69.16975697 -68.96645243
 -68.82392959 -68.73282075 -68.67955021 -68.64965202 -68.63077635
 -68.61477447 -68.59850551 -68.58331987 -68.57348176 -68.57402383
 -68.58863075 -68.61810525 -68.65979437 -68.70809238 -68.75585361
 -68.79631356 -68.82498671 -68.84101479 -68.84757885 -68.85122732
 -68.86025174 -68.88249388 -68.92312898 -68.98299889 -69.0579558
 -69.13944533 -69.21626073 -69.27710675 -69.31339345 -69.32159141
 -69.30454603 -69.27136015 -69.235767   -69.21326116 -69.21755519
 -69.25711427 -69.33254523 -69.43546825 -69.54920834 -69.65126814
 -69.71716469 -69.72491235 -69.65927848 -69.51496314 -69.29805654
 -69.02546598 -68.72240704 -68.41843806 -68.14279886 -67.91993989
 -67.76606908 -67.68731754 -67.67978253 -67.73132219 -67.82463317
 -67.94091184 -68.0633269  -68.17962581 -68.28343204 -68.37410687
 -68.45537483 -68.53317233 -68.61331811 -68.69959596 -68.79269484
 -68.89019917 -68.9875494  -69.0796304  -69.1625099  -69.23480474
 -69.29826887 -69.35739587 -69.418154   -69.48612334 -69.56454676
 -69.65287182 -69.74617651 -69.83577297 -69.91087519 -69.96112926
 -69.97928608 -69.96350404 -69.91861627 -69.85597007 -69.79174921
 -69.7440286  -69.72908979 -69.75777195 -69.832645   -69.9466374
 -70.08353732 -70.22032956 -70.33101193 -70.3911776  -70.38249465
 -70.2961895  -70.13486243 -69.91227292 -69.6511118  -69.37921425
 -69.12494715 -68.91266779 -68.75910873 -68.67131049 -68.64645513
 -68.67348741 -68.73611858 -68.81650628 -68.89882399 -68.97200885
 -69.03121917 -69.07777915 -69.11778416 -69.15982512 -69.2124107
 -69.28171632 -69.37016186 -69.4760562  -69.59434059 -69.71808791
 -69.84031597 -69.95561441 -70.06112061 -70.15662783 -70.24377752
 -70.32465305 -70.40018289 -70.46886154 -70.52623313 -70.56538779
 -70.57846042 -70.55883638 -70.50355313 -70.4152788  -70.30328578
 -70.18302448 -70.0741975  -69.99757315 -69.97109246 -70.00602592
 -70.10399012 -70.25551362 -70.44056236 -70.63105682 -70.79501353
 -70.90160368 -70.89401798]","[-68.91559382 -68.91256697 -68.90927439 -68.9057642  -68.90209319
 -68.89831534 -68.89448405 -68.89065079 -68.88687757 -68.88321426
 -68.87971325 -68.87642952 -68.87341602 -68.87072442 -68.86840515
 -68.86650653 -68.86507776 -68.86416274 -68.8638041  -68.864043
 -68.86491774 -68.86646375 -68.86871354 -68.87169648 -68.87543825
 -68.87996193 -68.88528686 -68.89142827 -68.89839776 -68.90620649
 -68.91485287 -68.92433803 -68.93465868 -68.94580735 -68.95776958
 -68.97053301 -68.98407214 -68.99836565 -69.01338566 -69.02909914
 -69.04547033 -69.06245987 -69.0800249  -69.09811859 -69.11669186
 -69.13569308 -69.15506892 -69.17476056 -69.19470851 -69.21485111
 -69.23512487 -69.25546478 -69.27580456 -69.2960765  -69.31621306
 -69.33614585 -69.35580633 -69.37512612 -69.39403897 -69.41247721
 -69.43036902 -69.44765562 -69.46427471 -69.48016146 -69.49525684
 -69.50950479 -69.5228501  -69.53524267 -69.54663487 -69.55698142
 -69.56624097 -69.57437439 -69.5813512  -69.58713874 -69.59171547
 -69.59505817 -69.59715021 -69.59798329 -69.59753917 -69.59582177
 -69.5928362  -69.58858338 -69.58307875 -69.57633448 -69.56836946
 -69.55921104 -69.54888729 -69.53743182 -69.52488147 -69.51127742
 -69.4966647  -69.481092   -69.46461146 -69.44727845 -69.42915134
 -69.41029131 -69.39076207 -69.37062962 -69.34996199 -69.32882896
 -69.30730182 -69.28545306 -69.26335607 -69.24108493 -69.21871403
 -69.19631786 -69.1739707  -69.15174633 -69.12971775 -69.10795696
 -69.08653464 -69.06551991 -69.04498011 -69.02498052 -69.00558418
 -68.98685163 -68.96884076 -68.95160657 -68.93520105 -68.91967297
 -68.90506778 -68.89142746 -68.87879041 -68.86719138 -68.85666135
 -68.84722752 -68.83891323 -68.83173795 -68.82571728 -68.82086293
 -68.81718282 -68.81468099 -68.81335773 -68.81320971 -68.81422995
 -68.81640803 -68.81973013 -68.82417917 -68.82973498 -68.83637441
 -68.84407151 -68.85279768 -68.86252188 -68.87321075 -68.88482888
 -68.89733892 -68.91070184 -68.92487709 -68.93982233 -68.95549501
 -68.97185134 -68.9888481  -69.00643902 -69.02457743 -69.0432182
 -69.0623195  -69.08183018 -69.10170729 -69.12191063 -69.14239116
 -69.16310863 -69.18402001 -69.20509291 -69.22627257 -69.24753093
 -69.2688289  -69.29013085 -69.31140496 -69.33261884 -69.35373928
 -69.37473982 -69.39559284 -69.41627079 -69.43675339 -69.45701563
 -69.47703865 -69.49680287 -69.51629066 -69.53548532 -69.55437556
 -69.57294767 -69.59118535 -69.60907904 -69.62662082 -69.64380353
 -69.66061759 -69.67705328 -69.69310826 -69.70877516 -69.72405013
 -69.73892544 -69.75339541 -69.76745762 -69.78110858 -69.79433721
 -69.80714041 -69.81951761 -69.83146102 -69.84296315 -69.8540168
 -69.86461442 -69.87475217 -69.88441474 -69.89359431 -69.90228499
 -69.91047409 -69.9181488  -69.92529186 -69.93189688 -69.93794909
 -69.94343229 -69.94833106 -69.95262936 -69.95631061 -69.95935709
 -69.96175155 -69.96347667 -69.96451447 -69.96484688 -69.96445581
 -69.96332332 -69.96143205 -69.95876443 -69.9553035  -69.95103324
 -69.94593818 -69.94000368 -69.93321628 -69.9255637  -69.91703497
 -69.9076206  -69.89472961]","[[], [], [], [], [], [], [], [], [], [], [], [], [], [-69.06852496337262], [-69.16701208983008], [-69.2872682557135], [-69.43056682970018], [-69.5930035743241], [-69.7653955239228], [-69.93445247055479], [-70.08502627669434], [-70.20300312916919], [-70.27815783548847], [-70.30637156891825], [-70.29060801950918], [-70.24035695834434], [-70.16958918558785], [-70.09359350836941], [-70.02534582898436], [-69.97220453024391], [-69.93367820531094], [-69.90084429251665], [-69.85763372255091], [-69.78382215454067], [-69.65919792767129], [-69.4681043094649], [-69.20344832879682], [-68.86934803070542], [-68.48184478090283], [-68.06747434037902], [-67.65991422444718], [-67.295295857415], [-67.00702547768171], [-66.82102058466783], [-66.75222778728448], [-66.80293176552149], [-66.96308138625464], [-67.21243206504222], [-67.52400034048036], [-67.8680713478544], [-68.2160510475959], [-68.5434559005024], [-68.83167947658549], [-69.06843381596623], [-69.24707133281696], [-69.36522474199282], [-69.42329547510276], [-69.4232823049477], [-69.36826896151871], [-69.2626548380646], [-69.11294974694542], [-68.92877404332972], [-68.72358376763665], [-68.51470274751281], [-68.32239489302142], [-68.16795881106388], [-68.07109657780332], [-68.04703712558263], [-68.10401063060006], [-68.24166271783714], [-68.45083194663444], [-68.71484840242037], [-69.01217889965056], [-69.3199548718639], [-69.61771911347496], [-69.89058535068523], [-70.1312031474275], [-70.34010140889755], [-70.5243157112091], [-70.69460142517306], [-70.86183942407737], [-71.03340974163152], [-71.21034976053295], [-71.38594805779157], [-71.54612094250766], [-71.67155575541781], [-71.7411894349429], [-71.73636209684696], [-71.64474551550762], [-71.46327530233525], [-71.19944534979167], [-70.87067145262549], [-70.50190589620945], [-70.12187569992784], [-69.7587503467484], [-69.43608688412147], [-69.16975696522407], [-68.96645243478223], [-68.82392958965136], [-68.73282075138953], [-68.67955021249671], [-68.64965202338561], [-68.63077635301035], [-68.61477447387468], [-68.59850550653415], [-68.58331987070319], [-68.57348176423602], [-68.57402382569647], [-68.58863074925911], [-68.61810524848411], [-68.65979436788693], [-68.70809238192352], [-68.75585360824019], [-68.79631355905366], [-68.82498671109774], [-68.84101478821131], [-68.84757885201702], [-68.85122732088531], [-68.86025173774635], [-68.88249387974463], [-68.9231289788961], [-68.98299889227668], [-69.05795580048782], [-69.1394453282879], [-69.21626073117875], [-69.27710675230267], [-69.3133934484649], [-69.32159140548916], [-69.304546031195], [-69.27136015352039], [-69.23576700146008], [-69.21326116179223], [-69.21755518627707], [-69.25711427265706], [-69.33254523202199], [-69.4354682491446], [-69.54920834018881], [-69.65126814230503], [-69.71716468889126], [-69.72491235030292], [-69.65927847873215], [-69.51496314097457], [-69.29805654488557], [-69.02546597549532], [-68.7224070385506], [-68.41843806242362], [-68.1427988596247], [-67.91993988568551], [-67.76606907997403], [-67.68731754135416], [-67.67978253236691], [-67.73132219026184], [-67.8246331700543], [-67.94091184357085], [-68.06332690283419, -68.17962581242601], [-68.2834320417031], [-68.37410686838179], [-68.45537483444568], [-68.53317232554471], [-68.61331810959993], [-68.69959596271401], [-68.79269483609066], [-68.89019916647453], [-68.98754940417759], [-69.07963040153054], [-69.16250989502844], [-69.23480474429644], [-69.29826886667567], [-69.35739587272171], [-69.41815399606908], [-69.48612334108283], [-69.56454676259102], [-69.65287181985836], [-69.74617650612903], [-69.83577297434383], [-69.91087518780749], [-69.96112926472343], [-69.97928608479025], [-69.96350403755264], [-69.91861627414585], [-69.85597006730156], [-69.79174921131373], [-69.74402859797813], [-69.72908978571972], [-69.75777195393236], [-69.83264499909554], [-69.94663739687282], [-70.08353732048228], [-70.22032955903872], [-70.33101192761302], [-70.39117760162247], [-70.38249464526073], [-70.29618950007462], [-70.13486242607685], [-69.91227291545799], [-69.65111180113612], [-69.37921425268394], [-69.12494714994942], [-68.91266779302063], [-68.75910872836141], [-68.67131049297936], [-68.64645512706161], [-68.67348740860395], [-68.73611857540953], [-68.81650628224033], [-68.89882399165468], [-68.97200885173979], [-69.03121916726934], [-69.0777791497703], [-69.1177841637042], [-69.15982511648099], [-69.2124106983099], [-69.28171632397955], [-69.37016186183078], [-69.47605620078464], [-69.59434058519184], [-69.71808791200414], [-69.84031596978103], [-69.95561440857614], [-70.0611206083697], [-70.15662783085688], [-70.24377752085215], [-70.32465304980167], [-70.40018289322052], [-70.46886154048946], [-70.52623312758567], [-70.56538778766013], [-70.57846041694846], [-70.55883638126457], [-70.50355312943964], [-70.41527880384014], [-70.30328577788808], [-70.18302448180798], [-70.07419749823448], [-69.99757314739107], [-69.97109245643715], [-70.00602592075441], [-70.10399011788337], [-70.25551362441757], [-70.44056236076732], [-70.63105681583828], [-70.79501353066178], [-70.90160368066616], [], [-70.89401797879924], [], [], [], [], [], [], [], [], [], [], [], [], [], [], [], [], [], [], [], [], [], [], [], [], [], [], [], [], [], [], [], [], [], [], [], [], [], [], [], [], [], [], [], [], [], [], [], [], [], [], [], [], [], [], [], [], [], [], [], [], [], [], [], [], [], [], [], [], [], [], [], [], [], [], [], [], [], [], [], [], [], [], [], [], [], [], [], [], [], [], [], [], [], [], [], [], [], [], [], [], [], [], [], [], [], [], [], [], [], [], [], [], [], [], [], [], [], [], [], [], [], [], [], [], [], [], [], [], [], [], [], [], [], [], [], [], [], [], [], [], [], [], [], [], [], [], [], [], [], [], [], [], [], [], [], [], [], [], [], [], [], [], [], [], [], [], [], [], [], [], [], [], [], [], [], [], [], [], [], [], [], [], [], [], [], [], [], [], [], [], [], [], [], [], [], [], [], [], [], [], [], [], [], [], [], [], [], [], [], [], [], [], [], [], [], [], [], [], [], [], [], [], [], [], [], [], [], [], [], [], [], [], [], [], [], [], [], [], [], [], [], [], [], [], [], [], [], [], [], [], [], [], [], [], [], [], [], [], [], [], [], [], [], [], [], [], [], [], [], [], [], [], [], [], [], [], [], [], [], [], [], [], [], [], [], [], [], [], [], [], [], [], [], [], [], [], [], [], [], [], [], [], [], [], [], [], [], [], [], [], [], [], [], [], [], [], [], [], [], [], [], [], [], [], [], [], [], [], [], [], [], [], [], [], [], [], [], [], [], [], [], [], [], [], [], [], [], [], [], [], [], [], [], [], [], [], [], [], [], [], [], [], [], [], [], [], [], [], [], [], [], [], [], [], [], [], [], [], [], [], [], [], [], [], [], [], [], [], [], [], [], [], [], [], [], [], [], [], [], [], [], [], [], [], [], [], [], [], [], [], [], [], [], [], [], [], [], [], [], [], [], [], [], [], [], [], [], [], [], [], [], [], [], [], [], [], [], [], [], [], [], [], [], [], [], [], [], [], [], [], [], [], [], [], [], [], [], [], [], [], [], [], [], [], [], [], [], [], [], [], [], [], [], [], [], [], [], [], [], [], [], [], [], [], [], [], [], [], [], [], [], [], [], [], [], [], [], [], [], [], [], [], [], [], [], [], [], [], [], [], [], [], [], [], [], [], [], [], [], [], [], [], [], [], [], [], [], [], [], [], [], [], [], [], [], [], [], [], [], [], [], [], [], [], [], [], [], [], [], [], [], [], [], [], [], [], [], [], [], [], [], [], [], [], [], [], [], [], [], [], [], [], [], [], [], [], [], [], [], [], [], [], [], [], [], [], [], [], [], [], [], [], [], [], [], [], [], [], [], [], [], [], [], [], [], [], [], [], [], [], [], [], [], [], [], [], [], [], [], [], [], [], [], [], [], [], [], [], [], [], [], [], [], [], [], [], [], [], [], [], [], [], [], [], [], [], [], [], [], [], [], [], [], [], [], [], [], [], [], [], [], [], [], [], [], [], [], [], [], [], [], [], [], [], [], [], [], [], [], [], [], [], [], [], [], [], [], [], [], [], [], [], [], [], [], [], [], [], [], [], [], [], [], [], [], [], [], [], [], [], [], [], [], [], [], [], [], [], [], [], [], [], [], [], [], [], [], [], [], [], [], [], [], [], [], [], [], [], [], [], [], [], [], [], [], [], [], [], [], [], [], [], [], [], [], [], [], [], [], [], [], [], [], [], [], [], [], []]","[[], [], [], [], [], [], [], [], [], [], [], [], [], [-68.91559381565393], [-68.91256696570147], [-68.90927438735935], [-68.90576419656257], [-68.90209318608491], [-68.89831534059854], [-68.89448404912835], [-68.89065079259375], [-68.88687756514902], [-68.8832142582936], [-68.8797132524012], [-68.87642952301488], [-68.87341601824549], [-68.8707244201255], [-68.8684051494576], [-68.86650653333892], [-68.86507776029622], [-68.86416273865673], [-68.86380409519285], [-68.86404299752688], [-68.8649177356062], [-68.86646374902861], [-68.86871353612747], [-68.8716964813307], [-68.87543825437356], [-68.87996193263388], [-68.88528686378167], [-68.89142827067718], [-68.89839775629457], [-68.90620648748029], [-68.91485287050492], [-68.924338025643], [-68.93465867884177], [-68.94580735447438], [-68.95776957514886], [-68.9705330140192], [-68.984072143914], [-68.99836565117603], [-69.01338565588333], [-69.02909913952071], [-69.04547032898913], [-69.06245987318856], [-69.08002490266757], [-69.09811858974587], [-69.1166918649067], [-69.135693079739], [-69.15506892315376], [-69.17476055555338], [-69.19470851191623], [-69.21485110846032], [-69.23512486776795], [-69.25546477834854], [-69.27580455921414], [-69.2960764977477], [-69.31621306329704], [-69.33614585390701], [-69.35580633322391], [-69.37512612199896], [-69.39403897323784], [-69.41247720769609], [-69.43036902184605], [-69.44765562243182], [-69.46427471324117], [-69.48016146004422], [-69.49525684320992], [-69.5095047875101], [-69.52285010280596], [-69.53524266818931], [-69.54663487290243], [-69.55698142057372], [-69.56624096845351], [-69.57437438763296], [-69.58135119671448], [-69.58713873914675], [-69.59171547482772], [-69.59505817169524], [-69.59715021411854], [-69.59798329377445], [-69.59753916537042], [-69.59582176994859], [-69.59283620126395], [-69.58858338450145], [-69.58307874507689], [-69.57633447812951], [-69.5683694605153], [-69.55921104276686], [-69.54888729055189], [-69.53743182048092], [-69.52488147335976], [-69.51127741510749], [-69.49666469555518], [-69.48109200156728], [-69.46461146386011], [-69.44727844989691], [-69.42915134384864], [-69.41029131466918], [-69.3907620733856], [-69.37062962075106], [-69.34996198644806], [-69.32882896106616], [-69.30730182210506], [-69.28545305527841], [-69.26335607240706], [-69.24108492720175], [-69.2187140302371], [-69.19631786441482], [-69.173970702205], [-69.15174632593562], [-69.12971775237972], [-69.10795696285865], [-69.08653464004674], [-69.06551991261928], [-69.04498010884225], [-69.02498052014818], [-69.00558417568722], [-68.98685162878148], [-68.9688407561435], [-68.95160657065236], [-68.93520104840599], [-68.9196729706935], [-68.90506778145112], [-68.89142746068471], [-68.87879041425839], [-68.86719138036447], [-68.85666135290359], [-68.84722752191834], [-68.83891323113725], [-68.83173795260001], [-68.82571727825], [-68.820862928296], [-68.81718282101409], [-68.81468098608975], [-68.8133577345008], [-68.81320970706149], [-68.81422995365861], [-68.81640803364826], [-68.81973012948517], [-68.82417917281177], [-68.82973498217873], [-68.83637441151957], [-68.84407150845729], [-68.85279768148145, -68.86252187500038], [-68.87321075124505], [-68.88482887797855], [-68.89733892094851], [-68.91070184000935], [-68.92487708783565], [-68.93982233221894], [-68.95549501153916], [-68.97185133800751], [-68.98884809943877], [-69.00643901630448], [-69.02457743044715], [-69.04321819868507], [-69.06231949676763], [-69.0818301754073], [-69.1017072858802], [-69.12191062638982], [-69.14239115933], [-69.16310863017584], [-69.18402000584277], [-69.20509290668808], [-69.22627256866767], [-69.24753092739563], [-69.26882889817405], [-69.29013084707738], [-69.31140496311043], [-69.33261883979789], [-69.35373927655594], [-69.37473981955128], [-69.39559284316161], [-69.41627079427896], [-69.4367533887866], [-69.45701562554507], [-69.4770386470216], [-69.4968028707631], [-69.5162906575556], [-69.53548532295282], [-69.5543755634948], [-69.57294766503459], [-69.59118535047227], [-69.60907903676723], [-69.6266208186248], [-69.64380352822799], [-69.66061758509126], [-69.67705327759354], [-69.693108258691], [-69.7087751618336], [-69.72405013431899], [-69.7389254359268], [-69.75339541114064], [-69.7674576175541], [-69.78110858387394], [-69.7943372139792], [-69.80714041371104], [-69.81951760830034], [-69.83146102400329], [-69.84296314883926], [-69.85401679949058], [-69.8646144238814], [-69.87475217040299], [-69.88441473631255], [-69.89359431487006], [-69.90228498696003], [-69.9104740890342], [-69.91814880461648], [-69.92529186159288], [-69.93189688310022], [-69.93794908532809], [-69.94343228676156], [-69.94833105706155], [-69.95262935764347], [-69.95631060562017], [-69.95935709083564], [-69.96175154890184], [-69.96347666841186], [-69.9645144724525], [-69.96484687818645], [-69.9644558082065], [-69.9633233236092], [-69.96143205073778], [-69.95876442822532], [-69.95530349715531], [-69.95103323809764], [-69.94593817629061], [-69.94000367727587], [-69.93321627714707], [-69.92556369616248], [-69.91703497368687], [-69.90762060059421], [], [-69.89472961307875], [], [], [], [], [], [], [], [], [], [], [], [], [], [], [], [], [], [], [], [], [], [], [], [], [], [], [], [], [], [], [], [], [], [], [], [], [], [], [], [], [], [], [], [], [], [], [], [], [], [], [], [], [], [], [], [], [], [], [], [], [], [], [], [], [], [], [], [], [], [], [], [], [], [], [], [], [], [], [], [], [], [], [], [], [], [], [], [], [], [], [], [], [], [], [], [], [], [], [], [], [], [], [], [], [], [], [], [], [], [], [], [], [], [], [], [], [], [], [], [], [], [], [], [], [], [], [], [], [], [], [], [], [], [], [], [], [], [], [], [], [], [], [], [], [], [], [], [], [], [], [], [], [], [], [], [], [], [], [], [], [], [], [], [], [], [], [], [], [], [], [], [], [], [], [], [], [], [], [], [], [], [], [], [], [], [], [], [], [], [], [], [], [], [], [], [], [], [], [], [], [], [], [], [], [], [], [], [], [], [], [], [], [], [], [], [], [], [], [], [], [], [], [], [], [], [], [], [], [], [], [], [], [], [], [], [], [], [], [], [], [], [], [], [], [], [], [], [], [], [], [], [], [], [], [], [], [], [], [], [], [], [], [], [], [], [], [], [], [], [], [], [], [], [], [], [], [], [], [], [], [], [], [], [], [], [], [], [], [], [], [], [], [], [], [], [], [], [], [], [], [], [], [], [], [], [], [], [], [], [], [], [], [], [], [], [], [], [], [], [], [], [], [], [], [], [], [], [], [], [], [], [], [], [], [], [], [], [], [], [], [], [], [], [], [], [], [], [], [], [], [], [], [], [], [], [], [], [], [], [], [], [], [], [], [], [], [], [], [], [], [], [], [], [], [], [], [], [], [], [], [], [], [], [], [], [], [], [], [], [], [], [], [], [], [], [], [], [], [], [], [], [], [], [], [], [], [], [], [], [], [], [], [], [], [], [], [], [], [], [], [], [], [], [], [], [], [], [], [], [], [], [], [], [], [], [], [], [], [], [], [], [], [], [], [], [], [], [], [], [], [], [], [], [], [], [], [], [], [], [], [], [], [], [], [], [], [], [], [], [], [], [], [], [], [], [], [], [], [], [], [], [], [], [], [], [], [], [], [], [], [], [], [], [], [], [], [], [], [], [], [], [], [], [], [], [], [], [], [], [], [], [], [], [], [], [], [], [], [], [], [], [], [], [], [], [], [], [], [], [], [], [], [], [], [], [], [], [], [], [], [], [], [], [], [], [], [], [], [], [], [], [], [], [], [], [], [], [], [], [], [], [], [], [], [], [], [], [], [], [], [], [], [], [], [], [], [], [], [], [], [], [], [], [], [], [], [], [], [], [], [], [], [], [], [], [], [], [], [], [], [], [], [], [], [], [], [], [], [], [], [], [], [], [], [], [], [], [], [], [], [], [], [], [], [], [], [], [], [], [], [], [], [], [], [], [], [], [], [], [], [], [], [], [], [], [], [], [], [], [], [], [], [], [], [], [], [], [], [], [], [], [], [], [], [], [], [], [], [], [], [], [], [], [], [], [], [], [], [], [], [], [], [], [], [], [], [], [], [], [], [], [], [], [], [], [], [], [], [], [], [], [], [], [], [], [], [], [], [], [], [], [], [], [], [], [], [], [], [], [], [], [], [], [], [], [], [], [], [], [], [], [], [], [], [], [], [], [], [], [], [], [], [], [], [], [], [], [], [], [], [], [], [], [], [], [], [], [], [], [], [], [], [], [], [], [], [], []]",0.05530987182318457,0.08893766826583883
smoIMAU,-14.25,"[2022.10411    2022.12328808 2022.14246616 2022.16164425 2022.18082233
 2022.20000041 2022.21917849 2022.23835658 2022.25753466 2022.27671274
 2022.29589082 2022.3150689  2022.33424699 2022.35342507 2022.37260315
 2022.39178123 2022.41095932 2022.4301374  2022.44931548 2022.46849356
 2022.48767164 2022.50684973 2022.52602781 2022.54520589 2022.56438397
 2022.58356205 2022.60274014 2022.62191822 2022.6410963  2022.66027438
 2022.67945247 2022.69863055 2022.71780863 2022.73698671 2022.75616479
 2022.77534288 2022.79452096 2022.81369904 2022.83287712 2022.85205521
 2022.87123329 2022.89041137 2022.90958945 2022.92876753 2022.94794562
 2022.9671237  2022.98630178 2023.00547986 2023.02465795 2023.04383603
 2023.06301411 2023.08219219 2023.10137027 2023.12054836 2023.13972644
 2023.15890452 2023.1780826  2023.19726068 2023.21643877 2023.23561685
 2023.25479493 2023.27397301 2023.2931511  2023.31232918 2023.33150726
 2023.35068534 2023.36986342 2023.38904151 2023.40821959 2023.42739767
 2023.44657575 2023.46575384 2023.48493192 2023.50411    2023.52328808
 2023.54246616 2023.56164425 2023.58082233 2023.60000041 2023.61917849
 2023.63835658 2023.65753466 2023.67671274 2023.69589082 2023.7150689
 2023.73424699 2023.75342507 2023.77260315 2023.79178123 2023.81095932
 2023.8301374  2023.84931548 2023.86849356 2023.88767164 2023.90684973
 2023.92602781 2023.94520589 2023.96438397 2023.98356205 2024.00274014
 2024.02191822 2024.0410963  2024.06027438 2024.07945247 2024.09863055
 2024.11780863 2024.13698671 2024.15616479 2024.17534288 2024.19452096
 2024.21369904 2024.23287712 2024.248634  ]","[-77.50201138 -77.60618316 -77.61823162 -77.56358572 -77.47831756
 -77.40125294 -77.36576868 -77.3930486  -77.48821905 -77.64012636
 -77.82470024 -78.0110549  -78.16888933 -78.27548962 -78.32076381
 -78.3092187  -78.25850595 -78.19495542 -78.14719609 -78.13938468
 -78.18562641 -78.28687023 -78.43096582 -78.59582181 -78.75487867
 -78.88357136 -78.9652359  -78.99505637 -78.98111681 -78.94229079
 -78.90351826 -78.88954299 -78.9186477  -78.99788396 -79.12096676
 -79.2693875  -79.41653849 -79.53392644 -79.59803499 -79.59623803
 -79.53034255 -79.41683023 -79.28368924 -79.1644607  -79.09076617
 -79.08501663 -79.15495431 -79.2913216  -79.46925435 -79.65320322
 -79.80436495 -79.88905652 -79.88621302 -79.79237601 -79.62306794
 -79.41020808 -79.19609754 -79.0252411  -78.93572529 -78.95196138
 -79.08029471 -79.30834278 -79.60811626 -79.94213597 -80.27117254
 -80.56187338 -80.79264163 -80.95656212 -81.06087814 -81.12327566
 -81.16601025 -81.20932837 -81.26577657 -81.33673858 -81.41199488
 -81.47235099 -81.49465275 -81.45793813 -81.34920722 -81.16737855
 -80.92443594 -80.64343981 -80.35382105 -80.08503247 -79.86003778
 -79.69018808 -79.5727248  -79.4915383  -79.42109019 -79.33263045
 -79.20132168 -79.01261883 -78.76639837 -78.47783731 -78.17475455
 -77.89192926 -77.66361494 -77.51590543 -77.46065932 -77.4923786
 -77.5888103  -77.7151673  -77.83115784 -77.89926427 -77.89255821
 -77.8003006  -77.63013152 -77.40637997 -77.16489838 -76.94547151
 -76.78353548 -76.70294332 -76.70089957]","[-76.88064988 -76.96769945 -77.05332125 -77.13755478 -77.22043847
 -77.30200965 -77.3823044  -77.46135748 -77.53920226 -77.61587062
 -77.69139289 -77.76579774 -77.83911217 -77.91136139 -77.98256878
 -78.05275585 -78.12194215 -78.19014523 -78.25738064 -78.32366184
 -78.38900018 -78.45340489 -78.51688303 -78.57943949 -78.64107742
 -78.70179747 -78.76159694 -78.82047127 -78.8784183  -78.93542453
 -78.99148207 -79.04657844 -79.10069902 -79.15382778 -79.20594577
 -79.25703155 -79.30706226 -79.35601547 -79.40386348 -79.45057534
 -79.49612734 -79.54048707 -79.58361712 -79.62548599 -79.66605825
 -79.70529705 -79.74316342 -79.77961982 -79.8146248  -79.84813711
 -79.88011391 -79.91051392 -79.93929452 -79.96641019 -79.99181752
 -80.01547349 -80.03733286 -80.05735012 -80.07548078 -80.09168059
 -80.10590549 -80.11811073 -80.1282558  -80.13629606 -80.142189
 -80.14589376 -80.1473699  -80.14657551 -80.14347621 -80.13803427
 -80.13021276 -80.11997675 -80.10729393 -80.09213178 -80.07445996
 -80.05425055 -80.03147727 -80.00611477 -79.97813998 -79.94753164
 -79.91426966 -79.87833651 -79.83971794 -79.79840245 -79.75437784
 -79.70763288 -79.65816245 -79.60596189 -79.55103018 -79.49336515
 -79.43296769 -79.36984405 -79.30400061 -79.23544415 -79.16418473
 -79.09023582 -79.01361205 -78.93433096 -78.85241098 -78.76786897
 -78.68073227 -78.59102249 -78.49877086 -78.40399819 -78.30673459
 -78.20701553 -78.10487482 -78.00033808 -77.89344865 -77.78424082
 -77.67275195 -77.55902158 -77.46086586]","[[], [], [], [], [], [], [], [], [], [], [], [], [], [], [], [], [], [], [], [], [], [], [], [], [], [], [], [], [], [], [], [], [], [], [], [], [], [], [], [], [], [], [], [], [], [], [], [], [], [], [], [], [], [], [], [], [], [], [], [], [], [], [], [], [], [], [], [], [], [], [], [], [], [], [], [], [], [], [], [], [], [], [], [], [], [], [], [], [], [], [], [], [], [], [], [], [], [], [], [], [], [], [], [], [], [], [], [], [], [], [], [], [], [], [], [], [], [], [], [], [], [], [], [], [], [], [], [], [], [], [], [], [], [], [], [], [], [], [], [], [], [], [], [], [], [], [], [], [], [], [], [], [], [], [], [], [], [], [], [], [], [], [], [], [], [], [], [], [], [], [], [], [], [], [], [], [], [], [], [], [], [], [], [], [], [], [], [], [], [], [], [], [], [], [], [], [], [], [], [], [], [], [], [], [], [], [], [], [], [], [], [], [], [], [], [], [], [], [], [], [], [], [], [], [], [], [], [], [], [], [], [], [], [], [], [], [], [], [], [], [], [], [], [], [], [], [], [], [], [], [], [], [], [], [], [], [], [], [], [], [], [], [], [], [], [], [], [], [], [], [], [], [], [], [], [], [], [], [], [], [], [], [], [], [], [], [], [], [], [], [], [], [], [], [], [], [], [], [], [], [], [], [], [], [], [], [], [], [], [], [], [], [], [], [], [], [], [], [], [], [], [], [], [], [], [], [], [], [], [], [], [], [], [], [], [], [], [], [], [], [], [], [], [], [], [], [], [], [], [], [], [], [], [], [], [], [], [], [], [], [], [], [], [], [], [], [], [], [], [], [], [], [], [], [], [], [], [], [], [], [], [], [], [], [], [], [], [], [], [], [], [], [], [], [], [], [], [], [], [], [], [], [], [], [], [], [], [], [], [], [], [], [], [], [], [], [], [], [], [], [], [], [], [], [], [], [], [], [], [], [], [], [], [], [], [], [], [], [], [], [], [], [], [], [], [], [], [], [], [], [], [], [], [], [], [], [], [], [], [], [], [], [], [], [], [], [], [], [], [], [], [], [], [], [], [], [], [], [], [], [], [], [], [], [], [], [], [], [], [], [], [], [], [], [], [], [], [], [], [], [], [], [], [], [], [], [], [], [], [], [], [], [], [], [], [], [], [], [], [], [], [], [], [], [], [], [], [], [], [], [], [], [], [], [], [], [], [], [], [], [], [], [], [], [], [], [], [], [], [], [], [], [], [], [], [], [], [], [], [], [], [], [], [], [], [], [], [], [], [], [], [], [], [], [], [], [], [], [], [], [], [], [], [], [], [], [], [], [], [], [], [], [], [], [], [], [], [], [], [], [], [], [], [], [], [], [], [], [], [], [], [], [], [], [], [], [], [], [], [], [], [], [], [], [], [], [], [], [], [], [], [], [], [], [], [], [], [], [], [], [], [], [], [], [], [], [], [], [], [], [], [], [], [], [], [], [], [], [], [], [], [], [], [], [], [], [], [], [], [], [], [], [], [], [], [], [], [], [], [], [], [], [], [], [], [], [], [], [], [], [], [], [], [], [], [], [], [], [], [], [], [], [], [], [], [], [], [], [], [], [], [], [], [], [], [], [], [], [], [], [], [], [], [], [], [], [], [], [], [], [], [], [], [], [], [], [], [], [], [], [], [], [], [], [], [], [], [], [], [], [], [], [], [], [], [], [], [], [], [], [], [], [], [], [], [], [], [], [], [], [], [], [], [], [], [], [], [], [], [], [], [], [], [], [], [], [], [], [], [], [], [], [], [], [], [], [], [], [], [], [], [], [], [], [], [], [], [], [], [], [], [], [], [], [], [], [], [], [], [], [], [], [], [], [], [], [], [], [], [], [], [], [], [], [], [], [], [], [], [], [], [], [], [], [], [], [], [], [], [], [], [], [], [], [], [], [], [], [], [], [], [], [], [], [], [], [], [], [], [], [], [], [], [], [], [], [], [], [], [], [], [], [], [], [], [], [], [], [], [-77.50201137933111], [-77.6061831644604], [-77.61823162191799], [-77.5635857155538], [-77.4783175646549], [-77.40125294123813], [-77.36576868474984], [-77.39304860149022], [-77.48821905465915], [-77.64012636499648], [-77.82470023696598], [-78.0110548970052], [-78.16888932545096], [-78.27548961523756], [-78.32076380974519], [-78.30921870308698], [-78.25850595253416], [-78.19495542281855], [-78.14719609299195], [-78.13938468296105], [-78.18562641248667], [-78.28687023155987], [-78.43096582260448], [-78.5958218073421], [-78.7548786685297], [-78.88357135729389], [-78.96523590137083], [-78.99505637005092], [-78.9811168058666], [-78.94229078693724], [-78.90351826089713], [-78.88954299196656], [-78.9186476977026], [-78.99788396478236], [-79.12096676018224], [-79.269387497604], [-79.41653848914015], [-79.53392644159705], [-79.59803499466508], [-79.59623802537669], [-79.53034255383226], [-79.41683023134101], [-79.28368923743653], [-79.16446069834578], [-79.09076616501869], [-79.0850166326858], [-79.15495431105126], [-79.2913215973242], [-79.469254346091], [-79.65320322361434], [-79.80436495309844], [-79.88905652271447], [-79.88621302034359], [-79.79237600718938], [-79.62306794426141], [-79.41020807533737], [-79.19609754362655], [-79.02524109770832], [-78.93572528737025], [-78.95196137853226], [-79.08029471124831], [-79.3083427787566], [-79.60811626457222], [-79.94213596877155], [-80.27117253782723], [-80.56187338183149], [-80.79264163019133], [-80.95656212289569], [-81.06087814176796], [-81.12327566231951], [-81.16601024975891], [-81.20932836611038], [-81.26577656700168], [-81.33673857626627], [-81.41199487628137], [-81.47235099035552], [-81.49465275160232], [-81.45793812526881], [-81.34920721646928], [-81.16737855161425], [-80.92443594239394], [-80.64343980981769], [-80.35382104664806], [-80.08503246719607], [-79.86003777671164], [-79.69018808027899], [-79.57272479712073], [-79.49153830204929], [-79.4210901927177], [-79.33263045307207], [-79.20132168369102], [-79.01261883015826], [-78.7663983697197], [-78.4778373110848], [-78.17475454676318], [-77.89192925759832], [-77.66361493771059], [-77.51590542913227], [-77.46065932119609], [-77.49237859657435], [-77.58881030266973], [-77.71516729604109], [-77.83115783937171], [-77.89926426783771], [-77.89255820978178], [-77.8003006043903], [-77.63013152197318], [-77.40637996992587], [-77.16489838178535], [-76.9454715053044], [-76.78353548140868], [-76.70294331898927, -76.70089956599342], [], [], [], [], [], [], [], [], [], [], [], []]","[[], [], [], [], [], [], [], [], [], [], [], [], [], [], [], [], [], [], [], [], [], [], [], [], [], [], [], [], [], [], [], [], [], [], [], [], [], [], [], [], [], [], [], [], [], [], [], [], [], [], [], [], [], [], [], [], [], [], [], [], [], [], [], [], [], [], [], [], [], [], [], [], [], [], [], [], [], [], [], [], [], [], [], [], [], [], [], [], [], [], [], [], [], [], [], [], [], [], [], [], [], [], [], [], [], [], [], [], [], [], [], [], [], [], [], [], [], [], [], [], [], [], [], [], [], [], [], [], [], [], [], [], [], [], [], [], [], [], [], [], [], [], [], [], [], [], [], [], [], [], [], [], [], [], [], [], [], [], [], [], [], [], [], [], [], [], [], [], [], [], [], [], [], [], [], [], [], [], [], [], [], [], [], [], [], [], [], [], [], [], [], [], [], [], [], [], [], [], [], [], [], [], [], [], [], [], [], [], [], [], [], [], [], [], [], [], [], [], [], [], [], [], [], [], [], [], [], [], [], [], [], [], [], [], [], [], [], [], [], [], [], [], [], [], [], [], [], [], [], [], [], [], [], [], [], [], [], [], [], [], [], [], [], [], [], [], [], [], [], [], [], [], [], [], [], [], [], [], [], [], [], [], [], [], [], [], [], [], [], [], [], [], [], [], [], [], [], [], [], [], [], [], [], [], [], [], [], [], [], [], [], [], [], [], [], [], [], [], [], [], [], [], [], [], [], [], [], [], [], [], [], [], [], [], [], [], [], [], [], [], [], [], [], [], [], [], [], [], [], [], [], [], [], [], [], [], [], [], [], [], [], [], [], [], [], [], [], [], [], [], [], [], [], [], [], [], [], [], [], [], [], [], [], [], [], [], [], [], [], [], [], [], [], [], [], [], [], [], [], [], [], [], [], [], [], [], [], [], [], [], [], [], [], [], [], [], [], [], [], [], [], [], [], [], [], [], [], [], [], [], [], [], [], [], [], [], [], [], [], [], [], [], [], [], [], [], [], [], [], [], [], [], [], [], [], [], [], [], [], [], [], [], [], [], [], [], [], [], [], [], [], [], [], [], [], [], [], [], [], [], [], [], [], [], [], [], [], [], [], [], [], [], [], [], [], [], [], [], [], [], [], [], [], [], [], [], [], [], [], [], [], [], [], [], [], [], [], [], [], [], [], [], [], [], [], [], [], [], [], [], [], [], [], [], [], [], [], [], [], [], [], [], [], [], [], [], [], [], [], [], [], [], [], [], [], [], [], [], [], [], [], [], [], [], [], [], [], [], [], [], [], [], [], [], [], [], [], [], [], [], [], [], [], [], [], [], [], [], [], [], [], [], [], [], [], [], [], [], [], [], [], [], [], [], [], [], [], [], [], [], [], [], [], [], [], [], [], [], [], [], [], [], [], [], [], [], [], [], [], [], [], [], [], [], [], [], [], [], [], [], [], [], [], [], [], [], [], [], [], [], [], [], [], [], [], [], [], [], [], [], [], [], [], [], [], [], [], [], [], [], [], [], [], [], [], [], [], [], [], [], [], [], [], [], [], [], [], [], [], [], [], [], [], [], [], [], [], [], [], [], [], [], [], [], [], [], [], [], [], [], [], [], [], [], [], [], [], [], [], [], [], [], [], [], [], [], [], [], [], [], [], [], [], [], [], [], [], [], [], [], [], [], [], [], [], [], [], [], [], [], [], [], [], [], [], [], [], [], [], [], [], [], [], [], [], [], [], [], [], [], [], [], [], [], [], [], [], [], [], [], [], [], [], [], [], [], [], [], [], [], [], [], [], [], [], [], [], [], [], [], [], [], [], [], [], [], [], [], [], [], [], [], [], [], [], [], [], [], [], [], [], [], [], [], [], [], [], [], [], [], [], [], [], [], [], [], [], [], [], [], [], [], [], [], [], [], [], [], [], [], [], [], [], [], [], [], [], [], [], [], [], [], [], [], [], [], [], [], [], [], [], [], [], [], [], [], [], [], [], [], [], [], [], [], [], [], [], [], [], [-76.88064987576821], [-76.96769945182088], [-77.05332125269217], [-77.13755477573274], [-77.22043847203842], [-77.30200965352434], [-77.38230440263663], [-77.46135748494288], [-77.53920226480189], [-77.61587062434043], [-77.69139288591496], [-77.76579773827075], [-77.83911216657047], [-77.91136138648635], [-77.98256878250189], [-78.05275585059691], [-78.12194214545819], [-78.19014523234762], [-78.25738064376824], [-78.32366184102301], [-78.38900018078418], [-78.45340488675242], [-78.51688302649734], [-78.57943949352695], [-78.64107742274899], [-78.70179746956916], [-78.7615969423621], [-78.82047127046538], [-78.87841829899611], [-78.93542452691855], [-78.99148207480575], [-79.04657843775323], [-79.10069901527088], [-79.15382777683601], [-79.20594577466082], [-79.25703155105286], [-79.30706225736616], [-79.35601547133315], [-79.4038634802524], [-79.45057534009025], [-79.49612733528895], [-79.54048706782739], [-79.58361712429169], [-79.62548598835023], [-79.66605824780328], [-79.70529705193805], [-79.74316342411544], [-79.77961981880269], [-79.81462479825232], [-79.84813710988824], [-79.8801139092309], [-79.91051392385755], [-79.93929452044857], [-79.96641019123048], [-79.9918175236263], [-80.01547349180355], [-80.03733286363352], [-80.05735012397233], [-80.07548077971606], [-80.09168058606807], [-80.10590549352709], [-80.11811073285278], [-80.12825579982558], [-80.13629605517751], [-80.14218900303665], [-80.14589375683524], [-80.14736989729376], [-80.14657551283723], [-80.14347620604507], [-80.13803427006877], [-80.13021276206159], [-80.11997675198587], [-80.10729392826515], [-80.09213177856081], [-80.07445996214548], [-80.05425054728134], [-80.03147726537087], [-80.00611477471092], [-79.97813998023669], [-79.94753164034779], [-79.91426966204648], [-79.87833651397042], [-79.839717944114], [-79.7984024457543], [-79.75437783576744], [-79.70763287717784], [-79.6581624471369], [-79.60596188717236], [-79.55103018207063], [-79.49336514770083], [-79.43296768705527], [-79.36984405116382], [-79.3040006131882], [-79.2354441538165], [-79.16418473098328], [-79.09023581908443], [-79.01361204521598], [-78.93433095549753], [-78.85241098074], [-78.76786896815904], [-78.68073227487038], [-78.59102249170962], [-78.49877085837119], [-78.40399819425208], [-78.30673459278694], [-78.20701552844797], [-78.10487481960438], [-78.00033807947231], [-77.89344865046613], [-77.78424081607797], [-77.67275194844325], [-77.55902158147602, -77.46086586445223], [], [], [], [], [], [], [], [], [], [], [], []]",-1.5484826139712256,-1.256264033960691
