COUNTRY,1970,1971,1972,1973,1974,1975,1976,1977,1978,1979,1980,1981,1982,1983,1984,1985,1986,1987,1988,1989,1990,1991,1992,1993,1994,1995,1996,1997,1998,1999,2000,2001,2002,2003,2004,2005,2006,2007,2008,2009,2010,2011,2012,2013,2014,2015,2016,2017,2018,2019,2020,2021,2022
Kazakhstan,64.66046308,64.70277077,68.16999888,72.93212955,78.76890767,85.33896405,91.84639527,97.23789602,102.78229,107.9333341,113.4020691,116.9064516,121.1346132,125.2533908,130.2132421,134.4228568,140.9065996,146.3125498,151.9242877,153.8130242,155.5928763,167.1509535,168.2451066,143.8686823,109.7179657,126.097543,137.7536849,163.1710482,161.4240384,198.4964725,201.0148804,204.8185054,252.67502,287.129874,358.9630941,392.3341372,416.4640846,451.0560415,499.8818329,545.0377763,567.2075063,578.6522336,625.7944784,663.1085093,620.0956643,545.2400753,590.2436472,676.9132251,723.3514224,651.9733223,608.6159577,595.4401472,581.2981856
Kyrgyzstan,0.888462855,0.891921088,0.940023453,1.006771099,1.085852816,1.173301676,1.256045183,1.322285207,1.387543042,1.449274575,1.517156924,1.558877707,1.611668389,1.664313528,1.72466908,1.771768407,1.854901677,1.920376291,2.144422074,2.306665606,2.307854685,2.246003707,1.955558488,1.475873951,1.36286736,1.376519138,1.226724056,1.366969134,1.055306187,1.124507758,1.297339498,1.28069473,1.182717806,1.112441863,1.149833664,1.213966212,1.130777019,0.910270733,0.953475474,1.000946398,1.16837078,1.268058649,1.368722493,1.443242719,6.670372997,6.757220529,6.89009627,6.984880334,7.124567936,7.221993328,7.22227196,7.153472762,7.207546992
Tajikistan,1.005481425,1.013571837,1.069663729,1.146460053,1.240134502,1.337478371,1.431610504,1.502945226,1.570587428,1.640348673,1.71268084,1.76302176,1.832306815,1.904708468,1.993768146,2.072640263,2.178982735,2.266764324,2.765897438,2.996818575,3.004348952,2.483775169,2.05848939,1.640825825,1.398185069,1.454379951,1.532333594,1.454879745,1.318233667,1.363536993,5.110382442,5.237558363,5.001705344,5.00919011,5.019634634,4.949228059,4.837505765,4.796989741,4.806308351,4.846389461,4.879108507,4.825256974,4.737733812,4.637168953,4.622087941,4.631376582,4.618368884,4.586343482,4.58675333,4.581713897,4.581347224,4.581862031,4.575066627
Turkmenistan,347.6504166,347.7335674,364.5872816,389.7859572,427.0825837,469.3063371,516.3923044,553.8223642,592.9206941,640.4541511,681.7370706,717.0837999,762.0725872,805.5500992,866.6155851,930.600363,990.2746325,1044.623456,1099.350349,1128.760343,1137.049769,1174.427094,790.9020837,903.2260052,543.9538896,523.2815557,567.4451334,305.7673905,360.0962655,574.7184919,834.5111485,845.7977916,928.7974453,1082.654427,1109.495717,1108.532747,1125.853233,1169.466627,1234.665901,788.0089509,849.4226194,1129.711228,1192.245013,1330.035859,1356.945301,1410.39585,1333.535829,1319.764898,1349.442555,1370.028399,1316.985613,1399.401968,1385.831646
Uzbekistan,199.3957927,199.4780292,209.0300436,223.3061186,243.7056429,267.0734664,291.8424523,311.752592,332.5069389,356.3273821,378.026688,395.4943953,417.4733675,438.6800072,468.1183149,498.7387338,528.0530155,554.5798819,581.019195,594.38173,599.3144409,614.2977401,646.330911,708.0549884,821.6818347,832.5315038,900.9032486,894.9686587,943.9524604,867.4936572,956.3678182,1113.295903,1332.548954,1174.608338,1108.509843,1325.213818,1395.454518,1260.672501,1414.839033,1155.467774,1216.276103,1226.298397,1277.20496,1212.27248,1114.345007,1094.40729,1090.806946,1122.730739,1273.691674,1282.458444,1110.765804,1133.400061,1108.901837
Brazil,59.74193419,59.76380287,60.27711768,63.49657136,69.60189207,70.07490074,70.55639233,70.70849076,74.50710812,77.69576903,84.14420117,92.4313106,111.7529429,141.5330086,189.4668739,222.5098202,235.213398,237.0105658,237.3427698,253.5320495,265.136531,230.5495949,258.9997736,243.037807,255.7618174,262.9871315,316.3951156,357.1163068,418.9386093,448.0444671,475.5928067,461.3703725,481.6850482,486.7279539,487.8739735,599.7880583,557.428418,526.520968,613.9664666,649.3309757,630.1279366,667.2189265,696.0292208,716.3348829,779.0154086,818.1938583,835.2464408,896.1870345,861.9465447,911.9530678,916.5506728,909.8860744,912.6218615
Canada,937.8616288,951.3856229,1083.699823,1234.406938,1175.525154,1124.151204,1053.634413,1065.770018,1051.852104,1166.487565,1122.715751,1097.210239,1038.795167,1041.886199,1111.82538,1163.19066,1177.216873,1210.849908,1276.521844,1315.651637,1292.211622,1338.846777,1464.794215,1550.487404,1640.576166,1741.486158,1816.403697,1932.441624,1942.578294,1947.070803,2040.302761,2063.081457,2081.717249,2085.102989,2106.777624,2075.716963,2169.875134,2157.985362,2160.958918,2060.51168,2098.594668,2162.564482,2257.364,2277.314276,2429.807181,2414.489959,2278.769496,2336.682714,2364.507413,2335.690864,1870.545813,1984.237957,2059.215427
Albania,30.52694774,30.52759202,39.24178355,39.04808928,33.45675154,36.03447232,38.38561939,39.25039661,42.74952355,39.65422281,39.67547927,37.79383707,51.11153866,58.80495451,45.6930121,45.21833363,45.26578514,44.53539892,38.05244933,39.27407281,26.45358026,34.75220812,13.14937604,13.54602371,9.477061523,5.558709218,5.407921683,5.046373091,5.036946306,4.941326613,4.846844731,4.789997958,5.01291534,5.010945734,5.221234002,5.169895415,5.35478881,5.579239395,5.476294276,5.496261962,5.873461994,4.455606141,4.889931095,5.614521371,6.478492402,6.132393123,5.320836298,5.015341369,4.702322567,5.466101356,4.187907009,4.035955477,3.777039375
Bulgaria,3.748039553,3.741482862,3.530312713,3.885464684,4.144985629,4.137629077,4.360399606,4.72335268,5.554127704,6.12258355,6.321553942,6.117921718,5.936344312,5.60074473,5.557152659,5.55806176,5.380072731,5.233466445,5.419138902,5.652850772,4.425591784,3.635793794,3.164665303,4.288457774,4.788055606,5.22756277,5.131303492,5.068476103,5.023964989,5.262954359,6.312806742,6.426817457,6.387634122,6.370291503,7.462303356,8.109055241,8.299258542,7.828101617,7.554792001,6.83369197,6.88841359,7.920508429,7.841488354,7.549553003,7.135633711,7.102216692,7.210777261,7.211284306,6.807376176,7.014205486,7.186421443,7.02545188,7.055886868
Bosnia and Herzegovina,0.293349246,0.293354658,0.29302814,0.331974597,0.375327296,0.382878089,0.420165529,0.487789437,0.530887368,0.600423733,0.608185746,0.589461361,0.603930293,0.666448732,0.693515905,0.672160581,0.747034499,0.770783628,0.826391193,0.80305035,0.770766879,0.717121183,0.190457134,0.153437033,0.131649695,0.100840145,0.104249385,0.104888247,0.120398041,0.125476787,0.285903699,0.232433686,0.251027093,0.226023146,0.258610923,0.248711577,0.215072829,0.214329461,0.241218129,0.499800737,0.530344248,0.557376909,0.508312772,0.474282281,0.481326383,0.460333855,0.442152306,0.448900125,0.404207301,0.237072337,0.241045012,0.241658648,0.242306655
Cyprus,,,0.162655014,0.176530257,0.127299134,0.089858837,0.101697703,0.113373399,0.11698071,0.142274799,0.156230945,0.135835548,0.133971186,0.14842046,0.149312046,0.119200731,0.151868443,0.166072617,0.192623162,0.175254765,0.169764178,0.202985368,0.193144731,0.206918617,0.240434071,0.21919041,0.201692673,0.276709044,0.286907909,0.312772581,0.31094293,0.306513009,0.288280398,0.25806566,0.073865755,,,,,,,,,,,,,,,,,,
Czech Republic,3.192275678,3.217778558,3.42384628,3.643152387,4.014785674,5.980786048,6.483567714,6.398967457,6.904797774,7.268982938,6.880525806,7.058167537,6.918762989,6.879503724,7.074462895,7.374886605,7.674556636,7.931154081,7.952579559,7.986045754,7.510447875,6.902685132,7.066471238,7.574651679,8.135507533,8.670787549,26.3541827,26.49102051,26.20221366,27.57079022,29.45729236,29.40505822,34.40085099,36.74277209,38.13345374,38.33264329,37.50143793,37.29327309,37.27129472,36.37623192,35.84695502,35.31990336,35.21812318,34.99697486,35.17920543,34.81524291,34.1511869,34.72074466,34.72259164,34.47106475,34.17305652,34.08921041,34.01044236
Estonia,0.202583392,0.20535701,0.21080568,0.228982667,0.239562968,0.249184683,0.257942569,0.265682538,0.276456674,0.29982797,0.323032081,0.346667812,0.371291152,0.385902584,0.396092525,0.405831074,0.415060427,0.42089728,0.519672541,0.632136048,0.683640911,0.710126641,0.735688702,0.66558759,0.568377477,0.521722407,0.506078551,0.475429438,0.470443471,0.481791292,0.562201479,0.591634798,0.613436432,0.623969092,0.632237649,0.635233628,0.632957028,0.625407849,0.612586092,0.594491755,0.571115734,0.542477513,0.508566713,0.473292172,0.432260421,0.383709628,0.326615166,0.262258381,0.2618484,0.263128246,0.262708773,0.263396562,0.264121798
Croatia,18.48219589,18.48222893,22.16419322,23.75774849,25.75680855,24.61769339,28.24824176,30.72713145,31.43931268,30.49228405,31.35001696,29.79144602,31.09472482,30.12556324,28.42478682,34.91435972,35.21790512,36.89442165,42.22597173,40.75296915,38.63842156,35.38721141,34.87102784,39.13537509,34.55340395,37.44021681,34.23502983,33.35259077,31.08205591,30.3558956,31.97993061,37.49411249,39.3199907,40.52956724,40.62213469,41.87343217,48.79852922,51.91474022,48.44183555,48.65191985,48.88920243,44.64993254,37.3840748,34.74824599,33.36883865,34.12665863,32.30062627,29.61451615,25.41973013,21.83158693,18.79659939,17.13323783,14.12358414
Hungary,34.35095951,36.93998231,40.4399395,46.03368731,49.78000858,51.27345808,56.19357779,59.78691234,64.73628476,60.98460447,60.48033889,60.11595636,62.7077024,62.50663066,63.82524544,65.87691954,63.26940212,62.65128862,58.95012225,59.17551431,66.55661103,66.93182529,64.81895067,69.84739604,71.4121981,73.61427935,74.24761701,73.52220217,72.44019975,71.68439137,71.06847088,72.73419257,73.48710077,74.70613686,75.73712306,76.65375338,76.07043636,73.28648827,73.39438596,72.76729522,73.11927707,71.86742169,69.74840909,68.20612953,66.73483013,66.66335266,67.60467756,67.9754388,68.75422605,68.07495725,67.43147699,67.47730019,67.47733894
Lithuania,2.075332503,2.079165551,2.219787032,2.38888651,2.541069371,2.628073191,2.738356523,2.838817202,3.00402374,3.111796711,3.250428757,3.335076839,3.414613079,3.453196996,3.451220116,3.457812949,3.486107047,3.569482213,4.592299876,5.630225002,5.607903093,6.257257923,4.269631549,4.738846304,4.545305993,4.705826526,5.047502987,5.52139561,6.205032395,5.449876668,5.775589835,6.687222685,6.434401232,6.420900076,6.556504014,6.408644833,5.988185478,5.160090059,6.054842598,5.796685576,6.199490394,6.154857762,5.920398707,6.073160999,5.543486365,5.798196435,5.917664524,5.854907617,5.763434088,5.687511111,5.203181682,5.153013439,5.094043526
Latvia,0.695583983,0.710080858,0.733730703,0.796922629,0.836073469,0.866543462,0.889634404,0.902816981,0.917139142,0.969667199,1.022132582,1.0802645,1.147621974,1.191450934,1.222268257,1.250449206,1.27574086,1.288770214,2.002959338,2.647654013,3.227041246,3.235037707,3.151125798,2.933128264,2.409397702,1.957763324,1.941315901,1.924417186,1.87889502,1.876266094,1.8801328,1.89053686,1.916343302,1.941636945,1.954048253,1.958088356,1.952699238,1.941041971,1.918382694,1.8881986,2.284234881,2.238191144,2.179507802,2.121228581,2.049760383,1.900504534,1.801695488,1.68908993,1.724627234,1.721285535,1.719268587,1.721334319,1.727418042
"Macedonia, the former Yugoslav Republic of",3.800462708,3.459746163,3.05278195,2.621348823,2.186463509,1.706237484,1.287202424,0.946301478,0.679276882,0.528415016,0.405407044,0.31655065,0.290328163,0.304567926,0.295283894,0.270881978,0.313933286,0.327168044,0.360428001,0.346105484,0.326163378,0.257812717,0.26858425,0.265118606,0.043890669,0.031792776,0.200765549,0.168096065,0.386677741,0.413631285,0.558717515,0.565641035,0.544687501,0.640589522,0.648407079,0.69244626,0.666302313,0.667230317,0.670409912,0.64508394,0.609318845,0.568051189,0.44382654,0.395006998,0.374732481,0.373760034,0.373719019,0.373726683,0.37376544,0.373738245,0.373767431,0.373783011,0.373798199
Poland,79.08021753,80.43848661,77.97989876,84.50469179,101.3189801,104.5108372,98.8391918,93.11845169,96.76435318,92.4789756,90.48705283,88.11280045,87.01890675,77.86177249,75.50899324,77.3978132,77.62407885,78.93151191,75.34600806,74.61013553,67.61041305,68.61717238,70.14365112,76.03214224,77.02884917,78.34746351,80.28522037,78.54061049,81.73126009,83.64451307,96.22877902,102.5979538,99.73662815,100.724999,108.4573332,105.7739711,103.1478252,98.66039668,98.45958257,93.84495237,93.40427689,89.77334607,92.32430359,104.4618439,101.816008,99.40221859,100.4512,97.97107853,99.03242218,96.92425226,94.49307916,91.44239235,90.15003869
Romania,499.3308611,500.5257834,513.1927114,533.600053,547.4284579,576.0469472,608.7630658,629.5920358,618.688646,579.9118451,579.3663801,599.0218523,605.4582194,603.4011175,599.0819467,578.4434878,570.89473,552.5436021,541.9434965,489.6883431,410.9697965,357.4503549,328.448999,319.0784035,296.08276,291.4705636,281.2418066,256.6659858,244.8390782,242.2474792,223.5198405,220.9010618,240.4632547,235.3202357,209.2813238,203.1217009,202.5338377,186.1069918,179.4465079,174.7889457,167.8432343,167.4587711,164.2217404,164.4564544,165.8335302,165.462898,151.4634032,158.5468458,157.3773006,154.3647211,142.0247972,141.2868265,141.6346732
Serbia and Montenegro,10.36276711,10.36304333,11.61188307,12.2571159,13.0016902,13.09054466,14.30424188,15.10365404,15.49784435,15.28759945,15.73706477,15.55439462,15.80428548,15.31102809,14.69500721,16.36462003,16.56573669,16.58759302,17.62124637,16.73142133,16.1657448,17.16272546,18.32676916,17.99099632,16.75555548,17.42774625,14.00772335,14.51897739,14.99836607,15.40138931,16.09059568,13.56429407,11.90859215,10.74046242,9.575519863,9.074570217,9.005207669,8.541249291,8.704084097,8.784583861,11.47114952,12.91305225,13.11170249,13.49420846,15.23783188,15.08711655,14.12525499,13.60526478,13.14167143,12.77472028,12.35678922,11.71468987,11.23533216
Slovakia,102.7408419,102.8238012,98.07478124,83.56961883,69.92741204,67.63597442,58.06957247,53.86123921,53.67129599,44.40287956,37.65397552,38.10301792,38.51108459,38.92398194,38.45706398,38.71057359,38.76513167,39.08082795,41.08709627,42.1085875,42.47037688,39.15796419,37.95497896,37.79955605,38.18226001,39.0973654,38.77179644,37.41636898,39.24544702,39.36994461,36.46173875,35.96470401,35.47568884,35.94705962,36.50339425,35.60899398,34.0384053,32.86275194,32.47431678,29.93645899,30.33844375,29.59848757,23.99134576,24.14281008,17.17499262,15.33916255,16.09072687,16.89540996,16.87782598,17.61454265,18.02167827,19.66758513,19.67284168
Slovenia,0.445318829,0.451165839,0.486438686,0.52100787,0.561594787,0.594515234,0.640229132,0.718314111,0.831397054,0.905863543,1.024288518,1.19815124,1.364795796,1.467048666,1.591142022,1.830972948,1.941354741,1.975190736,2.077791957,2.183674799,2.228525249,2.262636558,2.351499282,2.417174001,2.488081458,2.741921785,2.918080932,3.239672223,3.3750793,3.795794761,4.037179644,3.961651307,4.558474266,4.624407626,4.867161715,5.107515528,5.350927428,5.591893656,5.835305556,6.077976856,6.329530691,7.020973364,7.263221464,7.575236446,7.901959746,8.246916046,8.544794778,9.090427475,9.420200843,9.737691116,10.08279135,10.39293803,10.77390717
China,260.4397655,261.0622358,308.6482219,366.0099634,446.3310996,527.9984786,598.5009179,659.4584175,735.2490532,757.8657843,757.1895569,712.3993029,709.5079316,734.1423855,785.5028496,844.6482803,887.0587011,908.8412547,927.904867,944.885772,948.0858458,976.7101006,981.9517925,1011.186991,1033.13343,1050.450227,1342.983239,1366.896513,1204.081859,1274.998896,1357.288265,1408.847212,1410.900645,1550.456508,1658.530313,1826.343977,1949.386243,2016.909365,2130.345548,2190.089111,2282.269389,2409.089792,2494.875546,2651.407042,2798.396439,2890.588329,2870.959738,2988.773178,3148.290737,3372.668391,3608.529227,3752.659831,3948.976493
Hong Kong,0.073660242,0.076610478,0.08264044,0.09129024,0.103267681,0.115331056,0.132721076,0.152628968,0.177244382,0.211220335,0.24871491,0.295310315,0.347721774,0.408177867,0.473817993,0.552451405,0.636304053,0.721535988,0.815588825,0.891484012,0.988822954,1.086148011,1.161665148,1.248483893,1.30705864,1.379208927,1.427785704,1.498874832,1.524578341,1.55419832,1.579220605,1.6002744,1.6140884,1.66581,1.7008674,1.72014315,1.7146185,1.7481747,1.756593,1.8261696,1.824955478,1.848781824,1.86314502,1.901620545,1.940870745,1.980947265,2.018451864,2.056666525,2.095604691,2.13528006,2.175706589,2.2168985,2.258870283
Macao,1.66919E-05,1.66919E-05,1.66923E-06,2.00306E-06,1.33532E-06,2.00306E-06,1.33532E-06,1.66923E-06,2.00306E-06,2.00306E-06,,,,,,,,,,,,,,,,,,,,,,,,,0.000127257,0.000880518,0.000930039,0.00065264,0.000599563,0.000468958,0.000460483,0.000476882,0.000585222,0.000724905,0.000647031,0.000539745,0.001116325,0.001099813,0.000911846,0.000932411,0.00100392,0.001096755,0.001198174
Mongolia,6.25947E-05,6.25947E-05,6.25962E-06,7.51148E-06,5.00746E-06,7.51148E-06,5.00746E-06,6.25962E-06,7.51148E-06,7.51148E-06,,,,,,,,,,,,,,,,,,,,0.057607186,0.052220973,0.05850804,0.110729562,0.145635856,0.172545193,0.158922877,0.300548339,0.676011136,0.932992311,1.490963727,1.737448943,2.031227627,2.891962008,4.085114068,5.883345448,6.968057825,6.560959153,6.065342473,5.081027497,5.467196784,3.266759859,3.09048293,2.400389034
Taiwan_Province of China,15.69907632,15.71218659,18.47230582,21.49713943,22.42871379,22.34247986,27.41778614,29.18695527,29.71944632,28.76487889,30.02442962,25.76990243,22.41460495,23.43238719,23.38423562,21.31113067,19.52760575,20.29173159,22.42465547,23.47900466,22.56611749,18.85121872,17.27836055,17.539863,18.2832664,20.14759053,20.29167993,19.98100688,20.78816934,21.11911614,20.22062729,21.98840161,23.43204468,24.12673146,25.25649977,22.80639081,21.19591854,20.55254122,18.70404169,19.58242907,17.84629816,17.28504708,19.85553171,18.45640073,21.95202581,21.74179655,21.50332341,20.61715445,20.37131451,20.01148825,17.03936667,16.7943132,15.99829821
Burundi,4.33224E-05,4.33224E-05,4.90022E-05,3.60835E-05,4.34895E-05,3.97586E-05,3.98143E-05,8.96518E-06,3.90904E-05,4.62737E-05,6.05846E-05,5.53323E-05,2.88411E-05,4.08226E-05,4.22995E-05,4.00017E-05,8.90065E-05,0.000129862,0.000190919,0.000183495,8.7812E-05,0.000123208,6.12403E-05,6.55122E-05,6.47572E-05,6.10035E-05,6.07548E-05,5.63992E-05,5.4373E-05,5.24379E-05,6.77627E-05,5.23066E-05,6.24798E-05,5.91064E-05,7.70787E-05,7.45006E-05,7.96622E-05,6.3252E-05,6.3252E-05,4.7439E-05,4.7439E-05,4.99358E-05,4.99358E-05,4.99358E-05,3.32905E-05,4.99358E-05,4.99358E-05,5.65939E-05,5.99229E-05,5.99229E-05,6.01079E-05,6.01079E-05,6.21423E-05
Comoros,1.85668E-05,1.85668E-05,2.1001E-05,1.54643E-05,1.86383E-05,1.70394E-05,1.70633E-05,3.84222E-06,1.6753E-05,1.98316E-05,2.59648E-05,2.07496E-05,1.23605E-05,1.53085E-05,1.26899E-05,1.20005E-05,1.43771E-05,4.27305E-05,3.97623E-05,3.31306E-05,1.7946E-05,2.11867E-05,1.1497E-05,1.08081E-05,1.02668E-05,1.00571E-05,9.62603E-06,8.9417E-06,4.87574E-05,4.83895E-05,6.46995E-05,4.95577E-05,5.46527E-05,5.63927E-05,7.27791E-05,7.23494E-05,7.56589E-05,6.3252E-05,6.3252E-05,4.7439E-05,4.7439E-05,4.99358E-05,4.99358E-05,4.99358E-05,3.32905E-05,4.99358E-05,4.99358E-05,5.65939E-05,5.99229E-05,5.99229E-05,6.01079E-05,6.01079E-05,6.21423E-05
Djibouti,0.000618892,0.000618892,0.000700032,0.000515478,0.000621278,0.00056798,0.000568776,0.000128074,0.000558434,0.000661053,0.000865494,0.000553323,0.000329612,0.000306169,0.000211498,0.000200008,0.000395627,0.000555271,0.000506067,0.000973356,0.000455331,0.000557778,0.000305726,0.000289862,0.000282922,0.000274865,0.000263084,0.000246407,7.6596E-05,6.84592E-05,7.51793E-05,6.41087E-05,0.000104358,0.000104687,0.000117471,0.000114246,0.000119152,6.3252E-05,6.3252E-05,4.7439E-05,4.7439E-05,4.99358E-05,4.99358E-05,4.99358E-05,3.32905E-05,4.99358E-05,4.99358E-05,5.65939E-05,5.99229E-05,5.99229E-05,6.01079E-05,6.01079E-05,6.21423E-05
Eritrea,0.106202689,0.106202689,0.09417222,0.09755273,0.08980095,0.082779552,0.08847244,0.087034647,0.092919428,0.0963539,0.094634248,0.107836217,0.112457228,0.117448199,0.113441886,0.112794373,0.117531092,0.128514409,0.112388931,0.114042491,0.113526886,0.113748738,0.182322403,0.161268088,0.197479924,0.166694847,0.17882205,0.107431645,,,,,,,,,,,,,,,,,,,,,,,,,
Ethiopia,0.07366064,0.07366064,0.065313576,0.067657242,0.062277247,0.057411204,0.061357359,0.060360373,0.064440694,0.066823061,0.065630536,0.074784975,0.077990488,0.081453625,0.078674489,0.078226622,0.081507177,0.089125301,0.077943706,0.079091462,0.078731331,0.078880425,0.126179998,0.177542976,0.189648922,0.18826161,0.191392282,0.09679225,,,,,,,,,,,,,,,,,,,,,,,,,
Kenya,0.675685999,0.675685999,0.666522966,0.699427714,0.746928929,0.745493796,0.677243642,0.676465793,0.679468661,0.718672728,0.80001005,0.712532865,0.597219621,0.523078787,0.531307113,0.522600128,0.535277945,0.588088909,0.561781243,0.594004975,0.607145595,0.566989909,0.613049228,0.577379421,0.544281367,0.482644413,0.46292563,0.435905706,0.457829896,0.451425941,0.534472603,0.44945821,0.416821497,0.392698601,0.451810481,0.433931604,0.432826661,0.436552862,0.41689887,0.420329902,0.419834708,0.456475201,0.260351617,0.164097988,,,,,,,,,
Madagascar,0.138262566,0.138262566,0.167974031,0.172169855,0.160907253,0.206013751,0.146168129,0.123163328,0.103623245,0.094464047,0.133495028,0.095885821,0.093555156,0.057018086,0.025529125,0.077950797,0.05468796,0.07776556,0.096399455,0.051090139,0.043408207,0.048961305,0.048990123,0.051671099,0.064375496,0.066177378,0.070055583,0.084861745,0.08215326,0.102944332,0.115072105,0.081485604,0.043643594,0.101206674,0.073380678,,,,,,,,,,,,,0.000149109,,,,,
Reunion,0.000266123,0.000266123,0.000301014,0.000221656,0.00026715,0.000244231,0.000244574,5.50718E-05,0.000240127,0.000284253,0.000372162,0.000297411,0.000193647,0.000275552,0.000253797,0.00023601,0.000501658,0.000773279,0.000845086,0.000748735,0.000363707,0.000518617,0.000294403,0.000345707,0.000341023,0.000329343,0.000315227,0.000292608,9.19555E-05,7.95323E-05,9.3648E-05,8.99628E-05,0.000196064,0.000193852,0.000221668,0.000212928,0.000226787,6.3252E-05,6.3252E-05,4.7439E-05,4.7439E-05,,,,,,,,,,,,
Rwanda,,,,,,,,,,,,,,,,,,,,,,,,,,,,,,,,,,,,,,,,0.01012032,0.0300447,0.01992438,0.028779661,0.032258521,0.050917858,0.0759024,0.347886,0.361724134,0.595735429,0.699378839,0.681506527,0.68482724,0.752214513
Sudan,0.250300932,0.253097132,0.291595881,0.318922558,0.349532509,0.328609432,0.351775981,0.370861271,0.358536049,0.368418099,0.338581774,0.325730802,0.277796095,0.296150579,0.270245572,0.284584861,0.341280281,0.261545032,0.369578903,0.319952402,0.40678323,0.45647509,0.403081173,0.295563297,0.378542502,0.402912897,0.850238529,1.578159258,2.587921072,15.5887851,41.07510903,47.25063941,54.26966399,60.50146572,72.71280346,74.03537951,81.80559165,106.0554151,105.9895513,108.1260174,107.1318001,102.1959795,28.34617649,45.91027677,58.51974415,55.72086953,52.34361202,52.37199643,51.80710647,57.13604906,53.25085996,50.83530108,50.56319815
Somalia,0.209845838,0.209845838,0.210224723,0.18336857,0.200451404,0.18624317,0.183331868,0.04209609,0.105081516,0.235436897,0.277121444,0.226374177,0.129609102,0.156238391,0.114091413,0.127914481,0.134568154,0.387351854,0.12998346,0.172090763,0.078804275,0.059513692,0.102968732,0.100758487,9.85982E-05,9.66533E-05,9.25105E-05,8.58725E-05,5.76002E-05,5.47645E-05,7.30965E-05,6.16168E-05,9.95975E-05,9.80218E-05,0.000112548,0.000112705,0.000121653,6.3252E-05,6.3252E-05,4.7439E-05,4.7439E-05,4.99358E-05,4.99358E-05,4.99358E-05,3.32905E-05,4.99358E-05,4.99358E-05,5.65939E-05,5.99229E-05,5.99229E-05,6.01079E-05,6.01079E-05,6.21423E-05
Seychelles,9.28338E-05,9.28338E-05,0.000105005,7.73217E-05,9.31917E-05,8.5197E-05,8.53163E-05,1.92111E-05,8.37651E-05,9.91579E-05,0.000129824,8.29985E-05,4.53217E-05,9.69536E-05,8.4599E-05,8.40035E-05,0.000175387,0.000254349,0.000351764,0.000304519,0.000124223,0.000172227,9.29203E-05,8.99555E-05,8.54502E-05,8.67654E-05,8.30397E-05,8.18239E-05,5.71211E-05,5.44192E-05,7.55385E-05,6.59771E-05,0.00010267,0.000100486,0.000136083,0.00012857,0.000144499,6.3252E-05,6.3252E-05,4.7439E-05,4.7439E-05,4.99358E-05,4.99358E-05,4.99358E-05,3.32905E-05,4.99358E-05,4.99358E-05,5.65939E-05,5.99229E-05,5.99229E-05,6.01079E-05,6.01079E-05,6.21423E-05
Afghanistan,30.75729021,30.76542461,33.57304977,32.54938595,34.23916584,34.81586991,29.80012224,29.70476844,28.84732368,27.31755092,32.81133347,31.46539892,30.43122227,31.97090763,34.02361362,35.74467069,35.82277723,22.99129114,19.20754777,4.623810808,4.167883186,4.108949698,3.368086387,3.193623951,3.403963016,2.754665259,2.903233408,2.798597879,2.885525142,2.829924768,2.860431625,1.888843759,2.655968234,1.641901125,1.510013086,1.853812708,1.442115532,1.686070626,1.811503244,1.4866872,2.700100191,3.226921844,3.232981312,2.932251424,2.290327994,2.115964803,2.245306946,2.215186627,2.229581413,1.972066374,1.505133921,1.527636277,1.384204713
Bangladesh,6.033552558,6.052380659,6.078675229,8.19258433,8.961613307,6.242922745,9.248541463,10.91655031,11.58953649,13.23162584,16.39108989,17.48855601,22.49136561,24.95428261,28.82982174,32.92786109,37.13153794,43.5025772,50.99785323,53.98027537,57.99440316,59.78039101,65.9582488,74.70789411,79.90935479,85.21773702,91.3598201,90.24035048,97.34443846,105.9482073,114.8038025,128.3811802,135.5807216,145.8536636,157.062586,167.8511142,190.6241317,202.9640698,216.7073972,234.8894893,253.5370018,255.3174666,267.0938113,292.5318049,299.2245137,325.1578684,354.9342722,355.2226526,354.3442827,352.0811042,323.8967344,329.1246634,325.2283793
Bhutan,1.04324E-07,1.04324E-07,1.04327E-08,1.25191E-08,8.34576E-09,1.25191E-08,8.34576E-09,1.04327E-08,1.25191E-08,1.25191E-08,,,,,,,,,,,,,,,,,,,,,,,,,1.21749E-05,9.163E-05,9.79894E-05,7.65765E-05,8.23517E-05,6.55231E-05,0.000105142,0.000117138,0.000157843,0.000205949,0.000168181,0.000109783,0.000241834,0.00027781,0.000286088,0.000289171,0.000311336,0.000351647,0.000397177
India,120.0747997,120.0761593,120.8682865,119.3134773,128.8533158,142.3673735,152.2727484,180.8101138,196.7168273,198.6687458,178.2612057,302.1523393,369.39046,450.5030609,494.2640896,580.4105881,615.6460128,612.7966902,652.1879692,727.9936338,717.750209,665.2304575,607.0603077,475.6901882,474.4851005,571.6636297,558.4211753,666.7445564,613.0222347,632.7835378,633.7665178,621.3368525,618.9061557,655.768954,655.8440302,653.5771194,658.7880207,684.6182788,698.2028011,895.6614453,938.5398027,892.15024,815.1421534,750.2998649,723.9861345,704.7836245,704.8422867,719.0950361,719.4550105,697.7356423,647.973856,687.1607208,701.4212103
Sri Lanka,0.410890503,0.410890503,0.47638378,0.472013768,0.407615871,0.393580406,0.39196547,0.398564184,0.393984541,0.376649261,0.503139925,0.461281552,0.508980365,0.408811122,0.475871213,0.433469559,0.453227524,0.456747998,0.475332428,0.322735789,0.471777,0.437605229,0.433471103,0.480950569,0.521488437,0.502318671,0.548020058,0.485686676,0.574057901,0.495609133,0.60952995,0.542036618,0.601457904,0.546662196,0.594265062,0.534770445,0.573773759,0.509030156,0.50178445,0.537174288,0.470319826,0.537507039,0.428259682,0.44118427,0.488534107,0.453492004,0.467893734,0.440783791,0.450097819,0.500284381,0.46992417,0.473210603,0.476520221
Maldives,5.21622E-07,5.21622E-07,5.21635E-08,6.25957E-08,4.17288E-08,6.25957E-08,4.17288E-08,5.21635E-08,6.25957E-08,6.25957E-08,,,,,,,,,,,,,,,,,,,,,,,,,4.61944E-05,0.000294152,0.000382259,0.000297186,0.000358308,0.000272136,0.000350117,0.000358736,0.000543097,0.000714234,0.000829276,0.000332391,0.000751271,0.000818223,0.000865111,0.000995097,0.001071421,0.001219227,0.001387423
Pakistan,74.38548884,74.67487364,76.99937889,83.67988577,88.07839672,88.89123185,88.92790895,107.5534728,110.3900912,118.4057438,128.054568,139.8044395,154.7997012,164.0039707,174.4596852,248.270928,280.0204855,311.7848538,329.397016,360.869664,413.6824384,327.0483888,383.788334,384.0567001,397.8434755,419.261592,433.9938277,440.9354316,475.3562082,471.2358946,514.853306,498.3409066,544.0777065,617.1122267,649.5379038,670.7163254,691.8548324,670.0407085,652.9345777,664.6790184,666.7957687,622.5487203,644.7334844,662.90344,679.7029337,641.3385591,621.0379379,575.6186672,658.2253462,600.4191021,582.2317473,583.2862539,537.603529
Indonesia,746.7028848,746.7046642,906.5520791,1119.005627,1152.787511,1097.448943,1276.09926,1468.167321,1476.383114,1489.229071,1537.247942,1566.845292,1334.456813,1363.834342,1546.57326,1484.359026,1566.678581,1548.876051,1589.173698,1677.651402,1833.971999,2098.182835,2165.22366,2226.312175,2408.741293,2231.209801,2448.633575,2619.910687,2376.211647,2261.714135,2136.240307,2122.532904,1988.19408,2012.473243,1836.618332,1801.974883,1836.47827,1653.394765,1657.267868,1795.231168,1754.947251,1679.144587,1598.315025,1560.883467,1529.007261,1520.471847,1534.70431,1481.95203,1464.966074,1381.339716,1257.420788,1222.638324,1174.4363
Papua New Guinea,0.01484707,0.01484707,0.003407294,0.005797181,0.005288697,0.005797181,0.003153022,0.003407294,0.003661506,0.003661506,0.017087399,0.014951223,0.014951223,0.014951223,0.014951223,0.017087399,0.014951223,0.01281555,0.006408024,0.0085437,9.96259177,11.07067752,13.15973656,14.72968345,14.9163954,14.22360663,14.75315865,11.20354954,96.33677114,20.58000989,41.59275584,23.07965132,30.33000586,22.54518171,26.8456965,61.02030052,74.36416903,47.38132697,72.67014808,19.98619045,8.661143916,8.434197422,7.888911162,8.613219956,50.64632157,78.05711555,85.89497345,83.72849043,75.36019369,76.79408434,55.62395842,57.05407325,51.31520781
Int. Shipping,261.0792337,261.0792337,284.2782392,324.0668693,319.0771901,294.8935262,334.4508365,339.1749188,324.1795565,351.3415573,310.5820631,273.9363636,240.6611658,232.5873878,236.0663878,217.5514257,238.6374551,239.5983297,264.001715,270.0125452,314.4493939,315.420883,322.7590857,333.0340688,336.3973363,345.5853285,357.5046026,375.2085947,390.6112886,376.6480054,402.8893046,403.0841784,391.6832476,419.7729751,449.5999792,455.4604807,456.6333244,455.7222785,454.3536333,429.9794525,435.816936,438.6975893,443.9985455,436.6760887,427.494957,445.7675401,470.0592807,467.2520629,476.7964982,471.8079773,435.5280379,433.4801375,431.4418665
Japan,45.42015995,47.89334233,50.85944892,55.5097034,57.73738226,58.45540112,59.85747,62.99632147,63.25655581,64.51728192,63.563022,64.05752629,63.65679395,64.33353691,65.57738411,68.05832708,69.25179276,69.23417892,71.46071921,73.06768704,77.0211913,79.64148064,79.11770966,79.64141388,78.88700471,78.70769501,77.19384653,79.50996418,78.64079932,77.20881764,76.58879346,75.45159849,75.43804796,76.60580602,75.60619728,74.86480669,73.56224355,74.37584794,72.09936143,72.13097276,68.96804962,66.79548587,63.82012383,62.61020748,62.12551373,62.19178428,62.56116722,63.19472471,61.9333147,61.37258873,60.36662559,60.63048047,60.31037892
"Korea, Republic of",3.077192542,3.077192542,3.238127681,3.839791225,3.962891145,4.313046459,4.946706681,5.458090917,5.974815673,6.537535136,6.424084758,6.366716072,6.174664726,6.796539638,7.200151831,7.552640035,8.441058633,8.534703955,10.25501231,11.80916369,12.30374013,16.17709351,19.80984705,21.21972809,22.91471622,25.96652136,30.28112244,35.63278114,34.53709276,36.73297937,38.10634784,38.10583837,36.93405954,36.81715788,39.39255261,48.44610568,49.63205757,50.00268805,48.75014894,53.23055396,55.74956103,58.00345113,59.80108188,61.07929641,64.61039849,69.20976875,72.83281996,79.79211181,82.54059007,84.09374403,83.28250708,85.00145345,88.60187464
"Korea, Democratic People's Republic of",0.039152807,0.039152807,0.109161143,0.106827554,0.113569083,0.052376601,0.103716062,0.094309659,0.41917078,0.537993525,0.569779618,0.561159367,0.553311915,0.545619024,0.537926134,0.530628163,0.560565104,0.590718429,0.620964535,0.651056035,0.681259173,0.511267233,0.411040018,0.367946184,0.246172051,0.29761303,0.253160899,0.136788972,0.136239476,0.085638201,0.105277361,0.156459022,0.15674923,0.152476951,0.153866137,0.129374275,0.098930742,0.118341531,0.121348288,0.140209584,0.142376609,0.141827116,0.141567831,0.156385207,0.143444687,0.143444687,0.143444687,0.143496466,0.143496466,0.143496466,0.143496466,0.143506822,0.143517179
Mexico,221.1094115,221.620444,231.3939118,247.4339634,272.4974682,296.6516085,307.9153764,345.4935199,425.5049133,513.8293293,649.9633855,733.5897858,820.6591817,808.2046199,810.430118,799.5016489,731.8870783,754.9398766,755.8143989,744.0982734,778.8401432,800.8519995,790.2810309,810.5481956,816.9977121,876.0578884,1007.688161,1155.615097,1180.07627,1102.495185,1161.864164,1102.099656,1058.702578,1131.720518,1086.372728,1134.129078,1230.775142,1292.880551,1407.83908,1328.09754,1241.961355,1230.229927,1208.283844,1195.123926,1129.769944,1036.475464,955.2097331,854.1699407,848.4308448,812.7653244,808.8814835,794.0824509,817.5550632
United Arab Emirates,308.6507662,308.6571212,348.5234095,443.2115563,483.3277813,493.6534419,567.6036458,606.8226999,582.7259931,590.3355633,571.8337254,528.9563051,472.1891159,432.9427536,456.328359,486.541418,552.8476844,622.1685647,639.1888123,760.122731,821.61196,862.8886761,895.943744,1009.849931,983.8715874,1036.408014,1102.193983,1057.145459,1008.100812,1005.525169,1061.291311,1080.918714,1024.613708,1083.644546,1071.183011,1117.896566,1160.806288,1145.619983,1130.796995,1090.048246,1150.932969,1216.186359,1273.205424,1308.434052,1284.142306,1414.147896,1457.691925,1335.123061,1272.272644,1369.633268,1321.207477,1322.468835,1385.816104
Bahrain,503.7694409,503.7704577,467.868395,491.5966628,511.7560507,434.2883761,448.0123144,525.2311422,506.0239459,518.0994533,510.8450726,497.6605357,475.9708361,456.990301,451.2959694,468.8493722,497.7266089,480.3722713,493.0135964,495.6450649,489.0793138,572.0608851,647.6327059,676.5861429,666.9927845,668.7656127,695.3350436,596.7703455,616.1650916,683.8772494,685.6508664,700.4639374,655.6560187,620.631328,613.2844523,619.9646072,605.3326972,627.4452021,695.5937237,716.6129943,693.4645484,698.4029652,786.162925,881.7109554,908.3229305,904.1564018,906.1910582,886.3071413,881.438167,919.0544718,920.4802372,940.9125751,947.8712743
"Iran, Islamic Republic of",3389.041507,3389.486503,3788.438178,4395.878842,4521.424512,4044.398286,4447.243579,4265.846197,3923.466588,2438.166496,1140.377913,985.0623843,1570.751384,1714.690119,1554.250714,1602.194104,1434.179477,1660.387694,1663.137401,2082.615846,2363.569162,3142.027955,3300.251078,3353.728523,3544.254338,3385.342364,3585.669272,3614.637398,3087.094824,3091.427662,3498.670028,3211.838144,3291.300652,4150.136781,4115.691268,4408.615991,4686.339373,4511.724881,4582.776376,4719.767695,4904.216358,4972.848449,4535.86887,4542.436923,4827.14663,4938.431317,5942.008064,6298.549063,6219.984555,5388.53658,5090.690472,5479.919392,5620.859176
Iraq,2192.595235,2192.727673,1902.068376,2622.448953,2552.824087,2932.99891,3141.5143,3037.822255,3341.188862,4513.69497,3456.494655,1357.85495,1384.093195,1371.09302,1652.659085,1962.356011,2323.385829,2879.076345,3726.664192,4009.752675,2835.622205,448.8139054,624.68408,732.147047,801.4260508,849.5086669,803.808663,1328.97931,1540.680579,1817.825059,1979.553142,2016.98056,1781.4816,1758.355347,2068.938388,1923.801105,1981.724151,1853.877984,1980.147041,2251.983686,2523.958894,2791.455628,3146.759634,3150.403392,3325.845142,3710.308534,4670.835862,4750.514035,4855.968208,5010.519186,4341.215518,4324.442988,4754.623765
Israel,1800.653906,1800.648822,1894.590193,1883.575155,1301.793142,2013.987192,14.20617176,11.12427931,10.32379893,9.404236034,9.953619507,10.19869489,3.285444989,3.022168719,2.743941629,2.616919498,2.563636295,2.673352518,2.648898847,2.670117131,2.80259802,2.702096227,3.209221651,3.657930799,3.664655153,3.485337703,3.193450571,3.413188327,3.482306494,3.225369155,3.187145848,3.207164101,3.11153169,3.314661826,17.24575304,23.01043745,31.18960512,36.6325787,45.56304164,36.37062419,44.14953058,57.06741374,35.38694506,73.45171415,86.11772553,93.88462356,103.8511659,109.2040471,112.9308496,113.3832501,163.6204278,203.0065105,222.8517545
Jordan,0.152403167,0.152403167,0.165812023,0.186211865,0.202060696,0.222728935,0.312866117,0.30743471,0.373606562,0.433102448,0.471447701,0.577303802,0.670726139,0.674230327,0.694595889,0.660553189,0.817864995,0.799426859,0.798786291,1.455865213,2.282508903,2.18839119,2.508384816,2.791135265,4.059641763,4.229096555,4.186997715,4.427108735,4.47089075,4.325367335,4.369636226,4.256118048,4.205520136,4.813425504,5.160420643,4.907064005,5.073364749,4.69960189,4.46713887,4.558775421,4.130328747,4.051592151,3.95424458,3.702586273,3.486123675,3.585338394,3.254785467,3.180306937,2.992091835,3.057977327,3.548340807,3.463433466,3.510263518
Kuwait,1118.81075,1118.824913,1205.828567,1117.603869,951.9228745,787.5360262,808.5954317,751.3513239,819.5191939,988.8927646,675.765171,466.3883801,345.1129952,439.2167493,481.0962211,435.4431602,546.547304,587.4262821,616.1995443,735.5817979,435.356206,76.94388293,437.695769,770.4022579,836.4332047,775.3092674,807.6434603,883.3377042,756.857022,698.5985342,805.976338,745.4813571,750.4987004,944.8564877,937.2606405,1007.992099,1010.407516,920.7286102,881.6908525,779.249621,774.3389059,870.6832974,949.0571653,942.3102181,914.5398741,936.5001659,967.1710857,906.8514758,927.8863033,927.8614311,896.4969417,889.5479026,987.6604569
Lebanon,0.55167021,0.55243281,0.582774141,0.658597075,0.656695762,0.563097974,0.54518986,0.473858657,0.510470059,0.495671989,0.621500052,0.495916362,0.158110497,0.162587516,0.231727432,0.200247554,0.335774971,0.371317008,0.203198304,0.07371861,0.07753161,0.197760879,0.172711557,0.0577034,0.0582118,0.0582118,0.0589744,0.061008,0.0645668,0.0688882,0.0742264,0.080073,0.0879532,0.096596,0.1034594,0.109306,0.115661,0.1217618,0.1279897,0.14713096,0.16627222,0.18541348,0.20455474,0.20455474,0.20455474,0.20455474,0.20455474,0.20455474,0.20455474,0.20455474,0.20455474,0.20455474,0.20455474
Oman,215.9166036,215.9166036,209.8031359,217.9641725,215.9166036,254.6157186,272.9719037,252.6020036,236.2524063,223.829383,216.6452075,246.3536568,251.5576881,291.9487954,323.4863312,387.9734376,437.8689432,456.1664882,483.8549229,502.2266007,552.3194748,684.8933195,617.9062214,578.3766335,584.9038085,657.6431429,695.6808543,786.4514714,682.664497,734.8995404,820.8564093,921.6303513,955.1923589,1080.932884,1041.643378,1026.367993,976.782104,918.1193658,916.6587842,902.9963255,904.4453327,938.3577485,974.6510641,1019.901076,1003.629016,1043.664636,1069.691812,1049.656014,1108.263567,1108.926024,1086.723885,1143.156616,1226.43875
Qatar,313.1907617,313.2044885,355.7847935,420.0646466,375.8249501,336.949285,372.7648036,332.4678658,358.9912792,392.29072,377.9220442,342.522085,297.7649953,275.5000886,356.1618123,289.4446418,301.3755817,289.9680153,327.9958925,359.24604,376.9779331,378.8750643,402.7304876,399.1859281,403.3431534,379.4533483,504.7966451,917.9950021,918.3916668,1062.002745,1213.631984,1090.002277,1103.384121,1243.21823,1289.964264,1231.771257,1322.600008,1492.520775,1683.302144,1793.894734,2124.513563,2500.492428,2658.397677,2753.577167,2718.512565,2758.209428,2784.959271,2755.12542,2750.161273,2752.036441,2727.136251,2769.39535,2796.48711
Saudi Arabia,838.2787555,838.2863815,1055.015232,1328.111945,1488.11518,1255.748025,1534.048179,1646.260388,1528.543973,1741.637736,1903.219766,1955.814223,1386.220549,1121.593834,1072.607779,856.2130713,1202.235188,1101.977497,1285.396946,1294.95394,1461.134383,1779.967628,1851.185982,1841.960938,1839.718144,1782.065143,1875.242982,1954.787486,1911.049984,1780.264002,1972.9744,1921.736171,1915.220187,2192.611035,2213.743446,2383.440596,2466.545637,2461.725038,2593.601354,2401.191752,2456.454465,2637.372339,2796.534707,2771.276357,2827.545829,2934.494832,3040.994629,3008.210122,3080.672157,3011.235107,2912.465928,2909.160153,3158.115275
Syrian Arab Republic,163.5936305,163.5936305,181.2142502,171.416994,198.6855386,295.8591154,310.8447091,282.5513962,307.4770105,270.065883,285.7068179,291.1959145,280.5461088,292.9802092,298.9073047,311.7215236,340.572216,405.6647746,472.749207,608.2868176,694.8875302,875.0071849,860.4478332,980.3900621,997.3031676,982.3788812,972.4623876,940.1901631,904.0865199,906.908306,946.9897904,705.8074048,537.5633595,520.7827469,436.7959718,422.7550957,379.0169547,366.5548876,325.5445567,380.9451343,390.4361012,347.7440713,192.0107339,106.3598738,85.61721801,75.26991263,67.25184064,66.69274898,66.1998575,70.50547205,70.91127225,73.10780644,74.26946083
Yemen,1.180518515,1.193228515,1.115804026,1.060472164,0.97296086,0.692732259,0.728752509,0.843508472,0.869818334,0.814453766,1.321987905,1.227234765,1.336307702,1.577643436,1.684650852,1.557996161,7.24833884,13.74947375,106.0132906,118.7923681,119.2666471,122.9107605,112.8624747,135.9302836,163.7668069,135.1573838,144.4194831,156.9619937,147.3743653,174.8817826,216.0931369,193.204476,188.9845726,238.7048222,226.4790835,298.4824542,407.6528051,422.5863862,355.5360708,383.9848899,456.6408631,410.5807632,324.3626324,387.1121698,339.7990961,81.46552396,33.79013335,79.63914582,112.0396158,115.1885986,104.7663487,103.5934884,117.5220338
Algeria,971.8317758,972.0760607,1284.35592,1319.557935,1238.741364,1225.604666,1355.627251,1439.149893,1586.875,1681.363566,1483.58433,1407.227746,1445.14683,1533.57958,1597.825956,1660.440369,1730.216968,1789.306148,1787.173356,1896.379274,2005.138517,1975.697611,1998.302842,2150.374111,2131.570386,2387.078154,2456.02326,2274.717771,2202.050937,2278.342837,2455.43983,2107.134602,1970.662321,2207.578426,2096.356505,2145.604412,2264.803487,2088.953942,2197.056027,1930.444313,2080.71651,2040.722698,2068.30812,1982.873062,2057.622357,2053.376813,2206.548739,2202.087641,2194.80157,2091.609639,1931.274594,2162.956381,2205.684347
Egypt,194.5759425,194.5761763,140.22112,111.9380362,98.30985889,153.8227373,217.1966363,275.9791188,334.8368622,351.297361,409.425604,420.1820916,464.3320036,506.5986539,579.349589,632.9263493,593.7372468,656.1787568,632.1807236,662.1872103,672.7314722,861.9925411,760.4486043,778.9718721,770.751741,817.4972821,857.1706368,833.0715266,751.490925,815.4802133,773.1615369,823.4090402,859.5029813,905.6589281,936.4796477,1147.20058,1195.0492,1207.294554,1248.709544,1291.895813,1158.359123,1141.734179,1108.317649,1035.806758,980.7526298,916.08211,939.4158736,1062.945495,1178.445544,1247.593814,1147.366996,1250.163144,1212.532574
Libyan Arab Jamahiriya,3002.414872,3002.86989,2496.162647,2442.37193,1734.749095,1698.38327,2210.438384,2339.548207,2250.432785,2392.839133,2086.528935,1344.588585,1340.756532,1290.288988,1275.072758,1254.269378,1239.794364,1167.55841,1386.934738,1380.118864,1629.558492,1535.610313,1320.795261,1118.20457,1448.991644,1584.503289,1646.396024,1354.753492,1221.670974,1109.95068,1203.660547,1090.726398,1049.278783,1218.444137,1190.512976,1306.704316,1265.623648,1190.406164,1223.20654,1109.870891,1190.046735,378.6136169,1006.779961,767.9228418,486.1968437,430.7964128,419.6341895,669.3888892,786.3467344,863.7910015,391.7719241,888.3012184,982.0872645
Morocco,1.690785436,1.712900836,1.980444737,2.46145783,2.444819005,2.316171557,2.32653668,2.632961849,2.622071806,2.865742145,2.607731158,2.840554151,2.808980549,2.950536881,3.008481161,3.158779624,2.95588257,2.702496782,2.818605184,2.590004013,2.525827526,2.142050359,2.156398429,2.104845744,2.152859888,1.985443855,1.892230796,2.143800085,2.271428104,2.693954364,2.698071793,2.752458705,2.558118408,2.529103601,3.777375074,4.28353416,4.84343659,4.983674266,4.680038999,4.322588589,4.922874711,5.262392736,5.537054338,5.648076588,5.496567988,4.287528486,3.369428162,3.375162099,3.440853815,3.567476543,3.558283468,3.676814137,3.738291332
Tunisia,55.76198882,55.80318312,54.44122249,54.55059272,59.41951055,66.06559432,54.01155636,62.31447594,71.8243637,80.62242766,82.50056694,87.22269999,88.26978821,89.45340556,89.40375921,85.72619205,83.43578448,79.33434323,77.24141768,78.55166717,71.28003581,78.122292,81.54872174,72.68871563,68.9630095,65.94438066,73.03390996,82.18222834,92.0448756,101.5654301,96.021042,98.88114386,96.95976981,95.06740383,99.34620484,105.210778,118.3697617,120.7682212,148.7136316,148.4014766,146.056782,131.3284868,129.3553309,123.0386787,111.7215875,104.446559,98.10292413,87.32842297,84.40683022,78.1450495,75.63907572,81.1310513,77.73585942
Australia,72.84021416,74.97769707,82.65428485,103.6048567,105.1364857,113.9162661,118.8762521,127.7219783,130.2281612,133.7006619,130.2474272,133.4790304,139.490321,136.6838408,150.2549644,171.8383853,192.9301298,183.1702374,192.3294013,191.5840769,190.9832964,201.9381502,221.5441294,221.4011894,233.9168977,270.0031442,278.9841423,280.8765567,281.5278176,259.7363569,277.170317,279.2763103,252.8714405,233.9761695,219.1981073,212.5551057,205.7884457,206.078343,210.3209474,217.5891761,239.2522902,237.9734333,246.7582376,277.5744815,260.2412009,279.5755286,285.2377449,336.8396372,348.7950226,390.3648763,391.3211546,381.0918812,386.5934097
Cook Islands,1.04324E-06,1.04324E-06,1.04327E-07,1.25191E-07,8.34576E-08,1.25191E-07,8.34576E-08,1.04327E-07,1.25191E-07,1.25191E-07,,,,,,,,,,,,,,,,,,,,,,,,,3.11089E-06,3.49491E-05,3.84694E-05,2.44008E-05,2.76842E-05,1.82129E-05,2.75273E-05,2.93168E-05,3.70229E-05,4.57282E-05,4.18679E-05,2.09676E-05,4.57866E-05,5.13474E-05,4.7585E-05,4.92792E-05,5.30589E-05,5.94772E-05,6.66718E-05
Fiji,3.70352E-05,3.70352E-05,3.70361E-06,4.44429E-06,2.96274E-06,4.44429E-06,2.96274E-06,3.70361E-06,4.44429E-06,4.44429E-06,,,,,,,,,,,,,,,,,,,,,,,,,0.000120709,0.000714255,0.00081828,0.000558951,0.000458302,0.00027948,0.000540224,0.00036744,0.000430148,0.000572992,0.000561001,0.000321791,0.000649922,0.000753813,0.000725299,0.000751351,0.000808973,0.000906409,0.001015581
Kiribati,1.04324E-06,1.04324E-06,1.04327E-07,1.25191E-07,8.34576E-08,1.25191E-07,8.34576E-08,1.04327E-07,1.25191E-07,1.25191E-07,,,,,,,,,,,,,,,,,,,,,,,,,2.89928E-06,2.64792E-05,3.02362E-05,2.08531E-05,2.57172E-05,1.60346E-05,2.02715E-05,1.78444E-05,2.09834E-05,2.64286E-05,2.28814E-05,1.30171E-05,2.93518E-05,3.51278E-05,3.27073E-05,3.36894E-05,3.62804E-05,4.0933E-05,4.61824E-05
New Caledonia,5.21622E-05,5.21622E-05,5.21635E-06,6.25957E-06,4.17288E-06,6.25957E-06,4.17288E-06,5.21635E-06,6.25957E-06,6.25957E-06,,,,,,,,,,,,,,,,,,,,,,,,,0.000105192,0.000841257,0.000844455,0.000695969,0.000763977,0.000551391,0.00071907,0.000649056,0.000843606,0.001157354,0.001173495,0.000588404,0.001255498,0.001235451,0.001226015,0.001259356,0.001355941,0.001509449,0.001680335
New Zealand,1.500591987,1.563186509,2.605641948,2.827309521,3.086941996,3.091042519,5.893765408,8.38375859,7.702235622,5.672656391,5.282836725,6.06828728,9.200118141,10.12837783,12.3561598,15.44339704,18.3055871,18.53139885,20.18405782,21.44383029,25.63493704,29.56646862,28.29239204,31.89521011,33.5473062,24.97216048,29.99465537,37.22568718,33.42962825,30.83041988,30.26138023,32.07218317,27.81011612,21.68153865,23.30715656,27.19648119,36.1509402,37.63583301,26.92039024,27.95754687,35.29927887,36.3736806,28.9760517,22.36537992,24.171369,25.37266434,23.93058616,23.91215835,20.69028453,21.07163559,19.51314362,17.24428046,16.03304148
Palau,3.679230577,3.679230577,3.679230577,3.679230577,3.679230577,3.679230577,3.679230577,3.679230577,3.679230577,3.679230577,3.679230577,3.734685025,3.707945037,3.849373625,4.257214859,3.444917199,3.755286551,3.936715679,3.768066206,3.934885822,3.976481792,3.946842433,3.607387196,3.691931085,5.525591564,4.199403642,3.908608707,3.224131924,2.774529918,3.284710006,2.041403175,1.950490127,0.93943072,1.050234349,1.209527598,2.130117505,2.079022684,1.551673436,1.592315705,2.035006452,1.587401915,1.347917898,1.34729489,0.643182375,0.753643158,0.900008582,0.861617816,0.900749913,0.811332865,0.844914735,0.86316905,0.855801144,0.848562075
French Polynesia,7.82434E-06,7.82434E-06,7.82452E-07,9.38935E-07,6.25932E-07,9.38935E-07,6.25932E-07,7.82452E-07,9.38935E-07,9.38935E-07,,,,,,,,,,,,,,,,,,,,,,,,,5.52319E-05,0.000404675,0.000404688,0.00032107,0.000363574,0.000258263,0.000328831,0.00030005,0.000347923,0.000437457,0.000371361,0.000210341,0.000436462,0.000447868,0.000426386,0.000436203,0.000469666,0.000521532,0.000579124
Solomon Islands,3.65136E-06,3.65136E-06,3.65144E-07,4.3817E-07,2.92102E-07,4.3817E-07,2.92102E-07,3.65144E-07,4.3817E-07,4.3817E-07,,,,,,,,,,,,,,,,,,,,,,,,,1.79038E-05,0.000128407,0.000136938,0.000109543,0.00012301,9.05893E-05,0.000119031,0.000116832,0.000139904,0.000172958,0.000141321,6.97017E-05,0.00013996,0.000148243,0.00014368,0.000144773,0.000155877,0.000173112,0.000192253
Tonga,1.04324E-06,1.04324E-06,1.04327E-07,1.25191E-07,8.34576E-08,1.25191E-07,8.34576E-08,1.04327E-07,1.25191E-07,1.25191E-07,,,,,,,,,,,,,,,,,,,,,,,,,6.99781E-06,5.21465E-05,6.08944E-05,3.86955E-05,4.64052E-05,3.62074E-05,4.1975E-05,3.76628E-05,4.45123E-05,5.26194E-05,4.98466E-05,2.82127E-05,6.20925E-05,7.88916E-05,6.39376E-05,7.61701E-05,8.20123E-05,9.27722E-05,0.000104944
Vanuatu,4.17298E-06,4.17298E-06,4.17308E-07,5.00765E-07,3.3383E-07,5.00765E-07,3.3383E-07,4.17308E-07,5.00765E-07,5.00765E-07,,,,,,,,,,,,,,,,,,,,,,,,,5.44767E-06,3.82182E-05,3.65511E-05,4.42753E-05,4.81588E-05,3.98428E-05,5.13977E-05,5.63056E-05,5.55224E-05,6.64187E-05,6.61591E-05,3.32712E-05,7.17771E-05,8.45687E-05,0.000100791,9.93762E-05,0.000106984,0.000121727,0.000138501
Samoa,3.65136E-06,3.65136E-06,3.65144E-07,4.3817E-07,2.92102E-07,4.3817E-07,2.92102E-07,3.65144E-07,4.3817E-07,4.3817E-07,,,,,,,,,,,,,,,,,,,,,,,,,1.31817E-05,9.37292E-05,0.000100047,8.07001E-05,9.16131E-05,6.87052E-05,8.7496E-05,8.40135E-05,0.000101029,0.000122849,0.000108336,6.88695E-05,0.000153599,0.000161245,0.000145662,0.000162236,0.00017468,0.000195842,0.000219567
Austria,16.0844307,16.26054654,16.24946012,17.65256243,17.10523825,17.32242463,16.95433984,17.68111424,18.24556118,18.20560205,16.96846647,15.21251968,15.12964554,14.46281115,14.51531554,14.06971701,13.93206253,13.95160877,14.57757396,14.68539126,14.5786453,15.463887,16.08581255,16.69854418,16.86143041,17.59671788,18.2982799,18.66862732,19.54815659,20.73390994,21.81492283,21.95508449,22.25209235,23.39363919,23.56609641,23.11074261,24.13193695,24.47651907,20.31346992,20.92455442,20.66233724,20.32379925,20.58387968,18.88454586,18.20119641,17.1825838,16.11471847,15.50953251,16.49815962,16.21285515,15.52029323,15.33549367,15.3338671
Belgium,19.31830289,19.82421566,22.00070152,24.93403641,28.37821232,29.85225744,30.57952017,34.88802706,37.97360901,39.91403983,42.12138392,41.50344987,40.94541385,39.77051128,43.27487449,44.22697818,42.47109167,42.81219975,41.11440659,41.80239308,41.85061309,43.65743941,44.69006694,46.49779059,48.28703053,49.39938616,47.92461735,48.94857203,49.65705537,51.03349384,52.56914183,54.78904874,57.85714512,58.10930541,62.7353321,66.51160325,71.58855734,76.27013635,76.63137876,77.0577279,77.4547142,78.34289066,79.3086882,69.22474219,58.47609128,47.66158294,36.45890751,25.46000753,25.53290128,25.69377729,25.45827277,25.62256485,25.74698368
Switzerland,1.278611952,1.695691012,2.547600282,3.581986556,3.643550726,3.64478489,3.705177237,3.783600017,3.835477331,3.973452843,4.174671912,4.292008166,4.429496738,4.562289072,4.673557498,4.960308065,5.069844534,5.162279526,5.336298387,5.467771294,5.675035749,5.961185373,5.96414031,6.185476095,6.271531788,6.256533641,6.533326574,6.609786214,6.51725862,6.516865657,6.553167258,6.578076683,6.652304698,6.673877961,7.807413811,9.00023823,10.20182118,11.12111985,12.256474,13.41712318,14.01463259,15.34872476,16.3508456,18.33203569,20.48163624,22.87203672,24.64528516,26.55173407,28.64754144,30.90594611,33.37155339,36.04748909,38.96118647
Germany,107.8794257,125.2074184,143.6068706,163.3317069,179.1920146,180.460013,190.0745291,198.4211058,210.7113225,217.1909729,213.4674216,217.291236,212.3537909,220.974615,225.1212529,227.1103323,224.965145,232.0906975,227.2590755,227.8806195,242.8515083,248.3946069,253.2574113,261.9615399,274.4393687,281.8528931,291.9612722,293.2797136,297.2402521,293.300888,269.8015546,269.9024268,268.6326901,267.6167643,265.9115148,268.5497855,273.6842129,267.8811444,260.1385081,260.9648247,260.8359833,260.4764605,246.7322234,245.8701191,238.8666101,235.303861,239.272133,238.4297635,235.5331867,238.0371902,235.6699543,236.338217,237.0017917
Denmark,0.946257089,0.9407224,0.944152895,0.937548224,0.919875705,0.904671303,0.930838653,1.10667678,1.080242534,1.120922856,0.958877474,1.17662596,1.676817962,2.240041036,3.360999781,6.54357568,9.591237323,12.17943381,12.79987218,14.68212272,15.37705494,19.57077464,20.54298715,21.91113662,23.65705948,24.43586882,28.28648206,33.71928,32.48713703,36.45164192,37.45338064,37.8413262,38.474223,36.66851544,41.97789791,44.07153113,43.61404779,39.99427175,41.92280113,36.65423824,36.4827676,31.40489338,28.96603926,26.80676786,26.64684837,27.05652683,27.07725803,28.21195068,26.22857892,23.23081455,17.94549385,18.00600793,18.54191136
Spain,2.45614739,2.595879019,2.800240154,4.149590724,6.866857207,7.854959312,7.310806168,5.738102155,6.146124064,6.485377707,7.35398736,6.942557235,7.214255044,9.727605275,10.62690387,10.04212853,10.42615774,11.00185172,11.7118981,13.29444814,13.03619884,13.55537132,13.74332491,11.75611641,10.42591219,10.95336494,12.12559609,11.66951362,12.30241571,13.05933216,13.84027232,15.45156707,16.85173566,16.10260166,16.83310048,18.00924056,18.37428072,19.95578212,21.76854093,22.79239823,23.67254156,24.93228718,25.1626739,27.48055026,28.85369147,27.3975179,28.1761911,29.00677925,30.73414066,31.72080608,33.15442391,33.5676072,35.15393022
Finland,0.377525087,0.384995068,0.448218824,0.454690804,0.480078558,0.57920426,0.767899864,0.80612604,0.81694246,0.877563723,0.887564869,0.876161838,0.815058882,0.918544036,0.859344582,0.915617656,0.963764884,1.062987023,1.101908672,1.02707589,1.102872878,1.142191512,1.321220368,1.272531074,1.580057053,1.489866605,1.698347931,1.577033098,1.562731582,1.532530513,1.520527015,1.432358449,1.50867164,1.526575164,1.686484631,1.729375705,1.879617769,2.002683425,2.093985797,2.205600237,2.034205963,2.080050111,2.012976443,1.980634986,1.888222986,1.754136691,1.90296962,1.882912345,1.814868171,1.889466717,1.789496283,1.786942758,1.794035247
France,59.49558071,62.06557564,64.54404913,64.81565217,64.15210647,78.68952954,81.0332975,86.47926313,89.12475962,89.47055694,89.64143865,89.44020634,89.06849099,90.6512645,93.23773541,94.70851406,92.52847757,92.42243592,88.42201216,89.41877168,91.28407685,96.29173434,98.65037062,100.6620486,102.6139789,102.2820215,96.50032221,93.4825495,92.98936039,91.31271095,90.90956576,91.49445136,91.20177122,92.01917895,90.86487249,88.82239707,89.01403102,90.16289522,88.82707998,87.67368198,86.42265041,86.97044475,84.46586899,84.00817484,83.79882552,84.776088,85.73837196,86.48532633,87.23667034,87.95579711,88.62427117,89.58225644,90.44592749
United Kingdom,58.67306771,80.09026746,105.4528563,113.981208,132.8276965,138.9998783,161.9404112,202.5088324,220.2874049,253.9164124,255.1882022,261.3056354,281.0744756,302.6889846,318.3774346,340.0421556,350.5837882,354.5295623,343.4211733,320.8093998,288.3716817,304.7861906,311.4586668,346.4857615,384.0667383,407.0726856,447.4048992,448.3218027,465.1540743,484.0140559,502.6096192,488.1600263,470.4992455,461.0502846,440.9572333,398.8253344,368.5466229,351.2500152,335.8560584,301.0108973,291.9549157,249.7110586,233.2594008,219.1712004,218.9028014,228.6889063,232.2145546,235.201909,238.1147874,229.1964667,217.9439632,189.0374675,197.8985219
Greece,35.77044377,37.22312017,38.86381779,41.7572995,42.96141353,44.28422301,45.21029428,46.13113338,47.39088094,49.173912,50.14499884,53.12606345,55.38456102,56.89645925,57.96340049,58.66512724,60.23217445,60.70546591,61.21159727,60.91126184,61.09867676,60.86546905,60.70862115,60.02783984,60.51860604,60.91667947,62.03578305,62.16282955,62.37260349,59.50881595,60.6573022,59.37446592,59.35702229,58.4752123,57.45895753,56.45541359,55.31037583,54.64815958,53.583865,51.82649542,51.18723535,50.80827311,51.37521551,43.25901123,36.00725788,28.30985517,21.11432826,13.29431495,13.75967949,13.03619121,12.55425794,12.08604053,11.78971003
Ireland,3.023540292,3.241691223,3.335696619,3.305769261,3.255429135,3.177195262,2.991070335,2.897730645,2.895181605,5.998411698,7.764571753,9.617195431,12.52481359,13.1062004,14.11782732,15.17312862,12.30467831,12.85744444,15.42978956,17.75614526,19.36883395,21.18506728,22.58609098,25.29604879,26.70588949,27.8152619,28.74863169,19.06853551,8.099614295,16.21940881,24.75745301,24.93279657,25.29147682,52.37320674,26.25223756,24.81297403,24.58316976,23.99467098,23.58837694,22.68471083,22.33734684,21.86352657,21.4703992,21.08312294,20.61125507,20.19694963,30.48989645,31.78946749,31.6354119,29.03890233,26.6854668,25.03581242,24.04816532
Italy,64.21922941,66.69158236,71.40996903,78.50797924,83.3630478,85.31755341,92.7249374,90.92633791,95.23784321,97.25426607,95.86212163,100.5700354,104.0245787,103.6740073,110.4970243,115.6106563,125.1147099,133.3287941,141.6743176,147.8003295,150.3558612,152.9788315,155.4333933,159.9819336,163.200668,165.2860341,165.6863939,166.7742075,166.350666,161.1018259,155.2512483,151.8950377,154.9858156,151.8865342,144.8427957,142.3659756,141.5699974,141.3263729,140.1523234,137.3470433,140.8112503,142.613378,144.4326964,144.7207375,146.3509891,146.1155908,141.6963097,142.2857927,142.1777021,142.0483282,144.2960169,141.6585758,140.946935
Luxembourg,0.0803832,0.124073686,0.173538355,0.238145975,0.314056595,0.38271803,0.441352311,0.493759717,0.534825851,0.557732154,0.566145773,0.563588149,0.560680973,0.563756996,0.569830101,0.58791339,0.597644462,0.607871758,0.598238684,0.598724537,0.591210179,0.583915791,0.572230732,0.576499345,0.585370026,0.585524179,0.586517323,0.585456187,0.576322485,0.56215717,0.550599453,0.535892111,0.526416072,0.504818553,0.4881683,0.470410332,0.452173898,0.433238701,0.413568745,0.392750404,0.371533069,0.349588565,0.326887782,0.303621536,0.279483566,0.254688152,0.229028941,0.202252444,0.202210256,0.202275179,0.202339473,0.202410489,0.20247849
Netherlands,139.6036772,173.5471522,213.432206,248.6581773,285.7128085,302.8858213,320.2706571,321.7789673,301.6087817,314.3956558,306.5755938,290.2756797,260.5044956,283.4364571,299.7673005,317.1311113,317.2948756,331.6365707,302.2929432,307.5642155,292.3889085,314.6974069,313.9742912,317.3398747,308.325692,309.1696235,329.1932881,278.5608717,267.2444841,247.3543463,239.4278012,247.0833182,241.55433,234.1703833,260.9248059,242.5977838,236.3389737,232.150742,256.6170418,233.2799458,263.4282773,246.2244667,241.380858,251.0036434,218.7825667,177.2129067,170.578455,152.0994442,133.8359035,120.8976683,97.66074255,92.04882538,82.56937228
Norway,13.49488459,13.33182187,16.00016512,15.16525771,14.87819657,30.99337196,41.1307629,48.07361429,87.10025184,111.4089042,135.6546223,134.0481831,132.3118567,146.9044851,161.2225019,167.564385,174.9158663,200.7983524,219.1476894,257.9095503,269.5067494,298.350381,333.899944,351.3327045,389.1698175,420.5553836,484.6925061,500.6975164,484.8720722,496.1304018,538.4510701,544.2094668,574.7933286,590.802693,599.4988968,591.709698,576.5393961,559.127945,584.6542567,586.8380634,568.9998846,542.9487175,566.6052555,545.4840275,550.5336241,587.5353873,589.400616,611.7124445,586.8349366,558.1780023,584.9384642,601.2039575,613.6409855
Portugal,0.607902998,0.632903588,0.67321513,0.666154939,0.728346783,0.749221171,0.760017945,0.769548756,0.7897128,0.848939369,0.84064263,0.851689098,0.89004947,0.879308701,0.82531904,0.805692674,0.869527438,0.8302349,0.971593423,1.041011291,1.048066777,1.079820572,1.087857932,1.084466141,1.16864452,1.231593165,1.244813837,1.45729147,1.709934717,2.035021886,2.508769361,2.879917192,3.173015139,3.419983151,4.287262467,5.076283446,6.019409547,6.56252141,7.192078467,7.917008183,8.714745631,9.377439534,10.28144421,11.85397301,13.01868276,14.38333634,15.16139173,16.15257563,17.09335723,18.06610024,19.37640517,20.97531894,22.72601167
Sweden,1.601404898,1.592583018,1.559417276,1.507540443,1.464052057,1.540386128,1.644023044,1.635810905,1.633320802,1.520305813,1.57894096,1.308058174,1.208998174,1.22409479,1.205106768,1.279240599,1.397178607,1.416757356,1.423949446,1.605390995,1.76697002,1.792739058,2.012168384,2.171461981,2.186082883,2.133392971,1.898080301,1.952157592,1.925151213,1.946356239,1.861515889,1.500740631,1.445138451,1.34360258,1.378051763,1.316341863,1.317098694,1.286249673,1.531606211,1.484268559,1.469598703,1.467478559,1.568279677,1.43282467,1.480295043,1.467851143,1.469580592,1.373228991,1.575338015,1.517194956,1.643819882,1.690553958,1.733858929
Aruba,0.000301429,0.000345467,0.00037877,0.000538614,0.000468008,0.000374128,0.000441009,0.000729147,0.000513967,0.000522755,0.00066118,0.0005473,0.000648736,0.000579249,0.000496204,0.000134926,5.5114E-05,7.41398E-05,7.15021E-05,9.43408E-05,0.000118517,0.006553971,0.000971937,0.001182663,0.001477934,0.001472617,0.001230391,0.001857972,0.001622116,0.002033629,1.836648341,1.836736241,1.838547148,1.972842202,2.20466141,2.222328661,1.225242262,1.256762864,1.129707748,1.005240414,0.637581312,0.839013538,0.11334075,,,,,,,,,,
Netherlands Antilles,10.74364541,10.74364541,10.13458521,11.61113419,10.58960936,6.74058939,7.124448411,7.157439223,7.215476729,6.993156059,7.513971144,6.874924708,6.223542759,6.33822338,5.271286403,2.270099606,2.201758773,2.620701227,2.702914018,2.693583834,2.84225443,2.789999234,3.226409764,3.395305859,3.406249787,3.41786645,3.430641946,3.299918913,3.471692832,2.941099094,3.033460601,3.40076709,2.832989409,2.601590633,3.02225138,3.145316431,2.920075338,3.086224669,2.87576733,2.664725737,1.253190069,2.324333529,2.411362697,2.476915982,2.645299667,2.522225039,2.277741033,1.233158013,0.919445162,,,,
Antigua and Barbuda,0.00124118,0.001240136,0.001205177,0.001538897,0.001213353,0.00088776,0.000964708,0.001479429,0.000972371,0.000926402,0.001101967,0.000768679,0.001173245,0.0005851,0.000524831,0.000135542,5.35974E-05,8.42691E-05,7.90346E-05,7.72687E-05,9.64978E-05,9.15533E-05,0.000641295,0.000758147,0.000908323,0.00086083,0.001086606,0.001044784,0.000912157,0.001143562,0.000901898,0.000789024,0.000844671,0.000889845,0.000900114,0.000937969,0.001044285,0.001093084,0.001163635,0.001310252,0.001421062,0.001018812,0.000193422,,,,,,,,,,
Bahamas,0.012411798,0.012401362,0.012051766,0.015388974,0.012133529,0.008877605,0.009647078,0.014794295,0.009723707,0.009264019,0.011019672,0.008916682,0.008626804,0.005558452,0.004055512,0.000924152,0.000361835,0.000508387,0.000451103,0.000504227,0.000639889,0.00054588,0.003272018,0.004080176,0.004976339,0.005215196,0.007410556,0.006790868,0.006656445,0.007399097,0.006639766,0.005914724,0.006128023,0.004399158,0.004730434,0.004679441,0.005831499,0.006692133,0.006858386,0.005559457,0.006533486,0.004101985,0.000869736,,,,,,,,,,
Belize,0.000709246,0.000708649,0.000688672,0.00087937,0.000693345,0.000507292,0.000551262,0.000845388,0.00055564,0.000529373,0.000629696,0.000461208,0.000483101,0.00040957,0.000357839,9.24152E-05,4.48568E-05,4.6289E-05,3.14257E-05,4.53643E-05,7.34903E-05,7.97216E-05,0.000461508,0.000545683,0.00058194,0.000596553,0.000628534,0.000993152,0.000860762,0.001112915,0.000914505,0.0008324,0.000786295,0.000801329,0.000730978,0.000810172,1.578769777,2.008599769,2.184189758,2.074585533,1.787377611,2.009441568,1.02101652,0.556996249,0.540588264,0.471245558,0.424132207,0.284362707,0.225754803,0.19231337,0.191841451,0.256951202,0.223692365
Bermuda,0.001684458,0.001683042,0.001635597,0.002088504,0.001646693,0.001204818,0.001309246,0.002007797,0.001319646,0.00125726,0.001495527,0.001014657,0.001207753,0.001082435,0.000858814,0.000215636,7.89649E-05,0.000143169,0.0001461,0.000173357,0.000148938,0.000126949,0.000697138,0.000944372,0.001028633,0.000936673,0.00121544,0.001134115,0.000990148,0.001241338,0.001001145,0.000885635,0.000933337,0.000931158,0.000937572,0.001013493,0.001235067,0.001413782,0.001406365,0.001203219,0.001576332,0.000735281,0.000151736,,,,,,,,,,
Barbados,1.468483084,1.468480587,1.542368434,1.891938897,1.615219716,1.599059198,1.413006974,2.066518287,1.782232626,1.774149155,1.952150171,1.659323477,1.792260331,1.745014886,2.782603862,2.0219065,1.489525757,0.993724814,0.895859829,0.729943297,0.594129939,0.520366211,0.75510887,0.648549485,0.683232399,0.680490338,0.709531713,0.73112953,0.96534831,1.170544306,1.664102916,1.407989851,1.135359627,1.192456518,1.301314294,1.314624514,1.014985834,0.909606382,0.840633735,0.813490443,0.802827484,0.878250891,0.731398484,0.63561309,0.684506451,0.645722959,0.625613343,0.69113799,0.734993976,0.684335502,0.684543929,0.612244121,0.609498073
Costa Rica,0.112398624,0.112398624,0.109077097,0.10682144,0.105354997,0.072894606,0.069076991,0.096314995,0.114243914,0.11044593,0.137248294,0.137168212,0.114712612,0.086978484,0.108136218,0.110448056,0.165328767,0.16637019,0.166024485,0.174469993,0.130646034,0.102996801,0.140886196,0.144300532,0.148166665,0.194006065,0.164343134,0.16510699,0.019037714,0.009371169,0.014235545,0.087341138,0.142281338,0.146120976,0.143924298,0.134811193,0.183938938,0.200611855,0.162746588,0.100291363,0.136284782,0.040528473,0.006303071,,,,,,,,,,
Cuba,2.694777403,2.695045491,2.769339953,4.031632461,4.5277567,5.483321976,5.564663953,6.564983555,6.95623383,7.238259572,7.433340837,9.845614198,12.34132607,14.4936839,17.26695454,19.39928543,20.3408273,20.58292881,17.78797941,18.0122313,16.59654731,15.38209634,17.30743436,20.46316633,24.90222333,26.92654536,30.75145619,31.08084565,23.47467777,28.35952725,31.31187768,32.04586325,33.23617412,34.46794875,33.96323802,33.76237145,37.69951136,39.16860713,39.48707184,38.97257111,29.53769572,27.12926833,27.03666909,26.87975796,28.48284417,28.59327175,26.20455703,24.48238249,23.39471856,22.0881312,20.52802007,19.70735551,18.37609639
Cayman Islands,0.000310295,0.000332179,0.000344336,0.000467165,0.000390006,0.000301204,0.000344538,0.000554786,0.000382003,0.000380486,0.000472272,0.00038434,0.000465847,0.000424198,0.000369767,9.85762E-05,4.07364E-05,5.44701E-05,5.39025E-05,5.27015E-05,6.79435E-05,6.34535E-05,0.000451487,0.000507525,0.000656971,0.000623567,0.00078717,0.000734611,0.000641358,0.000804066,0.00087817,0.000778344,0.000806365,0.000820365,0.000756893,0.000800074,0.000875117,0.001046271,0.001122701,0.001118121,0.001259724,0.000958182,0.00016311,,,,,,,,,,
Dominica,8.86557E-05,8.85812E-05,8.6084E-05,0.000109921,8.66681E-05,6.34115E-05,6.89077E-05,0.000105674,6.9455E-05,6.61716E-05,7.87119E-05,9.22415E-05,0.000103522,8.7765E-05,7.15679E-05,1.8483E-05,5.90151E-06,1.04788E-05,1.05304E-05,1.02995E-05,1.24168E-05,1.17805E-05,8.24823E-05,9.75539E-05,0.000144982,0.000160712,0.000202877,0.000189388,0.000165347,0.000207297,0.000192886,0.000187839,0.000169644,0.000194809,0.000219452,0.000221447,0.000238247,0.000299923,0.000280001,0.000300793,0.00035491,0.000248858,4.53541E-05,,,,,,,,,,
Dominican Republic,,,,0.347992253,0.387765423,0.45165174,0.44849117,0.452114051,0.425442505,0.454257979,0.423787408,0.43525809,0.353828242,0.465002016,0.482397322,0.465003454,0.490277613,0.521041972,0.486030657,0.517078889,0.417728907,0.506473946,0.51015565,0.559036992,0.589780867,0.593268357,0.54875567,0.594409638,0.564613149,0.585732549,0.590715678,0.484043969,0.552114028,0.557049181,0.570227494,0.576867749,0.586828036,0.526780413,0.530773072,0.394433324,0.427991307,0.413487588,0.39668754,0.433959554,0.430382772,0.281203875,0.380309248,0.32113041,0.409495265,0.392512068,0.1922194,0.174422505,0.159081727
Guadeloupe,0.001551475,0.00155017,0.001506471,0.001923622,0.001516691,0.001109701,0.001205885,0.001849287,0.001215463,0.001158002,0.001377459,0.001506612,0.002139447,0.001901576,0.001693773,0.000400466,0.000158388,0.000227292,0.000233189,0.0002525,0.000327822,0.00032372,0.002156546,0.002890953,0.00335682,0.003066221,0.00383761,0.003673242,0.003206951,0.004020514,0.003495547,0.003208201,0.003281277,0.003303436,0.003144125,0.003209049,0.003569327,0.003718398,0.003612335,0.003829481,0.0045925,0.005070717,0.003750734,0.003747682,0.003650023,0.004162735,0.003903327,0.003915535,0.003939949,0.003976572,0.003943001,0.004034557,0.004060803
Grenada,0.000132984,0.000132872,0.000129126,0.000164882,0.000130002,9.51172E-05,0.000103362,0.00015851,0.000104183,9.92573E-05,0.000118068,0.000122989,0.000138029,0.00011702,9.54238E-05,2.46441E-05,1.11136E-05,1.74707E-05,1.68971E-05,1.65254E-05,2.98559E-05,2.83261E-05,0.00020372,0.000278533,0.000358055,0.000291147,0.000395671,0.000491224,0.00036514,0.000457775,0.000381567,0.000347119,0.000356717,0.000378908,0.000359147,0.000387848,0.000432678,0.000460146,0.000497351,0.0005218,0.000605552,0.000441383,8.12282E-05,,,,,,,,,,
Guatemala,0.217413609,0.217413609,0.238580911,0.259343297,0.254530878,0.204374781,0.277091606,0.23601994,0.235885857,0.711645901,1.542157032,1.532662602,1.924687608,2.177821065,1.59234785,1.035185591,1.581727586,1.284812361,1.108651713,1.280629254,1.298451284,1.369831628,1.678260593,2.20647312,2.509464116,2.961850132,4.263024852,5.37089483,7.540331832,7.257545074,6.462252838,6.565135441,6.383210475,6.940262601,6.0066946,5.304953342,5.607530645,4.719951389,4.52851498,4.072381484,3.602757179,3.30682611,3.197242663,3.007998817,3.128699185,3.026649216,2.711546353,2.913115341,2.791095045,2.910366861,2.384565748,2.159394048,2.046186852
Honduras,0.152065689,0.152065689,0.155865644,0.162732976,0.156888312,0.164116119,0.125135449,0.123055542,0.115182609,0.126568205,0.132099063,0.068585887,0.060279621,0.083586069,0.109045581,0.093632272,0.053519693,0.083848083,0.112493587,0.119517556,0.113520817,0.108312708,0.078174624,,,,,,,0.00184943,,0.001414267,0.001196695,0.00184943,0.00239338,0.002175798,0.00369886,0.015774554,0.026544758,0.032310629,0.036335858,0.031113944,0.027741452,0.038838034,0.0413402,0.042101729,0.021866794,,0.027188904,0.025266913,0.022521272,0.018605181,0.015370035
Jamaica,0.454148187,0.454148187,0.450533634,0.492780384,0.431423165,0.377057456,0.31874241,0.247717906,0.252429281,0.282321858,0.231774058,0.194772922,0.285031455,0.254935593,0.165920969,0.224298872,0.205509884,0.164267628,0.186717145,0.221427478,0.337582028,0.231883309,0.315174205,0.192884678,0.211419748,0.190113218,0.184544466,0.185495816,0.187798517,0.134413813,0.278730484,0.278575922,0.303130363,0.232384441,0.19836067,0.122436641,0.26707585,0.283595145,0.2972448,0.313061495,0.301207983,0.319198652,0.316815204,0.306653063,0.251583903,0.319988521,0.321049686,0.267779515,0.271943827,0.350161747,0.291540813,0.285851271,0.280273566
Saint Kitts and Nevis,0.000177311,0.000177162,0.000172168,0.000219842,0.000173336,0.000126823,0.000137815,0.000211347,0.00013891,0.000132343,0.000157424,0.000122989,0.000138029,0.00011702,9.54238E-05,2.46441E-05,8.20359E-06,1.03599E-05,1.03135E-05,1.0087E-05,1.21605E-05,1.53833E-05,0.000107712,0.000157688,0.000206121,0.000157242,0.00023158,0.000216073,0.000188644,0.000236501,0.000330623,0.000301582,0.000325283,0.000327324,0.000354241,0.000331332,0.000369323,0.000390252,0.000405764,0.000445475,0.000503956,0.000374,6.83074E-05,,,,,,,,,,
Saint Lucia,0.000354623,0.000354325,0.000344336,0.000439685,0.000346672,0.000253646,0.000275631,0.000422694,0.00027782,0.000264686,0.000314848,0.000184483,0.000276058,0.000204785,0.000166992,5.54491E-05,2.16375E-05,2.96478E-05,3.52302E-05,3.4451E-05,4.1533E-05,3.94049E-05,0.000275951,0.00032631,0.000433848,0.000386129,0.00048728,0.000454797,0.000397064,0.0004978,0.000641869,0.000615771,0.000547595,0.000616127,0.000593806,0.000626954,0.000680566,0.000704045,0.00075249,0.000791597,0.000928088,0.000676704,0.000124474,,,,,,,,,,
Montserrat,4.43279E-05,4.42906E-05,4.3042E-05,5.49606E-05,4.3334E-05,3.17057E-05,3.44538E-05,5.28368E-05,3.47275E-05,3.30858E-05,3.9356E-05,3.07472E-05,3.45072E-05,2.9255E-05,2.3856E-05,1.2322E-05,1.95894E-06,3.11448E-06,2.91359E-06,2.85575E-06,4.05329E-06,7.01932E-06,4.91604E-05,5.81266E-05,6.51253E-05,8.41691E-05,0.000106236,9.91374E-05,8.65526E-05,0.000108513,5.01797E-05,4.38996E-05,6.27731E-05,6.30294E-05,6.15214E-05,6.31808E-05,6.81216E-05,7.69156E-05,0.000107359,9.3497E-05,0.000141768,7.06022E-05,1.2467E-05,,,,,,,,,,
Martinique,0.001994753,0.001993076,0.001936891,0.002473228,0.001950032,0.001426758,0.001550423,0.002377655,0.001562739,0.00148886,0.001771019,0.001383623,0.001552825,0.00128722,0.000930382,0.000295729,0.007478796,0.008768994,0.007519668,0.012870095,0.003030095,0.003366291,0.008343283,0.0033903,0.003769061,0.003406912,0.004300769,0.004074521,0.003530341,0.004425944,0.003894033,0.003411019,0.003532029,0.003493031,0.003414627,0.003438413,0.003679949,0.003813141,0.0039893,0.004278958,0.004788772,0.004993239,0.005053878,0.005111863,0.005282767,0.004528958,0.00456558,0.004385521,0.004385521,0.004361106,0.003651552,0.004360395,0.004319358
Nicaragua,0.126156303,0.126156303,0.133576613,0.15610588,0.159078004,0.173365878,0.184274081,0.197233062,0.16371177,0.124797246,0.150030521,0.169758389,0.156425823,0.142549335,0.112547753,0.130387365,0.137891377,0.137152822,0.13682119,0.145868841,0.160034975,0.16521431,0.174429928,0.168027736,0.177026399,0.157044872,0.161364291,0.20244933,0.2265917,0.216013614,0.220591546,0.245536996,0.219034062,0.217109598,0.223508149,0.199832862,0.210914691,0.210449666,0.185313376,0.210955636,0.202626683,0.20373592,0.142163238,0.181651496,0.181572237,0.19149506,0.172728244,0.182090954,0.174412083,0.140843409,0.140729863,0.130576823,0.121186414
Panama,1.086792076,1.086792076,1.096617772,1.008083895,0.978287302,1.13255258,0.810650011,0.793147523,0.657154665,0.60720596,0.529436033,0.408022588,0.459018294,0.455866026,0.411277377,0.344511952,0.263896895,0.385504229,0.272378868,0.25779336,0.318533038,0.301354611,0.452322936,0.457624011,0.314101568,0.35175034,0.548693495,0.557750504,0.646707792,0.676321753,0.608942355,0.610833902,0.272023912,,,,,,,,,,,,,,,1.219E-05,6.44E-07,8.165E-06,6.302E-06,6.302E-06,6.302E-06
Puerto Rico,0.331354681,0.331411407,0.333629272,0.329953921,0.316900013,0.316916819,0.311149371,0.341789004,0.370145084,0.361686386,0.363650222,0.336410832,0.329648844,0.320806344,0.32795591,0.331671145,0.325623776,0.319109921,0.31221459,0.296337146,0.291032582,0.469915206,0.538276278,1.332069701,1.082972354,0.569004687,0.658788412,0.78390489,0.493956334,0.311368754,0.407651309,0.047800586,0.0465156,0.048277964,0.049025095,0.048165347,0.047898736,0.047562986,0.046530398,0.045075904,0.045964377,0.045429705,0.045910922,0.045629002,0.048424395,0.05015288,0.050112039,0.051803967,0.055998199,0.056716587,0.051214808,0.05153272,0.051816857
El Salvador,0.129256135,0.129256135,0.131834968,0.167929633,0.1676384,0.184818298,0.193059277,0.203659709,0.200089472,0.201663563,0.175866101,0.165503718,0.155100527,0.164275419,0.172913429,0.183618081,0.182382115,0.19912834,0.188094119,0.183584395,0.184693298,0.210828857,0.225190123,0.253908531,0.231693942,0.206079786,0.211718001,0.217168171,0.250058063,0.271648708,0.265998405,0.274205352,0.264213211,0.25800304,0.271942389,0.279363419,0.240151928,0.265324196,0.228368588,0.236309679,0.219283541,0.203198103,0.152594973,0.001066675,,,,,,,,,
Turks and Caicos Islands,3.94251E-05,3.93919E-05,3.82815E-05,4.88818E-05,3.85412E-05,2.8199E-05,3.06432E-05,4.69929E-05,3.08866E-05,2.94264E-05,3.50031E-05,2.73465E-05,3.06906E-05,2.60193E-05,2.12174E-05,5.47959E-06,2.13123E-06,2.69142E-06,2.52445E-06,2.46784E-06,2.97514E-06,2.8227E-06,1.97735E-05,2.33746E-05,2.6189E-05,2.33085E-05,2.94238E-05,2.74535E-05,2.63655E-05,3.30541E-05,0.000118532,0.000110093,0.000146474,0.000151234,0.000152089,0.000183754,0.000227842,0.000267872,0.000296802,0.000322017,0.00037425,0.000269018,4.97055E-05,,,,,,,,,,
Trinidad and Tobago,57.31177424,57.31152004,60.83469796,65.45898383,67.72515934,70.48119821,73.49315005,80.29947472,84.83245023,82.21155215,86.0331862,89.70207016,89.95880374,86.69194256,91.98624733,94.69213223,94.26695043,94.66233299,102.9180059,102.4319814,104.8911349,102.0137311,99.82609921,99.84589926,106.0952746,105.0099635,110.197054,113.151284,129.2024646,158.9203627,205.1440866,217.3009523,253.5959322,354.3805307,392.9879247,422.9668488,506.2294445,529.2202344,519.540943,531.3882592,550.6160749,524.9633053,525.6364564,528.0680987,524.4128668,489.8331838,427.5672942,428.9695941,459.1890691,464.2159723,390.8047118,328.5758734,345.6592568
Saint Vincent and the Grenadines,0.000132984,0.000132872,0.000129126,0.000164882,0.000130002,9.51172E-05,0.000103362,0.00015851,0.000104183,9.92573E-05,0.000118068,9.22415E-05,0.000103522,8.7765E-05,7.15679E-05,1.8483E-05,6.06134E-06,7.65456E-06,8.46518E-06,1.34499E-05,1.70304E-05,1.5384E-05,0.000129949,0.000127394,0.000259674,0.000257319,0.000291589,0.000320334,0.000305512,0.00038302,0.000275932,0.000286952,0.000311866,0.000325249,0.000347134,0.00035887,0.000387429,0.000396695,0.000409406,0.000609677,0.000493396,0.000328557,7.44927E-05,,,,,,,,,,
Virgin Islands_British,8.86557E-05,8.85812E-05,8.6084E-05,0.000109921,8.66681E-05,6.34115E-05,6.89077E-05,0.000105674,6.9455E-05,6.61716E-05,7.87119E-05,9.22415E-05,0.000103522,8.7765E-05,4.77119E-05,1.2322E-05,2.90355E-06,9.71897E-06,9.1146E-06,8.91159E-06,1.07435E-05,1.0193E-05,7.13928E-05,8.4408E-05,9.4571E-05,8.41691E-05,0.000139318,0.000130005,0.000113502,0.000142299,0.00018422,0.000164836,0.000174476,0.000187469,0.000192572,0.000203278,0.000238886,0.000248036,0.000276995,0.000312035,0.000359786,0.000264771,4.87552E-05,,,,,,,,,,
Argentina,245.4750943,245.7738085,254.1935381,251.2668936,259.0932379,259.0056767,265.3642819,281.3315019,286.8367037,305.2996741,324.8623157,326.4901295,337.670234,360.8275482,370.6303788,367.8170606,375.0085055,377.6208155,422.276627,447.423585,442.096778,452.9615948,470.0729228,496.3936713,521.3412645,618.8024225,595.1482524,621.6955796,639.2635885,712.5098908,744.985027,742.8578433,737.1742298,779.5749294,798.4106198,776.528639,774.3641585,735.0537394,734.1834641,705.0016291,685.5162348,661.4965795,676.85716,649.5250275,641.1617889,665.7148146,675.2636601,678.4764549,694.1347783,720.2112225,669.08171,672.4013792,722.9789364
Bolivia,550.3554128,550.824666,681.664505,743.849142,717.41026,644.3590296,652.8823818,566.5382247,536.6625028,465.930796,425.3029286,356.2364191,386.3004081,358.3523625,344.219701,329.9824747,301.7584674,316.1375151,317.8235516,333.8415025,347.9194598,378.3288095,407.3539976,403.2467291,444.0234584,205.6950944,192.1726687,282.9498984,173.4064352,165.52489,148.4174002,139.436749,158.2723728,174.2551188,191.1134009,209.2412817,204.6963332,208.8228049,217.8570307,194.6810771,218.0088592,235.0091526,267.1910528,301.7696443,317.7146629,313.7809976,300.6163207,291.934777,273.2057787,241.5930575,232.2222504,240.6926771,228.7148121
Chile,231.0914905,231.0640746,252.5331798,232.5145145,210.7547399,186.8152668,181.4415915,162.7172674,150.0306628,166.2031497,240.5779028,295.4700058,309.0887466,282.41095,275.614359,261.921814,226.882663,219.9640091,185.0651938,175.7067916,159.4766197,139.1722023,128.0511724,120.1708933,111.787274,134.66223,149.2176528,136.3165888,121.0669731,131.6299794,127.8664015,124.0092514,109.1123734,87.93985601,82.8255125,80.61831252,62.84088823,56.45366984,52.27492289,54.90256448,47.39064178,44.73864972,45.71232161,42.77197739,37.07848853,34.9595435,36.05376615,37.75033749,42.11461337,49.45316862,40.36720969,41.61440686,42.73930315
Colombia,75.30722734,75.41704174,74.58523228,72.20630834,69.18479791,62.79527259,60.66668375,61.36370859,67.17753967,70.214969,73.42279887,78.22767208,84.41356243,91.30946017,96.29866104,99.43675285,130.8107767,154.0815377,150.4679966,157.4910148,169.4178997,165.6734594,190.2344672,171.21253,174.1512955,213.7334461,188.3764527,283.7061119,306.280681,256.2408621,255.9927328,277.2461955,271.6643969,242.4790335,228.3202886,217.1288993,215.7691249,216.9413022,224.7139612,273.0241956,304.1304986,324.8458844,334.2417023,375.2398114,366.5084817,359.7264335,326.7705338,324.2514001,332.7042409,343.5058126,319.7473795,303.4978588,307.4018822
Ecuador,2.345778777,2.345016177,43.80115899,115.1368033,97.08412184,88.56501806,103.5178944,102.8959574,112.5742109,116.2244145,114.3061593,118.0729212,117.5731507,132.5009538,144.2266597,156.7051574,163.1248465,97.37920723,168.4356024,156.0016135,160.0362482,167.9302334,180.0693903,192.7417443,206.1671117,214.4358741,235.9389473,223.9450478,204.1960701,192.52617,183.6210261,190.5795348,177.5617481,191.2972205,212.3293967,227.7317692,223.9889906,224.0909171,233.6938927,245.8557768,268.7931786,275.5000278,278.862047,291.5304078,307.6724508,300.1391752,304.2679031,293.4576115,285.0513717,291.2201925,263.1534464,258.6172326,262.121689
Falkland Islands (Malvinas),3.54623E-05,3.54325E-05,3.44336E-05,4.39685E-05,3.46672E-05,2.53646E-05,2.75631E-05,4.22694E-05,2.7782E-05,2.64686E-05,3.14848E-05,2.45977E-05,2.76058E-05,2.3404E-05,1.90848E-05,6.16102E-06,1.85375E-06,2.341E-06,3.87126E-06,5.54946E-06,3.34512E-06,3.17372E-06,2.22324E-05,2.62814E-05,2.94458E-05,5.2414E-05,4.00699E-05,6.82698E-05,3.26543E-05,4.0941E-05,4.79329E-05,4.65021E-05,5.11913E-05,5.59831E-05,5.92788E-05,6.08777E-05,7.57238E-05,7.58384E-05,7.89143E-05,8.48803E-05,8.71837E-05,6.08921E-05,1.15053E-05,,,,,,,,,,
French Guiana,0.001108196,0.001107264,0.00107605,0.001374016,0.001083351,0.000792643,0.000861346,0.001320919,0.000868188,0.000827145,0.000983899,0.000676438,0.000931695,0.00081914,0.000524831,0.000135542,6.17725E-05,8.72701E-05,9.35592E-05,0.000105581,0.000152102,0.00015803,0.000905794,0.001409618,0.001579343,0.001641492,0.002039021,0.001933409,0.001687977,0.002116196,0.000948044,0.000923651,0.000805769,0.001010229,0.00096835,0.000968711,0.00092168,0.001039665,0.001090182,0.00149033,0.001511617,0.001665156,0.001355025,0.001480151,0.001574759,0.001574759,0.001736508,0.001715145,0.001715145,0.001715145,0.001709041,0.001721248,0.001718196
Guyana,,,,,,,,,,,,,,,,,,,,,,,,,,,,,,,,,,,,,,,,,,,,,,,,,,0.179481677,11.05843467,17.05333674,17.05333674
Peru,48.40776023,48.40495048,50.1702663,54.02411917,58.64791838,56.74079582,60.42552279,71.10121138,111.3427724,136.4252293,140.4468352,140.277371,142.4187898,123.8927639,134.6619296,139.0637665,131.1331862,120.9244544,105.0919553,96.55677199,95.54587151,99.15572603,85.50662485,75.67268238,75.05032795,85.27709883,88.26678807,82.82164816,82.49917526,74.32999864,70.63853028,64.43948015,63.16949829,71.08109304,65.0957741,70.69309193,66.02926839,72.27164,81.51829103,90.90733709,143.5250185,203.823775,207.0744611,214.9727265,224.9310861,214.0191602,229.9570554,208.4713951,205.1492608,215.9750509,193.0453276,189.5525808,226.3380056
Paraguay,0.047260827,0.047260827,0.052020734,0.055774486,0.04402565,0.054977708,0.053545592,0.067689803,0.084655357,0.07998812,0.074036453,0.069511875,0.058580279,0.056900862,0.040846038,0.052870989,0.057547283,0.066391263,0.079841247,0.07677618,0.084956077,0.074401831,0.079201205,0.067121393,0.068556301,0.054259541,0.041505959,0.037603928,0.034302082,0.030131715,0.027041285,0.026262724,0.025232559,0.022014996,0.017228371,0.008661941,,,,,,,,,,,,,,,,,
Suriname,1.434612185,1.434606967,1.510527041,1.849770532,1.558300959,1.497921821,1.273087532,1.934891079,1.363123537,1.28379724,1.465024859,1.208938964,1.318880039,1.263759576,0.800674832,0.394759006,0.649774089,0.821617504,1.208646013,1.594146938,0.914385861,0.782911155,2.149132256,1.694969554,2.373157141,2.913534574,3.403551101,2.808951012,3.388451983,4.765622672,3.255299892,3.402146504,3.343871893,3.280308448,3.219625545,3.309239889,3.729702849,4.292309722,4.863330395,4.889234406,4.868015972,4.936283876,4.801657721,4.840921552,4.959292342,5.011082194,4.877480542,4.89400262,4.936098871,4.974577493,4.932456798,4.704433699,4.674327534
Uruguay,0.458704878,0.458702608,0.444022667,0.450644545,0.455106565,0.489744746,0.478291862,0.472913113,0.498036529,0.482847644,0.482820079,0.456900448,0.43965761,0.341301193,0.335373673,0.295472786,0.287598435,0.339946704,0.322209065,0.3166324,0.330746644,0.351555217,0.349425182,0.112237782,0.001467925,0.362631428,0.451136353,0.419689367,0.579596459,0.560411143,0.722796546,0.701776105,0.691523586,0.867984774,1.111106586,1.225491861,1.160958603,1.089627025,1.249973575,1.19482459,1.158777898,1.010616531,1.170893775,1.209043645,1.178015514,1.163552693,1.227659447,0.812272974,1.239416229,1.213052385,1.172939872,1.175214802,1.177101276
Venezuela,689.6155783,690.1732118,641.1847763,690.517835,632.0996578,521.5225828,523.059704,527.509211,515.6440631,568.0546991,544.6851224,533.2288613,512.2816009,497.5568007,521.3509029,499.1669549,520.1863513,521.8394914,532.9221965,552.0866187,623.7348181,661.2511993,664.0386856,687.2216656,716.2210358,892.6804929,958.7309946,1032.828007,1097.618092,1027.443318,1102.918164,1053.857354,976.2138433,954.7167059,994.9336965,960.5812476,949.9166069,996.746325,1066.012116,998.0186021,1019.800056,1033.212395,1045.15936,1036.027245,1011.333691,981.3825963,935.593843,849.6849803,678.4705792,509.7643986,339.0877488,371.4210008,391.2511785
Armenia,0.412033032,0.438799022,0.470505072,0.511809694,0.546793489,0.558893908,0.55302827,0.51780258,0.455072713,0.402124097,0.350177153,0.31311105,0.304091957,0.316809099,0.329040584,0.333274669,0.336463023,0.329911806,1.992462833,2.294812683,2.26926601,2.223391667,2.176301873,2.12308134,2.338037878,2.155472503,2.409446953,2.534770541,2.50927058,2.626176972,2.490227726,2.378446492,2.429195796,2.550677687,2.661364577,2.89446774,2.934467494,2.976046001,3.0173115,3.059528812,3.098743239,3.139813137,3.180887507,3.191689059,3.203620285,3.216796431,3.226815063,3.237554921,3.249067923,3.261409727,3.274639997,3.288822693,3.304026378
Azerbaijan,57.73525069,57.79104204,60.82139448,65.05904623,70.79747188,77.10279439,83.80816917,89.27008276,94.9810704,101.1357024,106.9680127,111.4432815,117.0113072,122.4129766,129.6906094,136.8807788,144.7506656,151.7536904,158.2586231,161.0725785,161.1072733,143.4203713,131.7506894,115.8762625,108.4279145,109.4364252,104.844525,100.2123048,100.8879676,125.6361865,123.0251533,122.6369391,110.2752207,111.1091209,110.0151921,139.1729392,160.1278691,307.0201604,384.821073,329.2972683,337.2775175,320.5725924,334.8300084,342.6243326,351.4175094,349.6303633,340.583305,328.1183094,341.0838986,403.9901528,421.1278687,496.7648206,520.0552744
Georgia,1.763827241,1.795820349,1.914537859,2.058309796,2.207997606,2.324231749,2.416061389,2.459983288,2.480104637,2.471224146,2.484755538,2.471793991,2.493886969,2.541983122,2.584630491,2.604526242,2.675984139,2.732254308,4.804544718,4.81953251,4.820326111,4.730472416,3.864270084,3.447473519,2.786835876,2.684242983,2.763482948,2.588965903,2.466973601,2.386587709,3.188427301,2.839000496,2.514871983,2.950054694,2.76552405,2.956019021,2.788581159,2.753271604,2.70873589,2.629054005,2.615441831,2.598493495,2.594988301,2.594154601,2.625366304,2.637804346,2.564504189,2.549990534,2.903878114,2.928767575,2.899458689,3.001275346,3.089587549
Russian Federation,2104.052548,2126.326038,2252.764465,2429.547144,2641.646834,2874.569473,3116.072005,3325.581302,3554.700175,3803.162245,4061.290548,4240.205159,4446.712343,4642.982692,4868.020503,5090.779463,5350.442259,5579.444126,5849.074045,5975.578164,5950.185553,5886.696275,5595.503385,5311.626081,5083.769637,4997.894061,4964.738027,4849.220544,4901.539716,4920.169988,4987.889914,5096.844025,5330.90375,5587.909749,5810.901197,5924.786741,6028.432285,6146.649111,6165.349432,5997.320978,6436.361544,6598.793582,6621.66916,6701.312166,6594.263809,6584.338246,6742.029326,6999.205728,7206.895206,7439.589624,7153.953137,7485.620646,7201.618222
Brunei Darussalam,32.66516803,32.69135063,46.20079335,78.34968083,100.9926608,117.041118,152.3197695,165.3553396,159.3789393,168.0389424,190.6854813,158.1929924,158.2095569,162.6246084,154.3742404,150.9587169,148.3670956,149.5984694,146.950481,148.1391156,154.8993939,154.7103301,149.9474949,158.3727347,162.7898492,170.5984453,170.5791989,173.2545999,173.5058691,186.8180751,200.6311224,216.3338106,199.7191366,212.197377,198.9907822,194.5018658,229.1763217,221.675221,272.3807341,227.2816111,211.698618,223.4674996,217.5545846,203.8708851,195.8902784,191.2275219,181.5442751,191.3145934,201.0395493,183.4875957,177.1064116,165.2621314,161.9565851
Cambodia,9.91083E-06,9.91083E-06,9.91106E-07,1.18932E-06,7.92847E-07,1.18932E-06,7.92847E-07,9.91106E-07,1.18932E-06,1.18932E-06,,,,,,,,,,,,,,,,,,,,,,,,,,,,,,,,,,,,,,,,,,,
Lao People's Democratic Republic,1.56487E-05,1.56487E-05,1.5649E-06,1.87787E-06,1.25186E-06,1.87787E-06,1.25186E-06,1.5649E-06,1.87787E-06,1.87787E-06,,,,,,,,,,,,,,,,,,,,,,,,,,,,,,,,,,,,,,,,,,,
Myanmar,7.054369374,7.059199174,8.153098004,8.176927161,7.713465796,9.069905568,11.35437813,12.3893979,12.95442626,13.50480781,15.27613757,15.38841168,16.84576451,17.31012144,20.37031054,22.75441137,22.76079537,20.43137344,19.05040874,19.0644143,16.68637237,15.98864217,15.65947982,17.93949321,21.27243068,22.08990905,23.30589114,25.55466006,39.78959613,64.79917487,87.16063764,88.56862603,94.42425559,112.3080197,142.7327118,166.0387847,171.9155603,185.3161639,171.4046312,161.1122077,167.1122712,172.5975106,168.6299766,172.9743006,207.0315486,234.0919336,252.5994803,251.6323374,231.9407322,236.5509753,229.4006571,222.3059699,216.2646476
Malaysia,39.93493739,39.95164612,53.01743817,52.02718428,48.56152475,59.70441283,97.42173109,107.8955275,153.5304036,196.3539628,187.7881582,172.9612415,203.2763255,287.4057692,371.3804574,385.3928096,468.326425,480.3770596,510.6644665,552.0928284,568.3659101,625.4222035,641.2153883,662.2007945,679.9584752,690.4889536,843.859771,979.2816825,870.0667181,882.8033622,978.6551562,966.9815723,991.9875303,1118.537994,1212.764418,1281.009275,1293.151384,1272.651869,1335.506219,1259.470796,1145.198748,1131.111884,1123.236391,1206.946198,1228.036143,1243.909872,1253.274631,1231.368581,1267.871577,1279.184832,1174.959029,1211.378891,1256.837649
Philippines,2.324268625,2.324268625,2.277036292,2.354749009,2.085383129,2.32329271,2.48150895,2.457815884,2.467902957,21.93003453,11.16069326,4.005218793,7.50121347,10.37814619,9.260020447,7.094394894,6.895956365,5.788852893,6.146513242,5.633169481,5.604666963,4.447971341,7.945402397,8.461268627,6.61367091,6.088163505,5.824545498,5.690835851,5.900985306,5.924460993,5.687212146,9.016711947,41.74854107,47.34305972,38.51122947,48.27906333,45.56499446,53.45450386,55.329569,67.59433652,63.75110726,64.89135102,59.7469077,55.60155708,59.84320919,56.00068389,62.161758,60.39430587,65.99754256,64.54337937,57.76327342,50.13613463,47.87717334
Singapore,5.099454569,5.110530498,6.252974476,6.908864994,7.244656256,6.280948782,7.100876642,8.245555098,8.384435642,8.513650318,9.557808304,11.13375612,11.22871206,11.16992567,10.29570704,9.061354614,9.82941551,10.03387428,9.77730061,10.02353616,11.96258358,13.25533981,14.09261514,15.60087892,16.51243592,15.47044223,16.53820743,16.54188375,15.58970356,13.54821245,12.84301209,12.6220774,12.60952213,14.24290287,16.5921303,17.460539,17.08647196,17.2892648,17.29232962,14.3546117,15.84683376,16.66226186,16.80772958,15.6372822,14.51171498,15.10538181,15.47799631,16.49321269,16.33435372,15.45357099,13.68868441,13.40638433,13.13494465
Thailand,1.538218318,1.538218318,1.852925396,2.094993644,1.87958054,1.963433311,2.126529912,2.306883323,2.316420189,2.459437192,2.237207346,5.962134576,19.52246994,24.95592718,37.32347209,58.2112761,57.28987051,73.10164944,86.67344506,89.55369524,97.19338778,132.3631336,133.0021619,143.8907834,159.9658757,175.9048683,203.4311296,239.3979363,253.1094574,278.8346882,294.5551839,289.2422724,303.9527989,331.0200747,352.42157,370.8930962,374.5548581,393.3896517,433.5816339,418.2952694,466.7648243,426.0781382,495.1444476,527.170255,534.2582599,491.7688124,486.554916,460.4647023,447.4197098,462.9902345,419.2058146,416.4893589,345.1359089
Timor-Leste,,,,,,,,,,,,,,,,,,,,,,,,,,,,,,,,,,,11.47824916,21.40883824,76.81627426,89.75666898,104.3039034,87.4220505,83.82920799,92.84368712,94.30980191,88.77620751,59.25339473,59.25210801,47.37166047,40.90108932,41.21179019,34.75117157,28.35452969,27.63289064,23.69743577
Viet Nam,,,,,,,,,,0.0015252,0.0040672,0.141893284,0.277814507,0.889888318,0.779922344,0.509584835,0.511853024,0.504045287,19.41178948,40.79914698,64.45228415,102.7087125,136.5826047,154.5163741,169.7111774,198.5200925,186.6005757,152.9690279,172.6071504,257.3213171,217.5657171,216.4495194,194.1416532,224.1963978,261.5185003,265.5837626,248.0247177,250.226196,245.5447961,265.3806581,268.2227466,257.2752704,284.784456,288.6985182,303.7114143,281.2710482,281.3991467,255.3263443,241.9429731,237.8478776,201.0953776,175.7280206,181.5715634
Angola,99.2909972,99.294556,122.581912,141.5615392,148.3356614,135.3058137,131.3118279,122.8509454,112.643815,125.2546229,129.2965282,112.2402316,106.3165608,152.7595217,178.8344791,198.9586438,242.5568797,309.335976,388.035715,390.5324421,412.2269615,382.856033,326.0327064,451.0289457,839.9660417,1030.921954,1280.759593,1338.846597,1459.722529,1452.32413,1328.933949,1251.395724,1222.616283,1176.827581,1220.859014,1230.290861,1093.824707,1032.037443,1082.374171,1037.356806,1196.074269,1101.018878,1127.872856,1135.801167,1102.834707,1172.942196,1128.779635,1092.15891,1005.522416,943.0130974,890.7231142,777.5108751,707.3487383
Lesotho,6.18892E-05,6.18892E-05,7.00032E-05,5.15478E-05,6.21278E-05,5.6798E-05,5.68776E-05,1.28074E-05,5.58434E-05,6.61053E-05,8.65494E-05,6.91654E-05,4.12015E-05,5.10282E-05,4.22995E-05,4.40018E-05,0.000101438,0.000139275,8.89182E-05,0.000107985,4.90987E-05,6.01457E-05,3.25966E-05,3.03158E-05,3.15762E-05,3.09533E-05,2.96266E-05,2.75007E-05,5.0563E-05,4.96912E-05,6.88976E-05,5.54214E-05,7.51983E-05,7.43281E-05,9.08879E-05,9.05982E-05,9.50033E-05,6.3252E-05,6.3252E-05,4.7439E-05,4.7439E-05,4.99358E-05,4.99358E-05,4.99358E-05,3.32905E-05,4.99358E-05,4.99358E-05,5.65939E-05,5.99229E-05,5.99229E-05,6.01079E-05,6.01079E-05,6.21423E-05
Mozambique,0.221251231,0.221251231,0.205462568,0.209611187,0.131839827,0.110849314,0.099405457,0.134427463,0.164928217,0.159387775,0.192632957,0.127599826,0.137491706,0.080105444,0.034202313,,,,,,,,0.003153287,0.003153287,0.003153287,0.006832121,0.006832121,0.008137417,0.011799104,0.013240083,0.018521994,0.023347993,0.448115045,1.130622101,18.80173042,30.0455774,35.29374609,35.66445625,39.50614597,38.65830066,42.09771167,44.00457842,48.9024232,54.21455119,58.11492876,62.53520728,63.77177555,63.25411869,63.31561739,62.8432723,61.23216569,60.91653922,60.34553565
Malawi,0.000185668,0.000185668,0.00021001,0.000154643,0.000186383,0.000170394,0.000170633,3.84222E-05,0.00016753,0.000198316,0.000259648,0.000242079,0.000119484,0.000122468,9.72889E-05,0.000108004,0.000219793,0.000315348,0.000292394,0.000312817,0.000150742,0.000234579,0.000127386,0.00011453,0.0001162,0.000121337,0.000116136,0.000107803,6.01952E-05,5.66353E-05,0.007381864,0.010577461,0.036773082,0.029804526,0.029751445,0.029745933,0.029747968,0.02965095,0.029451022,0.029610203,0.048442688,0.052396323,0.055868638,0.053765816,0.044180278,0.07206404,0.086161729,5.65939E-05,5.99229E-05,5.99229E-05,6.01079E-05,6.01079E-05,6.21423E-05
Namibia,0.000618892,0.000618892,0.000700032,0.000515478,0.000621278,0.00056798,0.000568776,0.000128074,0.000558434,0.000661053,0.000865494,0.000691654,0.000412015,0.000510282,0.000422995,0.000440018,0.00101984,0.00152096,0.001574431,0.001254131,0.000578738,,,,,,,,,,0.00010879,0.00010879,,0.00010879,,,,,,0.00021758,0.00010879,,,,,,,,,,,,
Tanzania_United Republic of,0.2172361,0.2172361,0.218606469,0.212225817,0.214196073,0.194366025,0.213297748,0.178575621,0.151237728,0.157837711,0.155131032,0.146738893,0.14910857,0.14926313,0.150635577,0.154851992,0.153511494,0.164186237,0.164267242,0.154588741,0.158604853,0.160247911,0.159624614,0.160543274,0.161323275,0.165083386,0.140119659,0.12335722,0.13777661,0.129957357,,,0.1738728,0.3591846,2.009601336,5.658640985,6.883460791,7.361666334,7.568006716,8.799672774,10.27156968,11.26407826,12.77095912,12.82325588,12.00774288,12.70408974,12.18239043,11.49499942,11.04801174,13.99139685,12.6419323,13.25021236,13.46377674
South Africa,3.217197167,3.217249395,3.062342745,3.337741692,3.135421984,3.350336788,3.125865353,3.171167495,3.339021518,3.137895996,3.093256819,3.100827872,3.182518942,2.893576333,3.009946723,2.84005769,2.713967606,2.863845969,3.451923228,3.733545872,26.34973736,27.04245517,27.32828308,45.25756075,45.48972048,46.09855657,43.25852844,56.66961016,57.07914418,56.48262306,61.40157608,68.52784042,65.21664712,63.27170063,70.92326316,72.27334597,61.55455755,51.09474035,50.75948382,48.32714468,53.87444669,55.92635866,52.05306356,49.07090299,56.95056604,69.30769975,42.49544601,30.5823698,27.1053473,28.89726706,26.86199898,25.28444989,21.96205885
Zambia,,,,0.109771234,0.209632719,0.220444764,0.227592379,0.215835914,0.205840362,0.198922524,0.203674923,0.1976928,0.184072693,0.18724643,0.179108017,0.156160434,0.152846988,0.189144087,0.200778792,0.177708596,0.192935079,0.156530257,0.165604209,0.145289204,0.148143329,0.15450288,0.123556957,0.151732396,0.152103531,0.056167992,0.006762676,0.060271311,0.087998922,0.110647776,0.127459677,0.107729324,0.105336084,0.118382373,0.127722337,0.156378302,0.16665788,0.154157924,0.174682692,0.167153047,0.186010347,0.166365239,0.145507222,0.166443983,0.174120925,0.188402756,0.098074975,0.084416922,0.072710532
Turkey,14.24224821,14.24828496,14.06945816,14.63613295,13.8299362,12.9780518,10.97623014,11.06417612,11.56350263,11.83258672,9.465536128,9.547092234,10.18806145,10.74416731,9.646761708,9.767824525,15.19207078,14.47753624,12.66594674,14.22624072,17.27689183,19.66278824,19.71097574,19.3678243,19.81632763,20.44570692,21.97082592,24.05060602,28.47053203,31.5212288,31.71993746,29.19646637,31.88816421,37.11557232,41.82126534,49.107037,53.7426418,59.24077564,64.93355476,64.02620486,68.47814253,76.02113093,79.63680976,80.70321536,90.50751499,94.53710883,98.01047759,107.3721543,111.830755,118.5406751,124.3041861,131.5745008,139.8659639
Belarus,8.89150764,9.208049346,9.892056876,10.62581115,11.38641693,11.88989157,12.46389797,12.93968469,13.61814887,13.93118524,14.39228356,14.57446952,14.77814826,14.93187056,14.98257552,15.01243089,15.27804257,15.73291106,17.24861976,18.23417388,19.41013284,19.62760789,16.72411796,14.65970227,14.23385563,13.89570553,13.4438372,13.41159341,13.63520802,13.87294881,14.52111756,15.62953502,16.025278,16.23848551,16.89188286,17.11505075,17.36991237,17.12749218,17.16182087,17.26675394,15.7420102,17.04412946,17.29144135,17.31445845,17.46061268,17.8293622,16.55098328,16.37451278,16.51795376,16.21007643,15.77152848,15.44620715,15.11401922
"Moldova, Republic of",0.166696115,0.178317769,0.191903183,0.208573486,0.222782879,0.226646249,0.22189835,0.204423836,0.17286084,0.14352367,0.114833439,0.093524267,0.084234255,0.086291821,0.08872648,0.088143103,0.086121247,0.079894304,0.837762866,1.602679052,2.280325956,2.846597209,2.861075348,2.873349736,2.865438066,2.865250654,2.848428091,2.836078849,2.81636996,2.81279702,2.784216812,2.639961348,2.604244064,2.687864763,2.729139989,2.72170191,2.718891616,2.732088079,2.753626734,2.761617326,2.747579046,2.753841654,2.751744743,2.750960459,2.745642106,2.743101395,2.743845963,2.742999201,2.743541749,2.743462295,2.747989561,2.749214749,2.75062254
Ukraine,78.97631992,80.18956056,84.95621139,92.04485227,99.77057484,107.0758419,115.5595584,122.0372586,130.5741528,142.7258287,154.2423228,164.5380506,176.7384684,187.602664,198.5106952,208.5432803,221.4237473,232.7128536,258.9048804,285.8560531,308.4627389,319.7254228,332.2828629,350.444155,368.493291,398.1563844,424.6043165,454.5699452,474.1549591,500.3272407,529.0207973,558.7952585,583.9985333,610.6553292,633.2158065,647.5212423,653.5322107,672.4728465,686.3175948,708.344003,709.7443004,728.4222883,741.5839893,758.1151586,769.323334,783.9328479,799.1189579,815.2165766,834.974475,850.7654746,865.4272242,877.411075,891.575979
Saint Pierre and Miquelon,0.000443279,0.000442906,0.00043042,0.000549606,0.00043334,0.000317057,0.000344538,0.000528368,0.000347275,0.000330858,0.00039356,0.000307472,0.000310565,0.00029255,0.00023856,5.54491E-05,2.65484E-05,4.2605E-05,4.00293E-05,4.74567E-05,5.38096E-05,4.79333E-05,0.000311254,0.000210251,0.000240454,0.000135385,0.000170889,9.26027E-05,0.000107797,0.000135143,0.000117123,0.000102465,0.000111505,0.000126366,0.000118869,0.000126669,0.000136575,0.000141742,0.000147491,0.000158642,0.000184466,0.000133495,2.4334E-05,,,,,,,,,,
United States,8096.616537,8291.817696,8328.673786,8350.938973,8117.8831,7740.279001,7722.27542,7789.259484,7862.159638,8036.383186,8076.067777,8005.981348,7761.433469,7355.393575,7252.708312,7297.457056,7150.691916,7166.507692,7285.768935,7345.405804,6890.659503,7042.021886,7023.131381,7226.604237,7350.42007,7373.425247,7537.347374,7760.160668,7740.754665,7585.724459,7887.543107,8149.808852,8262.445667,8287.868381,8118.451853,7631.933964,8111.783069,8225.116931,8482.778902,8193.057378,8246.722206,8638.986,8488.810399,8557.429925,8528.176057,8435.824844,8131.498119,8393.405224,8883.872841,9329.781937,8851.706627,8787.801811,9076.742874
Benin,,,,,,,,,,,,7.368107096,7.847887652,0.788214815,1.300170014,2.199781799,2.289143095,1.986652694,1.453039942,1.163748668,1.197308838,1.177191325,1.33469369,1.408873056,1.380966802,0.765082466,0.547603714,0.390505068,0.299144238,,,0.000435163,0.000217582,,,0.000652736,0.000435163,0.000326368,0.000326368,0.000435163,0.000435163,0.340628,0.340628,0.340628,0.340628,0.340628,0.340628,0.340628,0.340628,0.340628,0.340628,0.340628,0.340628
Burkina Faso,0.000185668,0.000185668,0.00021001,0.000154643,0.000186383,0.000170394,0.000170633,3.84222E-05,0.00016753,0.000198316,0.000259648,0.000207496,0.000123605,0.000153085,0.000126899,0.000116005,0.000301713,0.000422489,0.000420287,0.000311499,0.000142925,0.000199778,0.000108467,0.000109876,0.000114477,0.000112219,0.000112147,0.000170104,6.60052E-05,6.08239E-05,7.66676E-05,6.88967E-05,0.000123166,0.000127998,0.000133454,0.000137127,0.000148499,6.3252E-05,6.3252E-05,4.7439E-05,4.7439E-05,4.99358E-05,4.99358E-05,4.99358E-05,3.32905E-05,4.99358E-05,4.99358E-05,5.65939E-05,5.99229E-05,5.99229E-05,6.01079E-05,6.01079E-05,6.21423E-05
Central African Republic,6.18892E-05,6.18892E-05,7.00032E-05,5.15478E-05,6.21278E-05,5.6798E-05,5.68776E-05,1.28074E-05,5.58434E-05,6.61053E-05,8.65494E-05,8.9915E-05,5.76822E-05,7.65423E-05,5.92193E-05,5.60023E-05,0.000149459,0.000187673,0.000174829,0.00014551,7.11924E-05,9.24233E-05,4.7353E-05,4.98078E-05,4.98393E-05,4.88513E-05,4.91275E-05,4.56068E-05,5.28356E-05,5.13296E-05,6.72842E-05,5.32832E-05,6.71103E-05,6.51338E-05,8.01936E-05,7.97205E-05,8.3233E-05,6.3252E-05,6.3252E-05,4.7439E-05,4.7439E-05,4.99358E-05,4.99358E-05,4.99358E-05,3.32905E-05,4.99358E-05,4.99358E-05,5.65939E-05,5.99229E-05,5.99229E-05,6.01079E-05,6.01079E-05,6.21423E-05
Cote d'Ivoire,0.220045304,0.220045304,0.297347365,0.314729609,0.372491416,0.402056343,0.449029955,0.446150905,0.440460918,0.502090446,2.434214708,13.73110882,18.07499663,43.44120143,50.4772622,52.27822033,37.99197228,34.03474299,23.02013182,4.424001443,4.304802839,4.305254137,4.087467769,2.318192796,13.62186829,16.32431405,32.97467977,37.26169117,35.15521325,40.27388505,40.87831035,39.93421179,42.97879528,41.60481303,26.0824739,31.36749612,33.34357237,38.17189707,38.99350743,41.45919155,45.02001344,42.06239433,42.89715289,43.04074177,38.72969396,44.76553184,48.69184591,56.65082908,50.0482729,53.74597011,49.60220767,51.32028009,51.85888919
Cameroon,0.0071176,0.007626,0.0081344,0.008897,0.0099138,0.0106764,0.0116932,1.636191567,21.58892327,85.63169523,152.6138766,227.8093958,284.6582039,297.6396607,356.4645475,481.1447982,460.8788183,453.547047,424.6268274,440.982094,416.9368575,396.9097549,364.6708524,329.9784439,282.6078222,298.5773773,327.8373945,306.5929788,309.4263625,307.5400807,311.1897525,309.5945516,281.8491613,278.9407903,257.0808719,253.3454097,239.9960129,240.4185216,265.8546565,272.9501287,240.3942948,226.9272399,232.3374324,252.2975649,286.9401957,354.6424708,351.1749191,290.8795425,277.5551422,296.0149866,301.9833054,279.5638921,265.2862828
Congo_the Democratic Republic of the,0.194179665,0.195196465,0.208351194,0.208855232,0.215697081,0.553435905,153.656444,140.2032054,112.16704,129.3325357,112.9449983,113.224345,130.0084803,141.3346993,180.8640113,186.556569,180.947545,180.8342605,169.5669462,158.2476521,164.0095283,158.2594447,146.757135,141.1232997,146.8487233,169.3161191,169.4955246,160.0682693,149.1134642,125.9633791,146.7421091,135.8216293,128.2783753,124.8693514,120.0554539,112.3735601,107.1399182,122.7804517,115.1970325,99.83267722,101.1376903,97.42934785,96.36633984,90.90085264,85.46061645,84.40500625,80.21541016,96.46292511,92.56691737,94.19847302,89.86119788,85.25850456,86.26675095
Congo,0.740364931,0.740364931,10.48222863,62.58279637,74.82649582,55.57228037,64.01169502,56.09698489,74.58808082,84.70414012,101.8920086,129.6530301,139.463331,138.2947277,188.9462254,187.2289346,186.0443561,192.6506575,224.6737441,255.7334845,257.3173881,251.9741624,253.2971158,255.3156846,229.1911415,286.439357,377.0633381,405.7535234,489.1035778,496.2146009,529.4536713,497.4866076,315.5646419,343.1221211,377.4004147,469.7565537,513.6250204,426.8562857,412.6073829,453.3183983,499.3301627,475.4288995,459.030625,403.6707057,422.9439643,399.9752277,393.2539017,453.2261809,548.4007119,561.3368022,515.4339873,467.8090313,482.7040483
Cape Verde,0.000129967,0.000129967,0.000147007,0.00010825,0.000130468,0.000119276,0.000119443,2.68955E-05,0.000117271,0.000138821,0.000181754,0.000145247,3.70814E-05,4.59254E-05,4.65295E-05,4.40018E-05,2.96888E-05,4.3077E-05,5.42594E-05,5.4536E-05,2.47964E-05,3.03754E-05,1.93196E-05,1.81549E-05,2.03068E-05,1.93763E-05,2.14165E-05,1.98859E-05,4.97921E-05,4.91354E-05,6.78004E-05,5.46031E-05,7.36811E-05,7.25598E-05,8.99126E-05,0.000104328,0.000114326,6.3252E-05,6.3252E-05,4.7439E-05,4.7439E-05,4.99358E-05,4.99358E-05,4.99358E-05,3.32905E-05,4.99358E-05,4.99358E-05,5.65939E-05,5.99229E-05,5.99229E-05,6.01079E-05,6.01079E-05,6.21423E-05
Gabon,196.0930374,196.0930374,211.8779747,258.3451723,344.0293847,374.6650581,374.3017448,368.6232447,345.3974441,318.8199235,290.7696329,251.6092227,260.2313739,261.6760011,262.9693551,286.1399781,276.3023995,258.0097067,265.0879999,345.8942453,449.0226666,462.9830089,499.7279829,501.9361092,507.0636609,568.5977955,637.7428925,587.0309909,686.716477,648.0399672,658.7168779,675.7386245,652.2254721,722.947644,668.0692121,617.5877423,517.1898252,430.6002275,466.2182501,448.11368,447.7531521,445.5583052,440.6613852,419.8574512,420.458124,440.6631503,435.5389854,402.1814824,364.0091846,416.4588748,398.3710089,364.1017268,349.8167555
Ghana,0.236764142,0.236764142,0.273810018,0.271019512,0.307053475,0.346791278,0.331278261,0.364210661,0.330480625,5.411806329,0.305320098,0.30937042,0.285403846,0.132319433,0.205369608,0.264386684,0.241986483,0.207263086,0.253857932,0.256958027,0.213058169,0.260752807,0.254231287,0.201468136,0.285970467,0.241525851,0.262281809,0.009027557,0.208888359,0.365831508,0.305744728,0.341778423,1.683084483,1.422916369,7.369817507,3.340371106,9.493579425,8.190657703,33.47347372,14.00911718,7.995388794,67.02904341,69.38068368,87.9734726,89.21955861,97.67866429,83.55779269,151.8589721,159.3341947,191.3405594,191.4737042,171.9537337,189.6370013
Guinea,0.000346579,0.000346579,0.000392018,0.000288668,0.000347916,0.000318069,0.000318514,7.17214E-05,0.000312723,0.000370189,0.000484677,0.00038041,0.000230729,0.000290861,0.000241107,0.000212009,0.000577191,0.000847635,0.000798461,0.000640014,0.000395755,0.000372404,0.000209479,0.000207424,0.000199561,0.000193149,0.00018487,0.000173805,6.82654E-05,6.24534E-05,8.46701E-05,7.89228E-05,0.00015864,0.762760252,0.76277703,0.762780427,1.271205203,1.271063252,1.271063252,2.127701439,2.127701439,2.127703936,2.127703936,2.127703936,2.127687291,2.127703936,2.127703936,2.127710594,2.127713923,2.127713923,2.127714108,2.127714108,2.127716142
Gambia,6.80781E-05,6.80781E-05,7.70035E-05,5.67026E-05,6.83406E-05,6.24778E-05,6.25653E-05,1.40881E-05,6.14278E-05,7.27158E-05,9.52043E-05,7.60819E-05,4.53217E-05,5.6131E-05,5.07594E-05,4.8002E-05,9.53647E-05,0.000159126,0.000148243,0.000123377,5.6352E-05,6.87182E-05,3.73152E-05,3.7715E-05,4.13393E-05,3.75956E-05,3.5983E-05,3.34022E-05,5.16518E-05,5.04761E-05,6.75409E-05,5.39701E-05,6.97714E-05,6.90968E-05,8.54262E-05,8.54613E-05,9.14139E-05,6.3252E-05,6.3252E-05,4.7439E-05,4.7439E-05,4.99358E-05,4.99358E-05,4.99358E-05,3.32905E-05,4.99358E-05,4.99358E-05,5.65939E-05,5.99229E-05,5.99229E-05,6.01079E-05,6.01079E-05,6.21423E-05
Guinea-Bissau,3.71335E-05,3.71335E-05,4.20019E-05,3.09287E-05,3.72767E-05,3.40788E-05,3.41265E-05,7.68444E-06,3.35061E-05,3.96632E-05,5.19296E-05,4.14992E-05,2.47209E-05,3.06169E-05,3.38396E-05,3.60015E-05,6.80593E-05,0.000156358,0.000168132,0.000141931,7.795E-05,9.54884E-05,5.46822E-05,5.669E-05,5.38508E-05,5.27885E-05,4.81536E-05,4.69004E-05,5.29887E-05,5.14399E-05,6.64795E-05,5.20506E-05,6.34769E-05,6.55623E-05,8.15366E-05,8.16813E-05,8.53723E-05,6.3252E-05,6.3252E-05,4.7439E-05,4.7439E-05,4.99358E-05,4.99358E-05,4.99358E-05,3.32905E-05,4.99358E-05,4.99358E-05,5.65939E-05,5.99229E-05,5.99229E-05,6.01079E-05,6.01079E-05,6.21423E-05
Equatorial Guinea,,,,,,,,,,,,,,,,,,,,,,,,,49.26523056,59.77131014,127.239119,190.3287125,239.982457,263.8317537,315.0046917,338.366166,262.8759332,290.5818414,357.436028,338.5466151,386.5001329,418.9822929,430.2521978,378.8154551,392.5747941,380.2388274,397.1468897,371.5726708,372.3865385,378.6200309,342.0822881,312.5054989,247.8994913,214.7208852,212.887638,212.5907413,186.6777862
Liberia,0.000804559,0.000804559,0.000910041,0.000670121,0.000807662,0.000738374,0.000739408,0.000166496,0.000725965,0.000859368,0.001125142,0.000829985,0.000494419,0.000612338,0.000465295,0.000440018,0.000717156,0.000731963,0.000888429,0.000601962,0.000163059,0.000114524,6.50146E-05,6.73271E-05,6.39551E-05,6.26936E-05,6.23743E-05,5.79007E-05,5.45507E-05,5.2566E-05,6.95382E-05,5.68797E-05,7.91779E-05,8.11677E-05,9.89975E-05,0.000104805,0.000113361,6.3252E-05,6.3252E-05,4.7439E-05,4.7439E-05,4.99358E-05,4.99358E-05,4.99358E-05,3.32905E-05,4.99358E-05,4.99358E-05,5.65939E-05,5.99229E-05,5.99229E-05,6.01079E-05,6.01079E-05,6.21423E-05
Mali,0.000185668,0.000185668,0.00021001,0.000154643,0.000186383,0.000170394,0.000170633,3.84222E-05,0.00016753,0.000198316,0.000259648,0.000276662,0.000123605,0.000153085,0.000126899,0.000132005,0.000218817,0.000350062,0.000180848,0.000301776,0.000137466,0.000168418,9.69352E-05,9.10639E-05,8.6503E-05,8.47967E-05,8.59007E-05,7.97385E-05,5.71347E-05,5.44289E-05,7.57349E-05,6.5171E-05,0.000108683,0.000107301,0.000123603,0.000124848,0.000148288,6.3252E-05,6.3252E-05,4.7439E-05,4.7439E-05,4.99358E-05,4.99358E-05,4.99358E-05,3.32905E-05,4.99358E-05,4.99358E-05,5.65939E-05,5.99229E-05,5.99229E-05,6.01079E-05,6.01079E-05,6.21423E-05
Mauritania,0.000259935,0.000259935,0.000294013,0.000216501,0.000260937,0.000238552,0.000238886,5.37911E-05,0.000234542,0.000277642,0.000363507,0.000276662,0.000164806,0.000204113,0.000253797,0.00024001,0.000301214,0.000569898,0.259043271,0.172067028,0.078786979,0.099755313,0.000622775,0.000598338,0.000568371,0.000564588,0.000545129,0.000508214,0.000107836,9.09808E-05,7.96413E-05,7.1345E-05,0.000135547,0.000135714,0.000156201,0.000158421,8.811964832,4.296340123,3.628955533,3.306161072,2.432349199,2.277034198,2.014362256,1.990687403,1.452011134,1.658060703,1.524740879,5.65939E-05,5.99229E-05,5.99229E-05,6.01079E-05,6.01079E-05,6.21423E-05
Niger,,,,,,,,,,,,,,,,,,,,,,,,,,,,,,,,,,,,,,,,,,1.411797002,5.065225568,6.98915718,6.723577536,5.908904756,6.548557122,7.242422961,7.016922403,7.644525792,7.276131839,6.635161256,6.562622334
Nigeria,3797.457198,3797.473212,4520.824631,5101.008031,5595.469435,4430.554815,5155.857229,5211.705828,4712.430918,5727.170613,5134.152327,3595.940803,3255.383787,3128.024897,3493.790767,3766.750512,3692.095498,3384.040331,3658.697057,4328.212161,4553.42165,4771.190406,5274.072142,5430.985244,6380.201264,7108.524718,8504.394527,7672.588053,6848.201302,6402.857088,7257.219467,7203.210867,5689.695044,6527.298757,6267.723743,5918.225216,5293.315361,4759.897359,4557.376487,4273.093914,4478.364728,4686.465135,4672.046801,4228.617797,4289.334709,4179.362331,3665.558837,3750.076232,3841.26792,4016.27775,3225.692423,2881.883366,2725.140921
Senegal,0.150530455,0.150530455,0.172704816,0.179658261,0.169923416,0.180466024,0.185018102,0.206762049,0.201949973,0.21596514,0.20114975,0.177041786,0.129858578,0.077599539,0.094962538,0.059418932,0.147197609,0.192049836,0.361880557,0.322111879,0.317736297,0.269356228,0.282917507,0.417215955,0.414252391,0.956734844,0.891092464,0.650147611,0.610642143,0.405339701,0.306283039,0.292362386,0.345707352,0.541540289,0.604729673,0.564478539,0.363537947,0.45235621,0.491047738,0.535044493,0.58439382,0.810291501,0.829754573,0.883182503,0.766470197,0.716970314,0.715064339,0.732186932,0.544619337,0.558124446,0.53283561,0.509436812,0.477338779
Saint Helena,,,,,,,,,,,,4.81611E-06,4.15315E-06,4.53589E-06,2.02068E-06,2.32864E-06,2.72057E-06,1.06139E-05,8.72796E-06,6.35808E-06,4.50099E-06,1.18708E-05,4.63037E-05,0.000131208,0.000121876,0.000161545,0.000352568,0.00098318,0.001201792,0.001407037,0.005191258,0.005077357,0.006315809,0.007804477,0.015139492,0.016619247,0.0157572,0.019177791,0.025083595,0.02455702,0.024629372,0.024610303,0.024113538,0.029422941,0.029372797,0.029604936,0.030600048,0.031595161,0.033091486,0.033825195,0.034715674,0.035737822,0.036790452
Sierra Leone,0.000309446,0.000309446,0.000350016,0.000257739,0.000310639,0.00028399,0.000284388,6.4037E-05,0.000279217,0.000330526,0.000432747,0.000345827,0.000222488,0.000255141,0.000211498,0.000220009,0.000510508,0.000761331,0.000788079,0.000627805,0.000289706,0.000375756,0.000147357,0.000138434,0.098612799,0.096914394,0.093370133,0.090213635,0.011434927,0.00814776,0.000252137,0.000321225,0.000237847,0.000677699,0.000247508,0.000540597,0.004406771,0.003761714,0.004912234,4.7439E-05,4.7439E-05,4.99358E-05,4.99358E-05,4.99358E-05,3.32905E-05,4.99358E-05,4.99358E-05,5.65939E-05,5.99229E-05,5.99229E-05,6.01079E-05,6.01079E-05,6.21423E-05
Sao Tome and Principe,1.23778E-05,1.23778E-05,1.40006E-05,1.03096E-05,1.24256E-05,1.13596E-05,1.13755E-05,2.56148E-06,1.11687E-05,1.32211E-05,1.73099E-05,1.38331E-05,8.24031E-06,1.02056E-05,8.4599E-06,8.00033E-06,1.94446E-05,2.66977E-05,2.4867E-05,2.06997E-05,1.79226E-05,2.3226E-05,1.26092E-05,1.18484E-05,1.37811E-05,1.35093E-05,1.29274E-05,1.20024E-05,4.88592E-05,4.84629E-05,6.41376E-05,4.86658E-05,5.21074E-05,5.24781E-05,6.88978E-05,6.92778E-05,7.05954E-05,6.3252E-05,6.3252E-05,4.7439E-05,4.7439E-05,4.99358E-05,4.99358E-05,4.99358E-05,3.32905E-05,4.99358E-05,4.99358E-05,5.65939E-05,5.99229E-05,5.99229E-05,6.01079E-05,6.01079E-05,6.21423E-05
Chad,0.000123778,0.000123778,0.000140006,0.000103096,0.000124256,0.000113596,0.000113755,2.56148E-05,0.000111687,0.000132211,0.000173099,0.000131414,7.82829E-05,9.69536E-05,3.80696E-05,4.40018E-05,0.000167043,0.000205209,0.000113895,0.000104246,9.95301E-05,0.000119896,6.51083E-05,2.92521E-05,3.03131E-05,2.97152E-05,2.84415E-05,2.86008E-05,5.08233E-05,4.98788E-05,6.67035E-05,5.20884E-05,6.30708E-05,9.464221122,51.49942191,52.77607401,47.28901383,42.99797323,37.40795497,36.57013615,37.6923846,35.2016941,33.27423328,30.66468551,30.43095882,40.41726027,37.37315233,33.85456556,37.66227407,37.22203932,33.59779155,33.56357471,32.79152058
Togo,,,,,,,,,0.046092085,0.048681147,0.057672557,,,,,,,,,,,,,,,,,,,,,,,,,,,,,,,,,0.157604,0.157604,0.157604,0.157604,0.157604,0.157604,0.157604,0.157604,0.157604,0.157604